Breakpoint 1 at 0x12d3db5: file src/mem/port_proxy.hh, line 192.
Type commands for breakpoint(s) 1, one per line.
End with a line saying just "end".
Note: breakpoint 1 also set at pc 0x12d3db5.
Breakpoint 2 at 0x12d3db5: file src/mem/port_proxy.hh, line 192.
Starting program: /home/kaiii/NVM_Simulation/simulator/gem5/build/ARM/gem5.debug hello-world.py
[Thread debugging using libthread_db enabled]
Using host libthread_db library "/lib/x86_64-linux-gnu/libthread_db.so.1".
[Detaching after vfork from child process 390824]
[Detaching after vfork from child process 390828]

Breakpoint 1, gem5::PortProxy::writeBlob (this=0x55555bc1b8b0, addr=65536, p=0x7fffb3d0d000, size=958940) at src/mem/port_proxy.hh:192
192	    writeBlob(Addr addr, const void *p, int size) const
>>> writeBlob call: this=0x55555bc1b8b0, addr=0x10000, p=0x7fffb3d0d000, size=958940
Error in testing breakpoint condition:
No frame is currently executing in block gem5::PortProxy::writeBlob(unsigned long, void const*, int) const.

Breakpoint 1, gem5::PortProxy::writeBlob (this=0x55555bc1b8b0, addr=1092088, p=0x7fffb3df79f8, size=29420) at src/mem/port_proxy.hh:192
192	    writeBlob(Addr addr, const void *p, int size) const
>>> writeBlob call: this=0x55555bc1b8b0, addr=0x10a9f8, p=0x7fffb3df79f8, size=29420
Error in testing breakpoint condition:
No frame is currently executing in block gem5::PortProxy::writeBlob(unsigned long, void const*, int) const.

Breakpoint 1, gem5::PortProxy::writeBlob (this=0x55555bc1b8b0, addr=3204448252, p=0x7fffffffc4c8, size=4) at src/mem/port_proxy.hh:192
192	    writeBlob(Addr addr, const void *p, int size) const
>>> writeBlob call: this=0x55555bc1b8b0, addr=0xbefffffc, p=0x7fffffffc4c8, size=4
Error in testing breakpoint condition:
No frame is currently executing in block gem5::PortProxy::writeBlob(unsigned long, void const*, int) const.

Breakpoint 1, gem5::PortProxy::writeBlob (this=0x55555bc1b8b0, addr=3204447968, p=0x7fffffffc448, size=8) at src/mem/port_proxy.hh:192
192	    writeBlob(Addr addr, const void *p, int size) const
>>> writeBlob call: this=0x55555bc1b8b0, addr=0xbefffee0, p=0x7fffffffc448, size=8
Error in testing breakpoint condition:
No frame is currently executing in block gem5::PortProxy::writeBlob(unsigned long, void const*, int) const.

Breakpoint 1, gem5::PortProxy::writeBlob (this=0x55555bc1b8b0, addr=3204447976, p=0x7fffffffc448, size=8) at src/mem/port_proxy.hh:192
192	    writeBlob(Addr addr, const void *p, int size) const
>>> writeBlob call: this=0x55555bc1b8b0, addr=0xbefffee8, p=0x7fffffffc448, size=8
Error in testing breakpoint condition:
No frame is currently executing in block gem5::PortProxy::writeBlob(unsigned long, void const*, int) const.

Breakpoint 1, gem5::PortProxy::writeBlob (this=0x55555bc1b8b0, addr=3204447984, p=0x7fffffffc448, size=8) at src/mem/port_proxy.hh:192
192	    writeBlob(Addr addr, const void *p, int size) const
>>> writeBlob call: this=0x55555bc1b8b0, addr=0xbefffef0, p=0x7fffffffc448, size=8
Error in testing breakpoint condition:
No frame is currently executing in block gem5::PortProxy::writeBlob(unsigned long, void const*, int) const.

Breakpoint 1, gem5::PortProxy::writeBlob (this=0x55555bc1b8b0, addr=3204447992, p=0x7fffffffc448, size=8) at src/mem/port_proxy.hh:192
192	    writeBlob(Addr addr, const void *p, int size) const
>>> writeBlob call: this=0x55555bc1b8b0, addr=0xbefffef8, p=0x7fffffffc448, size=8
Error in testing breakpoint condition:
No frame is currently executing in block gem5::PortProxy::writeBlob(unsigned long, void const*, int) const.

Breakpoint 1, gem5::PortProxy::writeBlob (this=0x55555bc1b8b0, addr=3204448000, p=0x7fffffffc448, size=8) at src/mem/port_proxy.hh:192
192	    writeBlob(Addr addr, const void *p, int size) const
>>> writeBlob call: this=0x55555bc1b8b0, addr=0xbeffff00, p=0x7fffffffc448, size=8
Error in testing breakpoint condition:
No frame is currently executing in block gem5::PortProxy::writeBlob(unsigned long, void const*, int) const.

Breakpoint 1, gem5::PortProxy::writeBlob (this=0x55555bc1b8b0, addr=3204448008, p=0x7fffffffc448, size=8) at src/mem/port_proxy.hh:192
192	    writeBlob(Addr addr, const void *p, int size) const
>>> writeBlob call: this=0x55555bc1b8b0, addr=0xbeffff08, p=0x7fffffffc448, size=8
Error in testing breakpoint condition:
No frame is currently executing in block gem5::PortProxy::writeBlob(unsigned long, void const*, int) const.

Breakpoint 1, gem5::PortProxy::writeBlob (this=0x55555bc1b8b0, addr=3204448016, p=0x7fffffffc448, size=8) at src/mem/port_proxy.hh:192
192	    writeBlob(Addr addr, const void *p, int size) const
>>> writeBlob call: this=0x55555bc1b8b0, addr=0xbeffff10, p=0x7fffffffc448, size=8
Error in testing breakpoint condition:
No frame is currently executing in block gem5::PortProxy::writeBlob(unsigned long, void const*, int) const.

Breakpoint 1, gem5::PortProxy::writeBlob (this=0x55555bc1b8b0, addr=3204448024, p=0x7fffffffc448, size=8) at src/mem/port_proxy.hh:192
192	    writeBlob(Addr addr, const void *p, int size) const
>>> writeBlob call: this=0x55555bc1b8b0, addr=0xbeffff18, p=0x7fffffffc448, size=8
Error in testing breakpoint condition:
No frame is currently executing in block gem5::PortProxy::writeBlob(unsigned long, void const*, int) const.

Breakpoint 1, gem5::PortProxy::writeBlob (this=0x55555bc1b8b0, addr=3204448032, p=0x7fffffffc448, size=8) at src/mem/port_proxy.hh:192
192	    writeBlob(Addr addr, const void *p, int size) const
>>> writeBlob call: this=0x55555bc1b8b0, addr=0xbeffff20, p=0x7fffffffc448, size=8
Error in testing breakpoint condition:
No frame is currently executing in block gem5::PortProxy::writeBlob(unsigned long, void const*, int) const.

Breakpoint 1, gem5::PortProxy::writeBlob (this=0x55555bc1b8b0, addr=3204448040, p=0x7fffffffc448, size=8) at src/mem/port_proxy.hh:192
192	    writeBlob(Addr addr, const void *p, int size) const
>>> writeBlob call: this=0x55555bc1b8b0, addr=0xbeffff28, p=0x7fffffffc448, size=8
Error in testing breakpoint condition:
No frame is currently executing in block gem5::PortProxy::writeBlob(unsigned long, void const*, int) const.

Breakpoint 1, gem5::PortProxy::writeBlob (this=0x55555bc1b8b0, addr=3204448048, p=0x7fffffffc448, size=8) at src/mem/port_proxy.hh:192
192	    writeBlob(Addr addr, const void *p, int size) const
>>> writeBlob call: this=0x55555bc1b8b0, addr=0xbeffff30, p=0x7fffffffc448, size=8
Error in testing breakpoint condition:
No frame is currently executing in block gem5::PortProxy::writeBlob(unsigned long, void const*, int) const.

Breakpoint 1, gem5::PortProxy::writeBlob (this=0x55555bc1b8b0, addr=3204448056, p=0x7fffffffc448, size=8) at src/mem/port_proxy.hh:192
192	    writeBlob(Addr addr, const void *p, int size) const
>>> writeBlob call: this=0x55555bc1b8b0, addr=0xbeffff38, p=0x7fffffffc448, size=8
Error in testing breakpoint condition:
No frame is currently executing in block gem5::PortProxy::writeBlob(unsigned long, void const*, int) const.

Breakpoint 1, gem5::PortProxy::writeBlob (this=0x55555bc1b8b0, addr=3204448064, p=0x7fffffffc448, size=8) at src/mem/port_proxy.hh:192
192	    writeBlob(Addr addr, const void *p, int size) const
>>> writeBlob call: this=0x55555bc1b8b0, addr=0xbeffff40, p=0x7fffffffc448, size=8
Error in testing breakpoint condition:
No frame is currently executing in block gem5::PortProxy::writeBlob(unsigned long, void const*, int) const.

Breakpoint 1, gem5::PortProxy::writeBlob (this=0x55555bc1b8b0, addr=3204448072, p=0x7fffffffc448, size=8) at src/mem/port_proxy.hh:192
192	    writeBlob(Addr addr, const void *p, int size) const
>>> writeBlob call: this=0x55555bc1b8b0, addr=0xbeffff48, p=0x7fffffffc448, size=8
Error in testing breakpoint condition:
No frame is currently executing in block gem5::PortProxy::writeBlob(unsigned long, void const*, int) const.

Breakpoint 1, gem5::PortProxy::writeBlob (this=0x55555bc1b8b0, addr=3204448080, p=0x7fffffffc448, size=8) at src/mem/port_proxy.hh:192
192	    writeBlob(Addr addr, const void *p, int size) const
>>> writeBlob call: this=0x55555bc1b8b0, addr=0xbeffff50, p=0x7fffffffc448, size=8
Error in testing breakpoint condition:
No frame is currently executing in block gem5::PortProxy::writeBlob(unsigned long, void const*, int) const.

Breakpoint 1, gem5::PortProxy::writeBlob (this=0x55555bc1b8b0, addr=3204448088, p=0x7fffffffc448, size=8) at src/mem/port_proxy.hh:192
192	    writeBlob(Addr addr, const void *p, int size) const
>>> writeBlob call: this=0x55555bc1b8b0, addr=0xbeffff58, p=0x7fffffffc448, size=8
Error in testing breakpoint condition:
No frame is currently executing in block gem5::PortProxy::writeBlob(unsigned long, void const*, int) const.

Breakpoint 1, gem5::PortProxy::writeBlob (this=0x55555bc1b8b0, addr=3204448096, p=0x7fffffffc448, size=8) at src/mem/port_proxy.hh:192
192	    writeBlob(Addr addr, const void *p, int size) const
>>> writeBlob call: this=0x55555bc1b8b0, addr=0xbeffff60, p=0x7fffffffc448, size=8
Error in testing breakpoint condition:
No frame is currently executing in block gem5::PortProxy::writeBlob(unsigned long, void const*, int) const.

Breakpoint 1, gem5::PortProxy::writeBlob (this=0x55555bc1b8b0, addr=3204448104, p=0x7fffffffc448, size=8) at src/mem/port_proxy.hh:192
192	    writeBlob(Addr addr, const void *p, int size) const
>>> writeBlob call: this=0x55555bc1b8b0, addr=0xbeffff68, p=0x7fffffffc448, size=8
Error in testing breakpoint condition:
No frame is currently executing in block gem5::PortProxy::writeBlob(unsigned long, void const*, int) const.

Breakpoint 1, gem5::PortProxy::writeBlob (this=0x55555bc1b8b0, addr=3204448112, p=0x7fffffffc558, size=8) at src/mem/port_proxy.hh:192
192	    writeBlob(Addr addr, const void *p, int size) const
>>> writeBlob call: this=0x55555bc1b8b0, addr=0xbeffff70, p=0x7fffffffc558, size=8
Error in testing breakpoint condition:
No frame is currently executing in block gem5::PortProxy::writeBlob(unsigned long, void const*, int) const.

Breakpoint 1, gem5::PortProxy::writeBlob (this=0x55555bc1b8b0, addr=3204447964, p=0x7fffffffc430, size=4) at src/mem/port_proxy.hh:192
192	    writeBlob(Addr addr, const void *p, int size) const
>>> writeBlob call: this=0x55555bc1b8b0, addr=0xbefffedc, p=0x7fffffffc430, size=4
Error in testing breakpoint condition:
No frame is currently executing in block gem5::PortProxy::writeBlob(unsigned long, void const*, int) const.

Breakpoint 1, gem5::PortProxy::writeBlob (this=0x55555bc1b8b0, addr=3204447956, p=0x7fffffffc44c, size=4) at src/mem/port_proxy.hh:192
192	    writeBlob(Addr addr, const void *p, int size) const
>>> writeBlob call: this=0x55555bc1b8b0, addr=0xbefffed4, p=0x7fffffffc44c, size=4
Error in testing breakpoint condition:
No frame is currently executing in block gem5::PortProxy::writeBlob(unsigned long, void const*, int) const.

Breakpoint 1, gem5::PortProxy::writeBlob (this=0x55555bc1b8b0, addr=3204447960, p=0x7fffffffc430, size=4) at src/mem/port_proxy.hh:192
192	    writeBlob(Addr addr, const void *p, int size) const
>>> writeBlob call: this=0x55555bc1b8b0, addr=0xbefffed8, p=0x7fffffffc430, size=4
Error in testing breakpoint condition:
No frame is currently executing in block gem5::PortProxy::writeBlob(unsigned long, void const*, int) const.

Breakpoint 1, gem5::PortProxy::writeBlob (this=0x55555bc1b8b0, addr=3204447952, p=0x7fffffffc4c4, size=4) at src/mem/port_proxy.hh:192
192	    writeBlob(Addr addr, const void *p, int size) const
>>> writeBlob call: this=0x55555bc1b8b0, addr=0xbefffed0, p=0x7fffffffc4c4, size=4
Error in testing breakpoint condition:
No frame is currently executing in block gem5::PortProxy::writeBlob(unsigned long, void const*, int) const.

Breakpoint 1, gem5::PortProxy::writeBlob (this=0x7fffffffc710, addr=4294901760, p=0x7fffffffc75c, size=4) at src/mem/port_proxy.hh:192
192	    writeBlob(Addr addr, const void *p, int size) const
>>> writeBlob call: this=0x7fffffffc710, addr=0xffff0000, p=0x7fffffffc75c, size=4
Error in testing breakpoint condition:
No frame is currently executing in block gem5::PortProxy::writeBlob(unsigned long, void const*, int) const.

Breakpoint 1, gem5::PortProxy::writeBlob (this=0x7fffffffc710, addr=4294901764, p=0x7fffffffc75c, size=4) at src/mem/port_proxy.hh:192
192	    writeBlob(Addr addr, const void *p, int size) const
>>> writeBlob call: this=0x7fffffffc710, addr=0xffff0004, p=0x7fffffffc75c, size=4
Error in testing breakpoint condition:
No frame is currently executing in block gem5::PortProxy::writeBlob(unsigned long, void const*, int) const.

Breakpoint 1, gem5::PortProxy::writeBlob (this=0x7fffffffc710, addr=4294901768, p=0x7fffffffc75c, size=4) at src/mem/port_proxy.hh:192
192	    writeBlob(Addr addr, const void *p, int size) const
>>> writeBlob call: this=0x7fffffffc710, addr=0xffff0008, p=0x7fffffffc75c, size=4
Error in testing breakpoint condition:
No frame is currently executing in block gem5::PortProxy::writeBlob(unsigned long, void const*, int) const.

Breakpoint 1, gem5::PortProxy::writeBlob (this=0x7fffffffc710, addr=4294901772, p=0x7fffffffc75c, size=4) at src/mem/port_proxy.hh:192
192	    writeBlob(Addr addr, const void *p, int size) const
>>> writeBlob call: this=0x7fffffffc710, addr=0xffff000c, p=0x7fffffffc75c, size=4
Error in testing breakpoint condition:
No frame is currently executing in block gem5::PortProxy::writeBlob(unsigned long, void const*, int) const.

Breakpoint 1, gem5::PortProxy::writeBlob (this=0x7fffffffc710, addr=4294901776, p=0x7fffffffc75c, size=4) at src/mem/port_proxy.hh:192
192	    writeBlob(Addr addr, const void *p, int size) const
>>> writeBlob call: this=0x7fffffffc710, addr=0xffff0010, p=0x7fffffffc75c, size=4
Error in testing breakpoint condition:
No frame is currently executing in block gem5::PortProxy::writeBlob(unsigned long, void const*, int) const.

Breakpoint 1, gem5::PortProxy::writeBlob (this=0x7fffffffc710, addr=4294901780, p=0x7fffffffc75c, size=4) at src/mem/port_proxy.hh:192
192	    writeBlob(Addr addr, const void *p, int size) const
>>> writeBlob call: this=0x7fffffffc710, addr=0xffff0014, p=0x7fffffffc75c, size=4
Error in testing breakpoint condition:
No frame is currently executing in block gem5::PortProxy::writeBlob(unsigned long, void const*, int) const.

Breakpoint 1, gem5::PortProxy::writeBlob (this=0x7fffffffc710, addr=4294901784, p=0x7fffffffc75c, size=4) at src/mem/port_proxy.hh:192
192	    writeBlob(Addr addr, const void *p, int size) const
>>> writeBlob call: this=0x7fffffffc710, addr=0xffff0018, p=0x7fffffffc75c, size=4
Error in testing breakpoint condition:
No frame is currently executing in block gem5::PortProxy::writeBlob(unsigned long, void const*, int) const.

Breakpoint 1, gem5::PortProxy::writeBlob (this=0x7fffffffc710, addr=4294901788, p=0x7fffffffc75c, size=4) at src/mem/port_proxy.hh:192
192	    writeBlob(Addr addr, const void *p, int size) const
>>> writeBlob call: this=0x7fffffffc710, addr=0xffff001c, p=0x7fffffffc75c, size=4
Error in testing breakpoint condition:
No frame is currently executing in block gem5::PortProxy::writeBlob(unsigned long, void const*, int) const.

Breakpoint 1, gem5::PortProxy::writeBlob (this=0x7fffffffc710, addr=4294901792, p=0x7fffffffc75c, size=4) at src/mem/port_proxy.hh:192
192	    writeBlob(Addr addr, const void *p, int size) const
>>> writeBlob call: this=0x7fffffffc710, addr=0xffff0020, p=0x7fffffffc75c, size=4
Error in testing breakpoint condition:
No frame is currently executing in block gem5::PortProxy::writeBlob(unsigned long, void const*, int) const.

Breakpoint 1, gem5::PortProxy::writeBlob (this=0x7fffffffc710, addr=4294901796, p=0x7fffffffc75c, size=4) at src/mem/port_proxy.hh:192
192	    writeBlob(Addr addr, const void *p, int size) const
>>> writeBlob call: this=0x7fffffffc710, addr=0xffff0024, p=0x7fffffffc75c, size=4
Error in testing breakpoint condition:
No frame is currently executing in block gem5::PortProxy::writeBlob(unsigned long, void const*, int) const.

Breakpoint 1, gem5::PortProxy::writeBlob (this=0x7fffffffc710, addr=4294901800, p=0x7fffffffc75c, size=4) at src/mem/port_proxy.hh:192
192	    writeBlob(Addr addr, const void *p, int size) const
>>> writeBlob call: this=0x7fffffffc710, addr=0xffff0028, p=0x7fffffffc75c, size=4
Error in testing breakpoint condition:
No frame is currently executing in block gem5::PortProxy::writeBlob(unsigned long, void const*, int) const.

Breakpoint 1, gem5::PortProxy::writeBlob (this=0x7fffffffc710, addr=4294901804, p=0x7fffffffc75c, size=4) at src/mem/port_proxy.hh:192
192	    writeBlob(Addr addr, const void *p, int size) const
>>> writeBlob call: this=0x7fffffffc710, addr=0xffff002c, p=0x7fffffffc75c, size=4
Error in testing breakpoint condition:
No frame is currently executing in block gem5::PortProxy::writeBlob(unsigned long, void const*, int) const.

Breakpoint 1, gem5::PortProxy::writeBlob (this=0x7fffffffc710, addr=4294901808, p=0x7fffffffc75c, size=4) at src/mem/port_proxy.hh:192
192	    writeBlob(Addr addr, const void *p, int size) const
>>> writeBlob call: this=0x7fffffffc710, addr=0xffff0030, p=0x7fffffffc75c, size=4
Error in testing breakpoint condition:
No frame is currently executing in block gem5::PortProxy::writeBlob(unsigned long, void const*, int) const.

Breakpoint 1, gem5::PortProxy::writeBlob (this=0x7fffffffc710, addr=4294901812, p=0x7fffffffc75c, size=4) at src/mem/port_proxy.hh:192
192	    writeBlob(Addr addr, const void *p, int size) const
>>> writeBlob call: this=0x7fffffffc710, addr=0xffff0034, p=0x7fffffffc75c, size=4
Error in testing breakpoint condition:
No frame is currently executing in block gem5::PortProxy::writeBlob(unsigned long, void const*, int) const.

Breakpoint 1, gem5::PortProxy::writeBlob (this=0x7fffffffc710, addr=4294901816, p=0x7fffffffc75c, size=4) at src/mem/port_proxy.hh:192
192	    writeBlob(Addr addr, const void *p, int size) const
>>> writeBlob call: this=0x7fffffffc710, addr=0xffff0038, p=0x7fffffffc75c, size=4
Error in testing breakpoint condition:
No frame is currently executing in block gem5::PortProxy::writeBlob(unsigned long, void const*, int) const.

Breakpoint 1, gem5::PortProxy::writeBlob (this=0x7fffffffc710, addr=4294901820, p=0x7fffffffc75c, size=4) at src/mem/port_proxy.hh:192
192	    writeBlob(Addr addr, const void *p, int size) const
>>> writeBlob call: this=0x7fffffffc710, addr=0xffff003c, p=0x7fffffffc75c, size=4
Error in testing breakpoint condition:
No frame is currently executing in block gem5::PortProxy::writeBlob(unsigned long, void const*, int) const.

Breakpoint 1, gem5::PortProxy::writeBlob (this=0x7fffffffc710, addr=4294901824, p=0x7fffffffc75c, size=4) at src/mem/port_proxy.hh:192
192	    writeBlob(Addr addr, const void *p, int size) const
>>> writeBlob call: this=0x7fffffffc710, addr=0xffff0040, p=0x7fffffffc75c, size=4
Error in testing breakpoint condition:
No frame is currently executing in block gem5::PortProxy::writeBlob(unsigned long, void const*, int) const.

Breakpoint 1, gem5::PortProxy::writeBlob (this=0x7fffffffc710, addr=4294901828, p=0x7fffffffc75c, size=4) at src/mem/port_proxy.hh:192
192	    writeBlob(Addr addr, const void *p, int size) const
>>> writeBlob call: this=0x7fffffffc710, addr=0xffff0044, p=0x7fffffffc75c, size=4
Error in testing breakpoint condition:
No frame is currently executing in block gem5::PortProxy::writeBlob(unsigned long, void const*, int) const.

Breakpoint 1, gem5::PortProxy::writeBlob (this=0x7fffffffc710, addr=4294901832, p=0x7fffffffc75c, size=4) at src/mem/port_proxy.hh:192
192	    writeBlob(Addr addr, const void *p, int size) const
>>> writeBlob call: this=0x7fffffffc710, addr=0xffff0048, p=0x7fffffffc75c, size=4
Error in testing breakpoint condition:
No frame is currently executing in block gem5::PortProxy::writeBlob(unsigned long, void const*, int) const.

Breakpoint 1, gem5::PortProxy::writeBlob (this=0x7fffffffc710, addr=4294901836, p=0x7fffffffc75c, size=4) at src/mem/port_proxy.hh:192
192	    writeBlob(Addr addr, const void *p, int size) const
>>> writeBlob call: this=0x7fffffffc710, addr=0xffff004c, p=0x7fffffffc75c, size=4
Error in testing breakpoint condition:
No frame is currently executing in block gem5::PortProxy::writeBlob(unsigned long, void const*, int) const.

Breakpoint 1, gem5::PortProxy::writeBlob (this=0x7fffffffc710, addr=4294901840, p=0x7fffffffc75c, size=4) at src/mem/port_proxy.hh:192
192	    writeBlob(Addr addr, const void *p, int size) const
>>> writeBlob call: this=0x7fffffffc710, addr=0xffff0050, p=0x7fffffffc75c, size=4
Error in testing breakpoint condition:
No frame is currently executing in block gem5::PortProxy::writeBlob(unsigned long, void const*, int) const.

Breakpoint 1, gem5::PortProxy::writeBlob (this=0x7fffffffc710, addr=4294901844, p=0x7fffffffc75c, size=4) at src/mem/port_proxy.hh:192
192	    writeBlob(Addr addr, const void *p, int size) const
>>> writeBlob call: this=0x7fffffffc710, addr=0xffff0054, p=0x7fffffffc75c, size=4
Error in testing breakpoint condition:
No frame is currently executing in block gem5::PortProxy::writeBlob(unsigned long, void const*, int) const.

Breakpoint 1, gem5::PortProxy::writeBlob (this=0x7fffffffc710, addr=4294901848, p=0x7fffffffc75c, size=4) at src/mem/port_proxy.hh:192
192	    writeBlob(Addr addr, const void *p, int size) const
>>> writeBlob call: this=0x7fffffffc710, addr=0xffff0058, p=0x7fffffffc75c, size=4
Error in testing breakpoint condition:
No frame is currently executing in block gem5::PortProxy::writeBlob(unsigned long, void const*, int) const.

Breakpoint 1, gem5::PortProxy::writeBlob (this=0x7fffffffc710, addr=4294901852, p=0x7fffffffc75c, size=4) at src/mem/port_proxy.hh:192
192	    writeBlob(Addr addr, const void *p, int size) const
>>> writeBlob call: this=0x7fffffffc710, addr=0xffff005c, p=0x7fffffffc75c, size=4
Error in testing breakpoint condition:
No frame is currently executing in block gem5::PortProxy::writeBlob(unsigned long, void const*, int) const.

Breakpoint 1, gem5::PortProxy::writeBlob (this=0x7fffffffc710, addr=4294901856, p=0x7fffffffc75c, size=4) at src/mem/port_proxy.hh:192
192	    writeBlob(Addr addr, const void *p, int size) const
>>> writeBlob call: this=0x7fffffffc710, addr=0xffff0060, p=0x7fffffffc75c, size=4
Error in testing breakpoint condition:
No frame is currently executing in block gem5::PortProxy::writeBlob(unsigned long, void const*, int) const.

Breakpoint 1, gem5::PortProxy::writeBlob (this=0x7fffffffc710, addr=4294901860, p=0x7fffffffc75c, size=4) at src/mem/port_proxy.hh:192
192	    writeBlob(Addr addr, const void *p, int size) const
>>> writeBlob call: this=0x7fffffffc710, addr=0xffff0064, p=0x7fffffffc75c, size=4
Error in testing breakpoint condition:
No frame is currently executing in block gem5::PortProxy::writeBlob(unsigned long, void const*, int) const.

Breakpoint 1, gem5::PortProxy::writeBlob (this=0x7fffffffc710, addr=4294901864, p=0x7fffffffc75c, size=4) at src/mem/port_proxy.hh:192
192	    writeBlob(Addr addr, const void *p, int size) const
>>> writeBlob call: this=0x7fffffffc710, addr=0xffff0068, p=0x7fffffffc75c, size=4
Error in testing breakpoint condition:
No frame is currently executing in block gem5::PortProxy::writeBlob(unsigned long, void const*, int) const.

Breakpoint 1, gem5::PortProxy::writeBlob (this=0x7fffffffc710, addr=4294901868, p=0x7fffffffc75c, size=4) at src/mem/port_proxy.hh:192
192	    writeBlob(Addr addr, const void *p, int size) const
>>> writeBlob call: this=0x7fffffffc710, addr=0xffff006c, p=0x7fffffffc75c, size=4
Error in testing breakpoint condition:
No frame is currently executing in block gem5::PortProxy::writeBlob(unsigned long, void const*, int) const.

Breakpoint 1, gem5::PortProxy::writeBlob (this=0x7fffffffc710, addr=4294901872, p=0x7fffffffc75c, size=4) at src/mem/port_proxy.hh:192
192	    writeBlob(Addr addr, const void *p, int size) const
>>> writeBlob call: this=0x7fffffffc710, addr=0xffff0070, p=0x7fffffffc75c, size=4
Error in testing breakpoint condition:
No frame is currently executing in block gem5::PortProxy::writeBlob(unsigned long, void const*, int) const.

Breakpoint 1, gem5::PortProxy::writeBlob (this=0x7fffffffc710, addr=4294901876, p=0x7fffffffc75c, size=4) at src/mem/port_proxy.hh:192
192	    writeBlob(Addr addr, const void *p, int size) const
>>> writeBlob call: this=0x7fffffffc710, addr=0xffff0074, p=0x7fffffffc75c, size=4
Error in testing breakpoint condition:
No frame is currently executing in block gem5::PortProxy::writeBlob(unsigned long, void const*, int) const.

Breakpoint 1, gem5::PortProxy::writeBlob (this=0x7fffffffc710, addr=4294901880, p=0x7fffffffc75c, size=4) at src/mem/port_proxy.hh:192
192	    writeBlob(Addr addr, const void *p, int size) const
>>> writeBlob call: this=0x7fffffffc710, addr=0xffff0078, p=0x7fffffffc75c, size=4
Error in testing breakpoint condition:
No frame is currently executing in block gem5::PortProxy::writeBlob(unsigned long, void const*, int) const.

Breakpoint 1, gem5::PortProxy::writeBlob (this=0x7fffffffc710, addr=4294901884, p=0x7fffffffc75c, size=4) at src/mem/port_proxy.hh:192
192	    writeBlob(Addr addr, const void *p, int size) const
>>> writeBlob call: this=0x7fffffffc710, addr=0xffff007c, p=0x7fffffffc75c, size=4
Error in testing breakpoint condition:
No frame is currently executing in block gem5::PortProxy::writeBlob(unsigned long, void const*, int) const.

Breakpoint 1, gem5::PortProxy::writeBlob (this=0x7fffffffc710, addr=4294901888, p=0x7fffffffc75c, size=4) at src/mem/port_proxy.hh:192
192	    writeBlob(Addr addr, const void *p, int size) const
>>> writeBlob call: this=0x7fffffffc710, addr=0xffff0080, p=0x7fffffffc75c, size=4
Error in testing breakpoint condition:
No frame is currently executing in block gem5::PortProxy::writeBlob(unsigned long, void const*, int) const.

Breakpoint 1, gem5::PortProxy::writeBlob (this=0x7fffffffc710, addr=4294901892, p=0x7fffffffc75c, size=4) at src/mem/port_proxy.hh:192
192	    writeBlob(Addr addr, const void *p, int size) const
>>> writeBlob call: this=0x7fffffffc710, addr=0xffff0084, p=0x7fffffffc75c, size=4
Error in testing breakpoint condition:
No frame is currently executing in block gem5::PortProxy::writeBlob(unsigned long, void const*, int) const.

Breakpoint 1, gem5::PortProxy::writeBlob (this=0x7fffffffc710, addr=4294901896, p=0x7fffffffc75c, size=4) at src/mem/port_proxy.hh:192
192	    writeBlob(Addr addr, const void *p, int size) const
>>> writeBlob call: this=0x7fffffffc710, addr=0xffff0088, p=0x7fffffffc75c, size=4
Error in testing breakpoint condition:
No frame is currently executing in block gem5::PortProxy::writeBlob(unsigned long, void const*, int) const.

Breakpoint 1, gem5::PortProxy::writeBlob (this=0x7fffffffc710, addr=4294901900, p=0x7fffffffc75c, size=4) at src/mem/port_proxy.hh:192
192	    writeBlob(Addr addr, const void *p, int size) const
>>> writeBlob call: this=0x7fffffffc710, addr=0xffff008c, p=0x7fffffffc75c, size=4
Error in testing breakpoint condition:
No frame is currently executing in block gem5::PortProxy::writeBlob(unsigned long, void const*, int) const.

Breakpoint 1, gem5::PortProxy::writeBlob (this=0x7fffffffc710, addr=4294901904, p=0x7fffffffc75c, size=4) at src/mem/port_proxy.hh:192
192	    writeBlob(Addr addr, const void *p, int size) const
>>> writeBlob call: this=0x7fffffffc710, addr=0xffff0090, p=0x7fffffffc75c, size=4
Error in testing breakpoint condition:
No frame is currently executing in block gem5::PortProxy::writeBlob(unsigned long, void const*, int) const.

Breakpoint 1, gem5::PortProxy::writeBlob (this=0x7fffffffc710, addr=4294901908, p=0x7fffffffc75c, size=4) at src/mem/port_proxy.hh:192
192	    writeBlob(Addr addr, const void *p, int size) const
>>> writeBlob call: this=0x7fffffffc710, addr=0xffff0094, p=0x7fffffffc75c, size=4
Error in testing breakpoint condition:
No frame is currently executing in block gem5::PortProxy::writeBlob(unsigned long, void const*, int) const.

Breakpoint 1, gem5::PortProxy::writeBlob (this=0x7fffffffc710, addr=4294901912, p=0x7fffffffc75c, size=4) at src/mem/port_proxy.hh:192
192	    writeBlob(Addr addr, const void *p, int size) const
>>> writeBlob call: this=0x7fffffffc710, addr=0xffff0098, p=0x7fffffffc75c, size=4
Error in testing breakpoint condition:
No frame is currently executing in block gem5::PortProxy::writeBlob(unsigned long, void const*, int) const.

Breakpoint 1, gem5::PortProxy::writeBlob (this=0x7fffffffc710, addr=4294901916, p=0x7fffffffc75c, size=4) at src/mem/port_proxy.hh:192
192	    writeBlob(Addr addr, const void *p, int size) const
>>> writeBlob call: this=0x7fffffffc710, addr=0xffff009c, p=0x7fffffffc75c, size=4
Error in testing breakpoint condition:
No frame is currently executing in block gem5::PortProxy::writeBlob(unsigned long, void const*, int) const.

Breakpoint 1, gem5::PortProxy::writeBlob (this=0x7fffffffc710, addr=4294901920, p=0x7fffffffc75c, size=4) at src/mem/port_proxy.hh:192
192	    writeBlob(Addr addr, const void *p, int size) const
>>> writeBlob call: this=0x7fffffffc710, addr=0xffff00a0, p=0x7fffffffc75c, size=4
Error in testing breakpoint condition:
No frame is currently executing in block gem5::PortProxy::writeBlob(unsigned long, void const*, int) const.

Breakpoint 1, gem5::PortProxy::writeBlob (this=0x7fffffffc710, addr=4294901924, p=0x7fffffffc75c, size=4) at src/mem/port_proxy.hh:192
192	    writeBlob(Addr addr, const void *p, int size) const
>>> writeBlob call: this=0x7fffffffc710, addr=0xffff00a4, p=0x7fffffffc75c, size=4
Error in testing breakpoint condition:
No frame is currently executing in block gem5::PortProxy::writeBlob(unsigned long, void const*, int) const.

Breakpoint 1, gem5::PortProxy::writeBlob (this=0x7fffffffc710, addr=4294901928, p=0x7fffffffc75c, size=4) at src/mem/port_proxy.hh:192
192	    writeBlob(Addr addr, const void *p, int size) const
>>> writeBlob call: this=0x7fffffffc710, addr=0xffff00a8, p=0x7fffffffc75c, size=4
Error in testing breakpoint condition:
No frame is currently executing in block gem5::PortProxy::writeBlob(unsigned long, void const*, int) const.

Breakpoint 1, gem5::PortProxy::writeBlob (this=0x7fffffffc710, addr=4294901932, p=0x7fffffffc75c, size=4) at src/mem/port_proxy.hh:192
192	    writeBlob(Addr addr, const void *p, int size) const
>>> writeBlob call: this=0x7fffffffc710, addr=0xffff00ac, p=0x7fffffffc75c, size=4
Error in testing breakpoint condition:
No frame is currently executing in block gem5::PortProxy::writeBlob(unsigned long, void const*, int) const.

Breakpoint 1, gem5::PortProxy::writeBlob (this=0x7fffffffc710, addr=4294901936, p=0x7fffffffc75c, size=4) at src/mem/port_proxy.hh:192
192	    writeBlob(Addr addr, const void *p, int size) const
>>> writeBlob call: this=0x7fffffffc710, addr=0xffff00b0, p=0x7fffffffc75c, size=4
Error in testing breakpoint condition:
No frame is currently executing in block gem5::PortProxy::writeBlob(unsigned long, void const*, int) const.

Breakpoint 1, gem5::PortProxy::writeBlob (this=0x7fffffffc710, addr=4294901940, p=0x7fffffffc75c, size=4) at src/mem/port_proxy.hh:192
192	    writeBlob(Addr addr, const void *p, int size) const
>>> writeBlob call: this=0x7fffffffc710, addr=0xffff00b4, p=0x7fffffffc75c, size=4
Error in testing breakpoint condition:
No frame is currently executing in block gem5::PortProxy::writeBlob(unsigned long, void const*, int) const.

Breakpoint 1, gem5::PortProxy::writeBlob (this=0x7fffffffc710, addr=4294901944, p=0x7fffffffc75c, size=4) at src/mem/port_proxy.hh:192
192	    writeBlob(Addr addr, const void *p, int size) const
>>> writeBlob call: this=0x7fffffffc710, addr=0xffff00b8, p=0x7fffffffc75c, size=4
Error in testing breakpoint condition:
No frame is currently executing in block gem5::PortProxy::writeBlob(unsigned long, void const*, int) const.

Breakpoint 1, gem5::PortProxy::writeBlob (this=0x7fffffffc710, addr=4294901948, p=0x7fffffffc75c, size=4) at src/mem/port_proxy.hh:192
192	    writeBlob(Addr addr, const void *p, int size) const
>>> writeBlob call: this=0x7fffffffc710, addr=0xffff00bc, p=0x7fffffffc75c, size=4
Error in testing breakpoint condition:
No frame is currently executing in block gem5::PortProxy::writeBlob(unsigned long, void const*, int) const.

Breakpoint 1, gem5::PortProxy::writeBlob (this=0x7fffffffc710, addr=4294901952, p=0x7fffffffc75c, size=4) at src/mem/port_proxy.hh:192
192	    writeBlob(Addr addr, const void *p, int size) const
>>> writeBlob call: this=0x7fffffffc710, addr=0xffff00c0, p=0x7fffffffc75c, size=4
Error in testing breakpoint condition:
No frame is currently executing in block gem5::PortProxy::writeBlob(unsigned long, void const*, int) const.

Breakpoint 1, gem5::PortProxy::writeBlob (this=0x7fffffffc710, addr=4294901956, p=0x7fffffffc75c, size=4) at src/mem/port_proxy.hh:192
192	    writeBlob(Addr addr, const void *p, int size) const
>>> writeBlob call: this=0x7fffffffc710, addr=0xffff00c4, p=0x7fffffffc75c, size=4
Error in testing breakpoint condition:
No frame is currently executing in block gem5::PortProxy::writeBlob(unsigned long, void const*, int) const.

Breakpoint 1, gem5::PortProxy::writeBlob (this=0x7fffffffc710, addr=4294901960, p=0x7fffffffc75c, size=4) at src/mem/port_proxy.hh:192
192	    writeBlob(Addr addr, const void *p, int size) const
>>> writeBlob call: this=0x7fffffffc710, addr=0xffff00c8, p=0x7fffffffc75c, size=4
Error in testing breakpoint condition:
No frame is currently executing in block gem5::PortProxy::writeBlob(unsigned long, void const*, int) const.

Breakpoint 1, gem5::PortProxy::writeBlob (this=0x7fffffffc710, addr=4294901964, p=0x7fffffffc75c, size=4) at src/mem/port_proxy.hh:192
192	    writeBlob(Addr addr, const void *p, int size) const
>>> writeBlob call: this=0x7fffffffc710, addr=0xffff00cc, p=0x7fffffffc75c, size=4
Error in testing breakpoint condition:
No frame is currently executing in block gem5::PortProxy::writeBlob(unsigned long, void const*, int) const.

Breakpoint 1, gem5::PortProxy::writeBlob (this=0x7fffffffc710, addr=4294901968, p=0x7fffffffc75c, size=4) at src/mem/port_proxy.hh:192
192	    writeBlob(Addr addr, const void *p, int size) const
>>> writeBlob call: this=0x7fffffffc710, addr=0xffff00d0, p=0x7fffffffc75c, size=4
Error in testing breakpoint condition:
No frame is currently executing in block gem5::PortProxy::writeBlob(unsigned long, void const*, int) const.

Breakpoint 1, gem5::PortProxy::writeBlob (this=0x7fffffffc710, addr=4294901972, p=0x7fffffffc75c, size=4) at src/mem/port_proxy.hh:192
192	    writeBlob(Addr addr, const void *p, int size) const
>>> writeBlob call: this=0x7fffffffc710, addr=0xffff00d4, p=0x7fffffffc75c, size=4
Error in testing breakpoint condition:
No frame is currently executing in block gem5::PortProxy::writeBlob(unsigned long, void const*, int) const.

Breakpoint 1, gem5::PortProxy::writeBlob (this=0x7fffffffc710, addr=4294901976, p=0x7fffffffc75c, size=4) at src/mem/port_proxy.hh:192
192	    writeBlob(Addr addr, const void *p, int size) const
>>> writeBlob call: this=0x7fffffffc710, addr=0xffff00d8, p=0x7fffffffc75c, size=4
Error in testing breakpoint condition:
No frame is currently executing in block gem5::PortProxy::writeBlob(unsigned long, void const*, int) const.

Breakpoint 1, gem5::PortProxy::writeBlob (this=0x7fffffffc710, addr=4294901980, p=0x7fffffffc75c, size=4) at src/mem/port_proxy.hh:192
192	    writeBlob(Addr addr, const void *p, int size) const
>>> writeBlob call: this=0x7fffffffc710, addr=0xffff00dc, p=0x7fffffffc75c, size=4
Error in testing breakpoint condition:
No frame is currently executing in block gem5::PortProxy::writeBlob(unsigned long, void const*, int) const.

Breakpoint 1, gem5::PortProxy::writeBlob (this=0x7fffffffc710, addr=4294901984, p=0x7fffffffc75c, size=4) at src/mem/port_proxy.hh:192
192	    writeBlob(Addr addr, const void *p, int size) const
>>> writeBlob call: this=0x7fffffffc710, addr=0xffff00e0, p=0x7fffffffc75c, size=4
Error in testing breakpoint condition:
No frame is currently executing in block gem5::PortProxy::writeBlob(unsigned long, void const*, int) const.

Breakpoint 1, gem5::PortProxy::writeBlob (this=0x7fffffffc710, addr=4294901988, p=0x7fffffffc75c, size=4) at src/mem/port_proxy.hh:192
192	    writeBlob(Addr addr, const void *p, int size) const
>>> writeBlob call: this=0x7fffffffc710, addr=0xffff00e4, p=0x7fffffffc75c, size=4
Error in testing breakpoint condition:
No frame is currently executing in block gem5::PortProxy::writeBlob(unsigned long, void const*, int) const.

Breakpoint 1, gem5::PortProxy::writeBlob (this=0x7fffffffc710, addr=4294901992, p=0x7fffffffc75c, size=4) at src/mem/port_proxy.hh:192
192	    writeBlob(Addr addr, const void *p, int size) const
>>> writeBlob call: this=0x7fffffffc710, addr=0xffff00e8, p=0x7fffffffc75c, size=4
Error in testing breakpoint condition:
No frame is currently executing in block gem5::PortProxy::writeBlob(unsigned long, void const*, int) const.

Breakpoint 1, gem5::PortProxy::writeBlob (this=0x7fffffffc710, addr=4294901996, p=0x7fffffffc75c, size=4) at src/mem/port_proxy.hh:192
192	    writeBlob(Addr addr, const void *p, int size) const
>>> writeBlob call: this=0x7fffffffc710, addr=0xffff00ec, p=0x7fffffffc75c, size=4
Error in testing breakpoint condition:
No frame is currently executing in block gem5::PortProxy::writeBlob(unsigned long, void const*, int) const.

Breakpoint 1, gem5::PortProxy::writeBlob (this=0x7fffffffc710, addr=4294902000, p=0x7fffffffc75c, size=4) at src/mem/port_proxy.hh:192
192	    writeBlob(Addr addr, const void *p, int size) const
>>> writeBlob call: this=0x7fffffffc710, addr=0xffff00f0, p=0x7fffffffc75c, size=4
Error in testing breakpoint condition:
No frame is currently executing in block gem5::PortProxy::writeBlob(unsigned long, void const*, int) const.

Breakpoint 1, gem5::PortProxy::writeBlob (this=0x7fffffffc710, addr=4294902004, p=0x7fffffffc75c, size=4) at src/mem/port_proxy.hh:192
192	    writeBlob(Addr addr, const void *p, int size) const
>>> writeBlob call: this=0x7fffffffc710, addr=0xffff00f4, p=0x7fffffffc75c, size=4
Error in testing breakpoint condition:
No frame is currently executing in block gem5::PortProxy::writeBlob(unsigned long, void const*, int) const.

Breakpoint 1, gem5::PortProxy::writeBlob (this=0x7fffffffc710, addr=4294902008, p=0x7fffffffc75c, size=4) at src/mem/port_proxy.hh:192
192	    writeBlob(Addr addr, const void *p, int size) const
>>> writeBlob call: this=0x7fffffffc710, addr=0xffff00f8, p=0x7fffffffc75c, size=4
Error in testing breakpoint condition:
No frame is currently executing in block gem5::PortProxy::writeBlob(unsigned long, void const*, int) const.

Breakpoint 1, gem5::PortProxy::writeBlob (this=0x7fffffffc710, addr=4294902012, p=0x7fffffffc75c, size=4) at src/mem/port_proxy.hh:192
192	    writeBlob(Addr addr, const void *p, int size) const
>>> writeBlob call: this=0x7fffffffc710, addr=0xffff00fc, p=0x7fffffffc75c, size=4
Error in testing breakpoint condition:
No frame is currently executing in block gem5::PortProxy::writeBlob(unsigned long, void const*, int) const.

Breakpoint 1, gem5::PortProxy::writeBlob (this=0x7fffffffc710, addr=4294902016, p=0x7fffffffc75c, size=4) at src/mem/port_proxy.hh:192
192	    writeBlob(Addr addr, const void *p, int size) const
>>> writeBlob call: this=0x7fffffffc710, addr=0xffff0100, p=0x7fffffffc75c, size=4
Error in testing breakpoint condition:
No frame is currently executing in block gem5::PortProxy::writeBlob(unsigned long, void const*, int) const.

Breakpoint 1, gem5::PortProxy::writeBlob (this=0x7fffffffc710, addr=4294902020, p=0x7fffffffc75c, size=4) at src/mem/port_proxy.hh:192
192	    writeBlob(Addr addr, const void *p, int size) const
>>> writeBlob call: this=0x7fffffffc710, addr=0xffff0104, p=0x7fffffffc75c, size=4
Error in testing breakpoint condition:
No frame is currently executing in block gem5::PortProxy::writeBlob(unsigned long, void const*, int) const.

Breakpoint 1, gem5::PortProxy::writeBlob (this=0x7fffffffc710, addr=4294902024, p=0x7fffffffc75c, size=4) at src/mem/port_proxy.hh:192
192	    writeBlob(Addr addr, const void *p, int size) const
>>> writeBlob call: this=0x7fffffffc710, addr=0xffff0108, p=0x7fffffffc75c, size=4
Error in testing breakpoint condition:
No frame is currently executing in block gem5::PortProxy::writeBlob(unsigned long, void const*, int) const.

Breakpoint 1, gem5::PortProxy::writeBlob (this=0x7fffffffc710, addr=4294902028, p=0x7fffffffc75c, size=4) at src/mem/port_proxy.hh:192
192	    writeBlob(Addr addr, const void *p, int size) const
>>> writeBlob call: this=0x7fffffffc710, addr=0xffff010c, p=0x7fffffffc75c, size=4
Error in testing breakpoint condition:
No frame is currently executing in block gem5::PortProxy::writeBlob(unsigned long, void const*, int) const.
Error in testing breakpoint condition:
No frame is currently executing in block gem5::PortProxy::writeBlob(unsigned long, void const*, int) const.
Error in testing breakpoint condition:
No frame is currently executing in block gem5::PortProxy::writeBlob(unsigned long, void const*, int) const.

Breakpoint 1, gem5::PortProxy::writeBlob (this=0x7fffffffc710, addr=4294902032, p=0x7fffffffc75c, size=4) at src/mem/port_proxy.hh:192
192	    writeBlob(Addr addr, const void *p, int size) const
>>> writeBlob call: this=0x7fffffffc710, addr=0xffff0110, p=0x7fffffffc75c, size=4
Error in testing breakpoint condition:
No frame is currently executing in block gem5::PortProxy::writeBlob(unsigned long, void const*, int) const.
Error in testing breakpoint condition:
No frame is currently executing in block gem5::PortProxy::writeBlob(unsigned long, void const*, int) const.

Breakpoint 1, gem5::PortProxy::writeBlob (this=0x7fffffffc710, addr=4294902036, p=0x7fffffffc75c, size=4) at src/mem/port_proxy.hh:192
192	    writeBlob(Addr addr, const void *p, int size) const
>>> writeBlob call: this=0x7fffffffc710, addr=0xffff0114, p=0x7fffffffc75c, size=4
Error in testing breakpoint condition:
No frame is currently executing in block gem5::PortProxy::writeBlob(unsigned long, void const*, int) const.

Breakpoint 1, gem5::PortProxy::writeBlob (this=0x7fffffffc710, addr=4294902040, p=0x7fffffffc75c, size=4) at src/mem/port_proxy.hh:192
192	    writeBlob(Addr addr, const void *p, int size) const
>>> writeBlob call: this=0x7fffffffc710, addr=0xffff0118, p=0x7fffffffc75c, size=4
Error in testing breakpoint condition:
No frame is currently executing in block gem5::PortProxy::writeBlob(unsigned long, void const*, int) const.

Breakpoint 1, gem5::PortProxy::writeBlob (this=0x7fffffffc710, addr=4294902044, p=0x7fffffffc75c, size=4) at src/mem/port_proxy.hh:192
192	    writeBlob(Addr addr, const void *p, int size) const
>>> writeBlob call: this=0x7fffffffc710, addr=0xffff011c, p=0x7fffffffc75c, size=4
Error in testing breakpoint condition:
No frame is currently executing in block gem5::PortProxy::writeBlob(unsigned long, void const*, int) const.

Breakpoint 1, gem5::PortProxy::writeBlob (this=0x7fffffffc710, addr=4294902048, p=0x7fffffffc75c, size=4) at src/mem/port_proxy.hh:192
192	    writeBlob(Addr addr, const void *p, int size) const
>>> writeBlob call: this=0x7fffffffc710, addr=0xffff0120, p=0x7fffffffc75c, size=4
Error in testing breakpoint condition:
No frame is currently executing in block gem5::PortProxy::writeBlob(unsigned long, void const*, int) const.

Breakpoint 1, gem5::PortProxy::writeBlob (this=0x7fffffffc710, addr=4294902052, p=0x7fffffffc75c, size=4) at src/mem/port_proxy.hh:192
192	    writeBlob(Addr addr, const void *p, int size) const
>>> writeBlob call: this=0x7fffffffc710, addr=0xffff0124, p=0x7fffffffc75c, size=4
Error in testing breakpoint condition:
No frame is currently executing in block gem5::PortProxy::writeBlob(unsigned long, void const*, int) const.

Breakpoint 1, gem5::PortProxy::writeBlob (this=0x7fffffffc710, addr=4294902056, p=0x7fffffffc75c, size=4) at src/mem/port_proxy.hh:192
192	    writeBlob(Addr addr, const void *p, int size) const
>>> writeBlob call: this=0x7fffffffc710, addr=0xffff0128, p=0x7fffffffc75c, size=4
Error in testing breakpoint condition:
No frame is currently executing in block gem5::PortProxy::writeBlob(unsigned long, void const*, int) const.

Breakpoint 1, gem5::PortProxy::writeBlob (this=0x7fffffffc710, addr=4294902060, p=0x7fffffffc75c, size=4) at src/mem/port_proxy.hh:192
192	    writeBlob(Addr addr, const void *p, int size) const
>>> writeBlob call: this=0x7fffffffc710, addr=0xffff012c, p=0x7fffffffc75c, size=4
Error in testing breakpoint condition:
No frame is currently executing in block gem5::PortProxy::writeBlob(unsigned long, void const*, int) const.

Breakpoint 1, gem5::PortProxy::writeBlob (this=0x7fffffffc710, addr=4294902064, p=0x7fffffffc75c, size=4) at src/mem/port_proxy.hh:192
192	    writeBlob(Addr addr, const void *p, int size) const
>>> writeBlob call: this=0x7fffffffc710, addr=0xffff0130, p=0x7fffffffc75c, size=4
Error in testing breakpoint condition:
No frame is currently executing in block gem5::PortProxy::writeBlob(unsigned long, void const*, int) const.

Breakpoint 1, gem5::PortProxy::writeBlob (this=0x7fffffffc710, addr=4294902068, p=0x7fffffffc75c, size=4) at src/mem/port_proxy.hh:192
192	    writeBlob(Addr addr, const void *p, int size) const
>>> writeBlob call: this=0x7fffffffc710, addr=0xffff0134, p=0x7fffffffc75c, size=4
Error in testing breakpoint condition:
No frame is currently executing in block gem5::PortProxy::writeBlob(unsigned long, void const*, int) const.

Breakpoint 1, gem5::PortProxy::writeBlob (this=0x7fffffffc710, addr=4294902072, p=0x7fffffffc75c, size=4) at src/mem/port_proxy.hh:192
192	    writeBlob(Addr addr, const void *p, int size) const
>>> writeBlob call: this=0x7fffffffc710, addr=0xffff0138, p=0x7fffffffc75c, size=4
Error in testing breakpoint condition:
No frame is currently executing in block gem5::PortProxy::writeBlob(unsigned long, void const*, int) const.

Breakpoint 1, gem5::PortProxy::writeBlob (this=0x7fffffffc710, addr=4294902076, p=0x7fffffffc75c, size=4) at src/mem/port_proxy.hh:192
192	    writeBlob(Addr addr, const void *p, int size) const
>>> writeBlob call: this=0x7fffffffc710, addr=0xffff013c, p=0x7fffffffc75c, size=4
Error in testing breakpoint condition:
No frame is currently executing in block gem5::PortProxy::writeBlob(unsigned long, void const*, int) const.

Breakpoint 1, gem5::PortProxy::writeBlob (this=0x7fffffffc710, addr=4294902080, p=0x7fffffffc75c, size=4) at src/mem/port_proxy.hh:192
192	    writeBlob(Addr addr, const void *p, int size) const
>>> writeBlob call: this=0x7fffffffc710, addr=0xffff0140, p=0x7fffffffc75c, size=4
Error in testing breakpoint condition:
No frame is currently executing in block gem5::PortProxy::writeBlob(unsigned long, void const*, int) const.

Breakpoint 1, gem5::PortProxy::writeBlob (this=0x7fffffffc710, addr=4294902084, p=0x7fffffffc75c, size=4) at src/mem/port_proxy.hh:192
192	    writeBlob(Addr addr, const void *p, int size) const
>>> writeBlob call: this=0x7fffffffc710, addr=0xffff0144, p=0x7fffffffc75c, size=4
Error in testing breakpoint condition:
No frame is currently executing in block gem5::PortProxy::writeBlob(unsigned long, void const*, int) const.

Breakpoint 1, gem5::PortProxy::writeBlob (this=0x7fffffffc710, addr=4294902088, p=0x7fffffffc75c, size=4) at src/mem/port_proxy.hh:192
192	    writeBlob(Addr addr, const void *p, int size) const
>>> writeBlob call: this=0x7fffffffc710, addr=0xffff0148, p=0x7fffffffc75c, size=4
Error in testing breakpoint condition:
No frame is currently executing in block gem5::PortProxy::writeBlob(unsigned long, void const*, int) const.

Breakpoint 1, gem5::PortProxy::writeBlob (this=0x7fffffffc710, addr=4294902092, p=0x7fffffffc75c, size=4) at src/mem/port_proxy.hh:192
192	    writeBlob(Addr addr, const void *p, int size) const
>>> writeBlob call: this=0x7fffffffc710, addr=0xffff014c, p=0x7fffffffc75c, size=4
Error in testing breakpoint condition:
No frame is currently executing in block gem5::PortProxy::writeBlob(unsigned long, void const*, int) const.

Breakpoint 1, gem5::PortProxy::writeBlob (this=0x7fffffffc710, addr=4294902096, p=0x7fffffffc75c, size=4) at src/mem/port_proxy.hh:192
192	    writeBlob(Addr addr, const void *p, int size) const
>>> writeBlob call: this=0x7fffffffc710, addr=0xffff0150, p=0x7fffffffc75c, size=4
Error in testing breakpoint condition:
No frame is currently executing in block gem5::PortProxy::writeBlob(unsigned long, void const*, int) const.

Breakpoint 1, gem5::PortProxy::writeBlob (this=0x7fffffffc710, addr=4294902100, p=0x7fffffffc75c, size=4) at src/mem/port_proxy.hh:192
192	    writeBlob(Addr addr, const void *p, int size) const
>>> writeBlob call: this=0x7fffffffc710, addr=0xffff0154, p=0x7fffffffc75c, size=4
Error in testing breakpoint condition:
No frame is currently executing in block gem5::PortProxy::writeBlob(unsigned long, void const*, int) const.

Breakpoint 1, gem5::PortProxy::writeBlob (this=0x7fffffffc710, addr=4294902104, p=0x7fffffffc75c, size=4) at src/mem/port_proxy.hh:192
192	    writeBlob(Addr addr, const void *p, int size) const
>>> writeBlob call: this=0x7fffffffc710, addr=0xffff0158, p=0x7fffffffc75c, size=4
Error in testing breakpoint condition:
No frame is currently executing in block gem5::PortProxy::writeBlob(unsigned long, void const*, int) const.

Breakpoint 1, gem5::PortProxy::writeBlob (this=0x7fffffffc710, addr=4294902108, p=0x7fffffffc75c, size=4) at src/mem/port_proxy.hh:192
192	    writeBlob(Addr addr, const void *p, int size) const
>>> writeBlob call: this=0x7fffffffc710, addr=0xffff015c, p=0x7fffffffc75c, size=4
Error in testing breakpoint condition:
No frame is currently executing in block gem5::PortProxy::writeBlob(unsigned long, void const*, int) const.

Breakpoint 1, gem5::PortProxy::writeBlob (this=0x7fffffffc710, addr=4294902112, p=0x7fffffffc75c, size=4) at src/mem/port_proxy.hh:192
192	    writeBlob(Addr addr, const void *p, int size) const
>>> writeBlob call: this=0x7fffffffc710, addr=0xffff0160, p=0x7fffffffc75c, size=4
Error in testing breakpoint condition:
No frame is currently executing in block gem5::PortProxy::writeBlob(unsigned long, void const*, int) const.

Breakpoint 1, gem5::PortProxy::writeBlob (this=0x7fffffffc710, addr=4294902116, p=0x7fffffffc75c, size=4) at src/mem/port_proxy.hh:192
192	    writeBlob(Addr addr, const void *p, int size) const
>>> writeBlob call: this=0x7fffffffc710, addr=0xffff0164, p=0x7fffffffc75c, size=4
Error in testing breakpoint condition:
No frame is currently executing in block gem5::PortProxy::writeBlob(unsigned long, void const*, int) const.

Breakpoint 1, gem5::PortProxy::writeBlob (this=0x7fffffffc710, addr=4294902120, p=0x7fffffffc75c, size=4) at src/mem/port_proxy.hh:192
192	    writeBlob(Addr addr, const void *p, int size) const
>>> writeBlob call: this=0x7fffffffc710, addr=0xffff0168, p=0x7fffffffc75c, size=4
Error in testing breakpoint condition:
No frame is currently executing in block gem5::PortProxy::writeBlob(unsigned long, void const*, int) const.

Breakpoint 1, gem5::PortProxy::writeBlob (this=0x7fffffffc710, addr=4294902124, p=0x7fffffffc75c, size=4) at src/mem/port_proxy.hh:192
192	    writeBlob(Addr addr, const void *p, int size) const
>>> writeBlob call: this=0x7fffffffc710, addr=0xffff016c, p=0x7fffffffc75c, size=4
Error in testing breakpoint condition:
No frame is currently executing in block gem5::PortProxy::writeBlob(unsigned long, void const*, int) const.

Breakpoint 1, gem5::PortProxy::writeBlob (this=0x7fffffffc710, addr=4294902128, p=0x7fffffffc75c, size=4) at src/mem/port_proxy.hh:192
192	    writeBlob(Addr addr, const void *p, int size) const
>>> writeBlob call: this=0x7fffffffc710, addr=0xffff0170, p=0x7fffffffc75c, size=4
Error in testing breakpoint condition:
No frame is currently executing in block gem5::PortProxy::writeBlob(unsigned long, void const*, int) const.

Breakpoint 1, gem5::PortProxy::writeBlob (this=0x7fffffffc710, addr=4294902132, p=0x7fffffffc75c, size=4) at src/mem/port_proxy.hh:192
192	    writeBlob(Addr addr, const void *p, int size) const
>>> writeBlob call: this=0x7fffffffc710, addr=0xffff0174, p=0x7fffffffc75c, size=4
Error in testing breakpoint condition:
No frame is currently executing in block gem5::PortProxy::writeBlob(unsigned long, void const*, int) const.

Breakpoint 1, gem5::PortProxy::writeBlob (this=0x7fffffffc710, addr=4294902136, p=0x7fffffffc75c, size=4) at src/mem/port_proxy.hh:192
192	    writeBlob(Addr addr, const void *p, int size) const
>>> writeBlob call: this=0x7fffffffc710, addr=0xffff0178, p=0x7fffffffc75c, size=4
Error in testing breakpoint condition:
No frame is currently executing in block gem5::PortProxy::writeBlob(unsigned long, void const*, int) const.

Breakpoint 1, gem5::PortProxy::writeBlob (this=0x7fffffffc710, addr=4294902140, p=0x7fffffffc75c, size=4) at src/mem/port_proxy.hh:192
192	    writeBlob(Addr addr, const void *p, int size) const
>>> writeBlob call: this=0x7fffffffc710, addr=0xffff017c, p=0x7fffffffc75c, size=4
Error in testing breakpoint condition:
No frame is currently executing in block gem5::PortProxy::writeBlob(unsigned long, void const*, int) const.

Breakpoint 1, gem5::PortProxy::writeBlob (this=0x7fffffffc710, addr=4294902144, p=0x7fffffffc75c, size=4) at src/mem/port_proxy.hh:192
192	    writeBlob(Addr addr, const void *p, int size) const
>>> writeBlob call: this=0x7fffffffc710, addr=0xffff0180, p=0x7fffffffc75c, size=4
Error in testing breakpoint condition:
No frame is currently executing in block gem5::PortProxy::writeBlob(unsigned long, void const*, int) const.

Breakpoint 1, gem5::PortProxy::writeBlob (this=0x7fffffffc710, addr=4294902148, p=0x7fffffffc75c, size=4) at src/mem/port_proxy.hh:192
192	    writeBlob(Addr addr, const void *p, int size) const
>>> writeBlob call: this=0x7fffffffc710, addr=0xffff0184, p=0x7fffffffc75c, size=4
Error in testing breakpoint condition:
No frame is currently executing in block gem5::PortProxy::writeBlob(unsigned long, void const*, int) const.

Breakpoint 1, gem5::PortProxy::writeBlob (this=0x7fffffffc710, addr=4294902152, p=0x7fffffffc75c, size=4) at src/mem/port_proxy.hh:192
192	    writeBlob(Addr addr, const void *p, int size) const
>>> writeBlob call: this=0x7fffffffc710, addr=0xffff0188, p=0x7fffffffc75c, size=4
Error in testing breakpoint condition:
No frame is currently executing in block gem5::PortProxy::writeBlob(unsigned long, void const*, int) const.

Breakpoint 1, gem5::PortProxy::writeBlob (this=0x7fffffffc710, addr=4294902156, p=0x7fffffffc75c, size=4) at src/mem/port_proxy.hh:192
192	    writeBlob(Addr addr, const void *p, int size) const
>>> writeBlob call: this=0x7fffffffc710, addr=0xffff018c, p=0x7fffffffc75c, size=4
Error in testing breakpoint condition:
No frame is currently executing in block gem5::PortProxy::writeBlob(unsigned long, void const*, int) const.

Breakpoint 1, gem5::PortProxy::writeBlob (this=0x7fffffffc710, addr=4294902160, p=0x7fffffffc75c, size=4) at src/mem/port_proxy.hh:192
192	    writeBlob(Addr addr, const void *p, int size) const
>>> writeBlob call: this=0x7fffffffc710, addr=0xffff0190, p=0x7fffffffc75c, size=4
Error in testing breakpoint condition:
No frame is currently executing in block gem5::PortProxy::writeBlob(unsigned long, void const*, int) const.

Breakpoint 1, gem5::PortProxy::writeBlob (this=0x7fffffffc710, addr=4294902164, p=0x7fffffffc75c, size=4) at src/mem/port_proxy.hh:192
192	    writeBlob(Addr addr, const void *p, int size) const
>>> writeBlob call: this=0x7fffffffc710, addr=0xffff0194, p=0x7fffffffc75c, size=4
Error in testing breakpoint condition:
No frame is currently executing in block gem5::PortProxy::writeBlob(unsigned long, void const*, int) const.

Breakpoint 1, gem5::PortProxy::writeBlob (this=0x7fffffffc710, addr=4294902168, p=0x7fffffffc75c, size=4) at src/mem/port_proxy.hh:192
192	    writeBlob(Addr addr, const void *p, int size) const
>>> writeBlob call: this=0x7fffffffc710, addr=0xffff0198, p=0x7fffffffc75c, size=4
Error in testing breakpoint condition:
No frame is currently executing in block gem5::PortProxy::writeBlob(unsigned long, void const*, int) const.

Breakpoint 1, gem5::PortProxy::writeBlob (this=0x7fffffffc710, addr=4294902172, p=0x7fffffffc75c, size=4) at src/mem/port_proxy.hh:192
192	    writeBlob(Addr addr, const void *p, int size) const
>>> writeBlob call: this=0x7fffffffc710, addr=0xffff019c, p=0x7fffffffc75c, size=4
Error in testing breakpoint condition:
No frame is currently executing in block gem5::PortProxy::writeBlob(unsigned long, void const*, int) const.

Breakpoint 1, gem5::PortProxy::writeBlob (this=0x7fffffffc710, addr=4294902176, p=0x7fffffffc75c, size=4) at src/mem/port_proxy.hh:192
192	    writeBlob(Addr addr, const void *p, int size) const
>>> writeBlob call: this=0x7fffffffc710, addr=0xffff01a0, p=0x7fffffffc75c, size=4
Error in testing breakpoint condition:
No frame is currently executing in block gem5::PortProxy::writeBlob(unsigned long, void const*, int) const.

Breakpoint 1, gem5::PortProxy::writeBlob (this=0x7fffffffc710, addr=4294902180, p=0x7fffffffc75c, size=4) at src/mem/port_proxy.hh:192
192	    writeBlob(Addr addr, const void *p, int size) const
>>> writeBlob call: this=0x7fffffffc710, addr=0xffff01a4, p=0x7fffffffc75c, size=4
Error in testing breakpoint condition:
No frame is currently executing in block gem5::PortProxy::writeBlob(unsigned long, void const*, int) const.

Breakpoint 1, gem5::PortProxy::writeBlob (this=0x7fffffffc710, addr=4294902184, p=0x7fffffffc75c, size=4) at src/mem/port_proxy.hh:192
192	    writeBlob(Addr addr, const void *p, int size) const
>>> writeBlob call: this=0x7fffffffc710, addr=0xffff01a8, p=0x7fffffffc75c, size=4
Error in testing breakpoint condition:
No frame is currently executing in block gem5::PortProxy::writeBlob(unsigned long, void const*, int) const.

Breakpoint 1, gem5::PortProxy::writeBlob (this=0x7fffffffc710, addr=4294902188, p=0x7fffffffc75c, size=4) at src/mem/port_proxy.hh:192
192	    writeBlob(Addr addr, const void *p, int size) const
>>> writeBlob call: this=0x7fffffffc710, addr=0xffff01ac, p=0x7fffffffc75c, size=4
Error in testing breakpoint condition:
No frame is currently executing in block gem5::PortProxy::writeBlob(unsigned long, void const*, int) const.

Breakpoint 1, gem5::PortProxy::writeBlob (this=0x7fffffffc710, addr=4294902192, p=0x7fffffffc75c, size=4) at src/mem/port_proxy.hh:192
192	    writeBlob(Addr addr, const void *p, int size) const
>>> writeBlob call: this=0x7fffffffc710, addr=0xffff01b0, p=0x7fffffffc75c, size=4
Error in testing breakpoint condition:
No frame is currently executing in block gem5::PortProxy::writeBlob(unsigned long, void const*, int) const.

Breakpoint 1, gem5::PortProxy::writeBlob (this=0x7fffffffc710, addr=4294902196, p=0x7fffffffc75c, size=4) at src/mem/port_proxy.hh:192
192	    writeBlob(Addr addr, const void *p, int size) const
>>> writeBlob call: this=0x7fffffffc710, addr=0xffff01b4, p=0x7fffffffc75c, size=4
Error in testing breakpoint condition:
No frame is currently executing in block gem5::PortProxy::writeBlob(unsigned long, void const*, int) const.

Breakpoint 1, gem5::PortProxy::writeBlob (this=0x7fffffffc710, addr=4294902200, p=0x7fffffffc75c, size=4) at src/mem/port_proxy.hh:192
192	    writeBlob(Addr addr, const void *p, int size) const
>>> writeBlob call: this=0x7fffffffc710, addr=0xffff01b8, p=0x7fffffffc75c, size=4
Error in testing breakpoint condition:
No frame is currently executing in block gem5::PortProxy::writeBlob(unsigned long, void const*, int) const.

Breakpoint 1, gem5::PortProxy::writeBlob (this=0x7fffffffc710, addr=4294902204, p=0x7fffffffc75c, size=4) at src/mem/port_proxy.hh:192
192	    writeBlob(Addr addr, const void *p, int size) const
>>> writeBlob call: this=0x7fffffffc710, addr=0xffff01bc, p=0x7fffffffc75c, size=4
Error in testing breakpoint condition:
No frame is currently executing in block gem5::PortProxy::writeBlob(unsigned long, void const*, int) const.

Breakpoint 1, gem5::PortProxy::writeBlob (this=0x7fffffffc710, addr=4294902208, p=0x7fffffffc75c, size=4) at src/mem/port_proxy.hh:192
192	    writeBlob(Addr addr, const void *p, int size) const
>>> writeBlob call: this=0x7fffffffc710, addr=0xffff01c0, p=0x7fffffffc75c, size=4
Error in testing breakpoint condition:
No frame is currently executing in block gem5::PortProxy::writeBlob(unsigned long, void const*, int) const.

Breakpoint 1, gem5::PortProxy::writeBlob (this=0x7fffffffc710, addr=4294902212, p=0x7fffffffc75c, size=4) at src/mem/port_proxy.hh:192
192	    writeBlob(Addr addr, const void *p, int size) const
>>> writeBlob call: this=0x7fffffffc710, addr=0xffff01c4, p=0x7fffffffc75c, size=4
Error in testing breakpoint condition:
No frame is currently executing in block gem5::PortProxy::writeBlob(unsigned long, void const*, int) const.

Breakpoint 1, gem5::PortProxy::writeBlob (this=0x7fffffffc710, addr=4294902216, p=0x7fffffffc75c, size=4) at src/mem/port_proxy.hh:192
192	    writeBlob(Addr addr, const void *p, int size) const
>>> writeBlob call: this=0x7fffffffc710, addr=0xffff01c8, p=0x7fffffffc75c, size=4
Error in testing breakpoint condition:
No frame is currently executing in block gem5::PortProxy::writeBlob(unsigned long, void const*, int) const.

Breakpoint 1, gem5::PortProxy::writeBlob (this=0x7fffffffc710, addr=4294902220, p=0x7fffffffc75c, size=4) at src/mem/port_proxy.hh:192
192	    writeBlob(Addr addr, const void *p, int size) const
>>> writeBlob call: this=0x7fffffffc710, addr=0xffff01cc, p=0x7fffffffc75c, size=4
Error in testing breakpoint condition:
No frame is currently executing in block gem5::PortProxy::writeBlob(unsigned long, void const*, int) const.

Breakpoint 1, gem5::PortProxy::writeBlob (this=0x7fffffffc710, addr=4294902224, p=0x7fffffffc75c, size=4) at src/mem/port_proxy.hh:192
192	    writeBlob(Addr addr, const void *p, int size) const
>>> writeBlob call: this=0x7fffffffc710, addr=0xffff01d0, p=0x7fffffffc75c, size=4
Error in testing breakpoint condition:
No frame is currently executing in block gem5::PortProxy::writeBlob(unsigned long, void const*, int) const.

Breakpoint 1, gem5::PortProxy::writeBlob (this=0x7fffffffc710, addr=4294902228, p=0x7fffffffc75c, size=4) at src/mem/port_proxy.hh:192
192	    writeBlob(Addr addr, const void *p, int size) const
>>> writeBlob call: this=0x7fffffffc710, addr=0xffff01d4, p=0x7fffffffc75c, size=4
Error in testing breakpoint condition:
No frame is currently executing in block gem5::PortProxy::writeBlob(unsigned long, void const*, int) const.

Breakpoint 1, gem5::PortProxy::writeBlob (this=0x7fffffffc710, addr=4294902232, p=0x7fffffffc75c, size=4) at src/mem/port_proxy.hh:192
192	    writeBlob(Addr addr, const void *p, int size) const
>>> writeBlob call: this=0x7fffffffc710, addr=0xffff01d8, p=0x7fffffffc75c, size=4
Error in testing breakpoint condition:
No frame is currently executing in block gem5::PortProxy::writeBlob(unsigned long, void const*, int) const.

Breakpoint 1, gem5::PortProxy::writeBlob (this=0x7fffffffc710, addr=4294902236, p=0x7fffffffc75c, size=4) at src/mem/port_proxy.hh:192
192	    writeBlob(Addr addr, const void *p, int size) const
>>> writeBlob call: this=0x7fffffffc710, addr=0xffff01dc, p=0x7fffffffc75c, size=4
Error in testing breakpoint condition:
No frame is currently executing in block gem5::PortProxy::writeBlob(unsigned long, void const*, int) const.

Breakpoint 1, gem5::PortProxy::writeBlob (this=0x7fffffffc710, addr=4294902240, p=0x7fffffffc75c, size=4) at src/mem/port_proxy.hh:192
192	    writeBlob(Addr addr, const void *p, int size) const
>>> writeBlob call: this=0x7fffffffc710, addr=0xffff01e0, p=0x7fffffffc75c, size=4
Error in testing breakpoint condition:
No frame is currently executing in block gem5::PortProxy::writeBlob(unsigned long, void const*, int) const.

Breakpoint 1, gem5::PortProxy::writeBlob (this=0x7fffffffc710, addr=4294902244, p=0x7fffffffc75c, size=4) at src/mem/port_proxy.hh:192
192	    writeBlob(Addr addr, const void *p, int size) const
>>> writeBlob call: this=0x7fffffffc710, addr=0xffff01e4, p=0x7fffffffc75c, size=4
Error in testing breakpoint condition:
No frame is currently executing in block gem5::PortProxy::writeBlob(unsigned long, void const*, int) const.

Breakpoint 1, gem5::PortProxy::writeBlob (this=0x7fffffffc710, addr=4294902248, p=0x7fffffffc75c, size=4) at src/mem/port_proxy.hh:192
192	    writeBlob(Addr addr, const void *p, int size) const
>>> writeBlob call: this=0x7fffffffc710, addr=0xffff01e8, p=0x7fffffffc75c, size=4
Error in testing breakpoint condition:
No frame is currently executing in block gem5::PortProxy::writeBlob(unsigned long, void const*, int) const.

Breakpoint 1, gem5::PortProxy::writeBlob (this=0x7fffffffc710, addr=4294902252, p=0x7fffffffc75c, size=4) at src/mem/port_proxy.hh:192
192	    writeBlob(Addr addr, const void *p, int size) const
>>> writeBlob call: this=0x7fffffffc710, addr=0xffff01ec, p=0x7fffffffc75c, size=4
Error in testing breakpoint condition:
No frame is currently executing in block gem5::PortProxy::writeBlob(unsigned long, void const*, int) const.

Breakpoint 1, gem5::PortProxy::writeBlob (this=0x7fffffffc710, addr=4294902256, p=0x7fffffffc75c, size=4) at src/mem/port_proxy.hh:192
192	    writeBlob(Addr addr, const void *p, int size) const
>>> writeBlob call: this=0x7fffffffc710, addr=0xffff01f0, p=0x7fffffffc75c, size=4
Error in testing breakpoint condition:
No frame is currently executing in block gem5::PortProxy::writeBlob(unsigned long, void const*, int) const.

Breakpoint 1, gem5::PortProxy::writeBlob (this=0x7fffffffc710, addr=4294902260, p=0x7fffffffc75c, size=4) at src/mem/port_proxy.hh:192
192	    writeBlob(Addr addr, const void *p, int size) const
>>> writeBlob call: this=0x7fffffffc710, addr=0xffff01f4, p=0x7fffffffc75c, size=4
Error in testing breakpoint condition:
No frame is currently executing in block gem5::PortProxy::writeBlob(unsigned long, void const*, int) const.

Breakpoint 1, gem5::PortProxy::writeBlob (this=0x7fffffffc710, addr=4294902264, p=0x7fffffffc75c, size=4) at src/mem/port_proxy.hh:192
192	    writeBlob(Addr addr, const void *p, int size) const
>>> writeBlob call: this=0x7fffffffc710, addr=0xffff01f8, p=0x7fffffffc75c, size=4
Error in testing breakpoint condition:
No frame is currently executing in block gem5::PortProxy::writeBlob(unsigned long, void const*, int) const.

Breakpoint 1, gem5::PortProxy::writeBlob (this=0x7fffffffc710, addr=4294902268, p=0x7fffffffc75c, size=4) at src/mem/port_proxy.hh:192
192	    writeBlob(Addr addr, const void *p, int size) const
>>> writeBlob call: this=0x7fffffffc710, addr=0xffff01fc, p=0x7fffffffc75c, size=4
Error in testing breakpoint condition:
No frame is currently executing in block gem5::PortProxy::writeBlob(unsigned long, void const*, int) const.

Breakpoint 1, gem5::PortProxy::writeBlob (this=0x7fffffffc710, addr=4294902272, p=0x7fffffffc75c, size=4) at src/mem/port_proxy.hh:192
192	    writeBlob(Addr addr, const void *p, int size) const
>>> writeBlob call: this=0x7fffffffc710, addr=0xffff0200, p=0x7fffffffc75c, size=4
Error in testing breakpoint condition:
No frame is currently executing in block gem5::PortProxy::writeBlob(unsigned long, void const*, int) const.

Breakpoint 1, gem5::PortProxy::writeBlob (this=0x7fffffffc710, addr=4294902276, p=0x7fffffffc75c, size=4) at src/mem/port_proxy.hh:192
192	    writeBlob(Addr addr, const void *p, int size) const
>>> writeBlob call: this=0x7fffffffc710, addr=0xffff0204, p=0x7fffffffc75c, size=4
Error in testing breakpoint condition:
No frame is currently executing in block gem5::PortProxy::writeBlob(unsigned long, void const*, int) const.

Breakpoint 1, gem5::PortProxy::writeBlob (this=0x7fffffffc710, addr=4294902280, p=0x7fffffffc75c, size=4) at src/mem/port_proxy.hh:192
192	    writeBlob(Addr addr, const void *p, int size) const
>>> writeBlob call: this=0x7fffffffc710, addr=0xffff0208, p=0x7fffffffc75c, size=4
Error in testing breakpoint condition:
No frame is currently executing in block gem5::PortProxy::writeBlob(unsigned long, void const*, int) const.

Breakpoint 1, gem5::PortProxy::writeBlob (this=0x7fffffffc710, addr=4294902284, p=0x7fffffffc75c, size=4) at src/mem/port_proxy.hh:192
192	    writeBlob(Addr addr, const void *p, int size) const
>>> writeBlob call: this=0x7fffffffc710, addr=0xffff020c, p=0x7fffffffc75c, size=4
Error in testing breakpoint condition:
No frame is currently executing in block gem5::PortProxy::writeBlob(unsigned long, void const*, int) const.

Breakpoint 1, gem5::PortProxy::writeBlob (this=0x7fffffffc710, addr=4294902288, p=0x7fffffffc75c, size=4) at src/mem/port_proxy.hh:192
192	    writeBlob(Addr addr, const void *p, int size) const
>>> writeBlob call: this=0x7fffffffc710, addr=0xffff0210, p=0x7fffffffc75c, size=4
Error in testing breakpoint condition:
No frame is currently executing in block gem5::PortProxy::writeBlob(unsigned long, void const*, int) const.

Breakpoint 1, gem5::PortProxy::writeBlob (this=0x7fffffffc710, addr=4294902292, p=0x7fffffffc75c, size=4) at src/mem/port_proxy.hh:192
192	    writeBlob(Addr addr, const void *p, int size) const
>>> writeBlob call: this=0x7fffffffc710, addr=0xffff0214, p=0x7fffffffc75c, size=4
Error in testing breakpoint condition:
No frame is currently executing in block gem5::PortProxy::writeBlob(unsigned long, void const*, int) const.

Breakpoint 1, gem5::PortProxy::writeBlob (this=0x7fffffffc710, addr=4294902296, p=0x7fffffffc75c, size=4) at src/mem/port_proxy.hh:192
192	    writeBlob(Addr addr, const void *p, int size) const
>>> writeBlob call: this=0x7fffffffc710, addr=0xffff0218, p=0x7fffffffc75c, size=4
Error in testing breakpoint condition:
No frame is currently executing in block gem5::PortProxy::writeBlob(unsigned long, void const*, int) const.

Breakpoint 1, gem5::PortProxy::writeBlob (this=0x7fffffffc710, addr=4294902300, p=0x7fffffffc75c, size=4) at src/mem/port_proxy.hh:192
192	    writeBlob(Addr addr, const void *p, int size) const
>>> writeBlob call: this=0x7fffffffc710, addr=0xffff021c, p=0x7fffffffc75c, size=4
Error in testing breakpoint condition:
No frame is currently executing in block gem5::PortProxy::writeBlob(unsigned long, void const*, int) const.

Breakpoint 1, gem5::PortProxy::writeBlob (this=0x7fffffffc710, addr=4294902304, p=0x7fffffffc75c, size=4) at src/mem/port_proxy.hh:192
192	    writeBlob(Addr addr, const void *p, int size) const
>>> writeBlob call: this=0x7fffffffc710, addr=0xffff0220, p=0x7fffffffc75c, size=4
Error in testing breakpoint condition:
No frame is currently executing in block gem5::PortProxy::writeBlob(unsigned long, void const*, int) const.

Breakpoint 1, gem5::PortProxy::writeBlob (this=0x7fffffffc710, addr=4294902308, p=0x7fffffffc75c, size=4) at src/mem/port_proxy.hh:192
192	    writeBlob(Addr addr, const void *p, int size) const
>>> writeBlob call: this=0x7fffffffc710, addr=0xffff0224, p=0x7fffffffc75c, size=4
Error in testing breakpoint condition:
No frame is currently executing in block gem5::PortProxy::writeBlob(unsigned long, void const*, int) const.

Breakpoint 1, gem5::PortProxy::writeBlob (this=0x7fffffffc710, addr=4294902312, p=0x7fffffffc75c, size=4) at src/mem/port_proxy.hh:192
192	    writeBlob(Addr addr, const void *p, int size) const
>>> writeBlob call: this=0x7fffffffc710, addr=0xffff0228, p=0x7fffffffc75c, size=4
Error in testing breakpoint condition:
No frame is currently executing in block gem5::PortProxy::writeBlob(unsigned long, void const*, int) const.

Breakpoint 1, gem5::PortProxy::writeBlob (this=0x7fffffffc710, addr=4294902316, p=0x7fffffffc75c, size=4) at src/mem/port_proxy.hh:192
192	    writeBlob(Addr addr, const void *p, int size) const
>>> writeBlob call: this=0x7fffffffc710, addr=0xffff022c, p=0x7fffffffc75c, size=4
Error in testing breakpoint condition:
No frame is currently executing in block gem5::PortProxy::writeBlob(unsigned long, void const*, int) const.

Breakpoint 1, gem5::PortProxy::writeBlob (this=0x7fffffffc710, addr=4294902320, p=0x7fffffffc75c, size=4) at src/mem/port_proxy.hh:192
192	    writeBlob(Addr addr, const void *p, int size) const
>>> writeBlob call: this=0x7fffffffc710, addr=0xffff0230, p=0x7fffffffc75c, size=4
Error in testing breakpoint condition:
No frame is currently executing in block gem5::PortProxy::writeBlob(unsigned long, void const*, int) const.

Breakpoint 1, gem5::PortProxy::writeBlob (this=0x7fffffffc710, addr=4294902324, p=0x7fffffffc75c, size=4) at src/mem/port_proxy.hh:192
192	    writeBlob(Addr addr, const void *p, int size) const
>>> writeBlob call: this=0x7fffffffc710, addr=0xffff0234, p=0x7fffffffc75c, size=4
Error in testing breakpoint condition:
No frame is currently executing in block gem5::PortProxy::writeBlob(unsigned long, void const*, int) const.

Breakpoint 1, gem5::PortProxy::writeBlob (this=0x7fffffffc710, addr=4294902328, p=0x7fffffffc75c, size=4) at src/mem/port_proxy.hh:192
192	    writeBlob(Addr addr, const void *p, int size) const
>>> writeBlob call: this=0x7fffffffc710, addr=0xffff0238, p=0x7fffffffc75c, size=4
Error in testing breakpoint condition:
No frame is currently executing in block gem5::PortProxy::writeBlob(unsigned long, void const*, int) const.

Breakpoint 1, gem5::PortProxy::writeBlob (this=0x7fffffffc710, addr=4294902332, p=0x7fffffffc75c, size=4) at src/mem/port_proxy.hh:192
192	    writeBlob(Addr addr, const void *p, int size) const
>>> writeBlob call: this=0x7fffffffc710, addr=0xffff023c, p=0x7fffffffc75c, size=4
Error in testing breakpoint condition:
No frame is currently executing in block gem5::PortProxy::writeBlob(unsigned long, void const*, int) const.

Breakpoint 1, gem5::PortProxy::writeBlob (this=0x7fffffffc710, addr=4294902336, p=0x7fffffffc75c, size=4) at src/mem/port_proxy.hh:192
192	    writeBlob(Addr addr, const void *p, int size) const
>>> writeBlob call: this=0x7fffffffc710, addr=0xffff0240, p=0x7fffffffc75c, size=4
Error in testing breakpoint condition:
No frame is currently executing in block gem5::PortProxy::writeBlob(unsigned long, void const*, int) const.

Breakpoint 1, gem5::PortProxy::writeBlob (this=0x7fffffffc710, addr=4294902340, p=0x7fffffffc75c, size=4) at src/mem/port_proxy.hh:192
192	    writeBlob(Addr addr, const void *p, int size) const
>>> writeBlob call: this=0x7fffffffc710, addr=0xffff0244, p=0x7fffffffc75c, size=4
Error in testing breakpoint condition:
No frame is currently executing in block gem5::PortProxy::writeBlob(unsigned long, void const*, int) const.

Breakpoint 1, gem5::PortProxy::writeBlob (this=0x7fffffffc710, addr=4294902344, p=0x7fffffffc75c, size=4) at src/mem/port_proxy.hh:192
192	    writeBlob(Addr addr, const void *p, int size) const
>>> writeBlob call: this=0x7fffffffc710, addr=0xffff0248, p=0x7fffffffc75c, size=4
Error in testing breakpoint condition:
No frame is currently executing in block gem5::PortProxy::writeBlob(unsigned long, void const*, int) const.

Breakpoint 1, gem5::PortProxy::writeBlob (this=0x7fffffffc710, addr=4294902348, p=0x7fffffffc75c, size=4) at src/mem/port_proxy.hh:192
192	    writeBlob(Addr addr, const void *p, int size) const
>>> writeBlob call: this=0x7fffffffc710, addr=0xffff024c, p=0x7fffffffc75c, size=4
Error in testing breakpoint condition:
No frame is currently executing in block gem5::PortProxy::writeBlob(unsigned long, void const*, int) const.

Breakpoint 1, gem5::PortProxy::writeBlob (this=0x7fffffffc710, addr=4294902352, p=0x7fffffffc75c, size=4) at src/mem/port_proxy.hh:192
192	    writeBlob(Addr addr, const void *p, int size) const
>>> writeBlob call: this=0x7fffffffc710, addr=0xffff0250, p=0x7fffffffc75c, size=4
Error in testing breakpoint condition:
No frame is currently executing in block gem5::PortProxy::writeBlob(unsigned long, void const*, int) const.

Breakpoint 1, gem5::PortProxy::writeBlob (this=0x7fffffffc710, addr=4294902356, p=0x7fffffffc75c, size=4) at src/mem/port_proxy.hh:192
192	    writeBlob(Addr addr, const void *p, int size) const
>>> writeBlob call: this=0x7fffffffc710, addr=0xffff0254, p=0x7fffffffc75c, size=4
Error in testing breakpoint condition:
No frame is currently executing in block gem5::PortProxy::writeBlob(unsigned long, void const*, int) const.

Breakpoint 1, gem5::PortProxy::writeBlob (this=0x7fffffffc710, addr=4294902360, p=0x7fffffffc75c, size=4) at src/mem/port_proxy.hh:192
192	    writeBlob(Addr addr, const void *p, int size) const
>>> writeBlob call: this=0x7fffffffc710, addr=0xffff0258, p=0x7fffffffc75c, size=4
Error in testing breakpoint condition:
No frame is currently executing in block gem5::PortProxy::writeBlob(unsigned long, void const*, int) const.

Breakpoint 1, gem5::PortProxy::writeBlob (this=0x7fffffffc710, addr=4294902364, p=0x7fffffffc75c, size=4) at src/mem/port_proxy.hh:192
192	    writeBlob(Addr addr, const void *p, int size) const
>>> writeBlob call: this=0x7fffffffc710, addr=0xffff025c, p=0x7fffffffc75c, size=4
Error in testing breakpoint condition:
No frame is currently executing in block gem5::PortProxy::writeBlob(unsigned long, void const*, int) const.

Breakpoint 1, gem5::PortProxy::writeBlob (this=0x7fffffffc710, addr=4294902368, p=0x7fffffffc75c, size=4) at src/mem/port_proxy.hh:192
192	    writeBlob(Addr addr, const void *p, int size) const
>>> writeBlob call: this=0x7fffffffc710, addr=0xffff0260, p=0x7fffffffc75c, size=4
Error in testing breakpoint condition:
No frame is currently executing in block gem5::PortProxy::writeBlob(unsigned long, void const*, int) const.

Breakpoint 1, gem5::PortProxy::writeBlob (this=0x7fffffffc710, addr=4294902372, p=0x7fffffffc75c, size=4) at src/mem/port_proxy.hh:192
192	    writeBlob(Addr addr, const void *p, int size) const
>>> writeBlob call: this=0x7fffffffc710, addr=0xffff0264, p=0x7fffffffc75c, size=4
Error in testing breakpoint condition:
No frame is currently executing in block gem5::PortProxy::writeBlob(unsigned long, void const*, int) const.

Breakpoint 1, gem5::PortProxy::writeBlob (this=0x7fffffffc710, addr=4294902376, p=0x7fffffffc75c, size=4) at src/mem/port_proxy.hh:192
192	    writeBlob(Addr addr, const void *p, int size) const
>>> writeBlob call: this=0x7fffffffc710, addr=0xffff0268, p=0x7fffffffc75c, size=4
Error in testing breakpoint condition:
No frame is currently executing in block gem5::PortProxy::writeBlob(unsigned long, void const*, int) const.

Breakpoint 1, gem5::PortProxy::writeBlob (this=0x7fffffffc710, addr=4294902380, p=0x7fffffffc75c, size=4) at src/mem/port_proxy.hh:192
192	    writeBlob(Addr addr, const void *p, int size) const
>>> writeBlob call: this=0x7fffffffc710, addr=0xffff026c, p=0x7fffffffc75c, size=4
Error in testing breakpoint condition:
No frame is currently executing in block gem5::PortProxy::writeBlob(unsigned long, void const*, int) const.

Breakpoint 1, gem5::PortProxy::writeBlob (this=0x7fffffffc710, addr=4294902384, p=0x7fffffffc75c, size=4) at src/mem/port_proxy.hh:192
192	    writeBlob(Addr addr, const void *p, int size) const
>>> writeBlob call: this=0x7fffffffc710, addr=0xffff0270, p=0x7fffffffc75c, size=4
Error in testing breakpoint condition:
No frame is currently executing in block gem5::PortProxy::writeBlob(unsigned long, void const*, int) const.

Breakpoint 1, gem5::PortProxy::writeBlob (this=0x7fffffffc710, addr=4294902388, p=0x7fffffffc75c, size=4) at src/mem/port_proxy.hh:192
192	    writeBlob(Addr addr, const void *p, int size) const
>>> writeBlob call: this=0x7fffffffc710, addr=0xffff0274, p=0x7fffffffc75c, size=4
Error in testing breakpoint condition:
No frame is currently executing in block gem5::PortProxy::writeBlob(unsigned long, void const*, int) const.

Breakpoint 1, gem5::PortProxy::writeBlob (this=0x7fffffffc710, addr=4294902392, p=0x7fffffffc75c, size=4) at src/mem/port_proxy.hh:192
192	    writeBlob(Addr addr, const void *p, int size) const
>>> writeBlob call: this=0x7fffffffc710, addr=0xffff0278, p=0x7fffffffc75c, size=4
Error in testing breakpoint condition:
No frame is currently executing in block gem5::PortProxy::writeBlob(unsigned long, void const*, int) const.

Breakpoint 1, gem5::PortProxy::writeBlob (this=0x7fffffffc710, addr=4294902396, p=0x7fffffffc75c, size=4) at src/mem/port_proxy.hh:192
192	    writeBlob(Addr addr, const void *p, int size) const
>>> writeBlob call: this=0x7fffffffc710, addr=0xffff027c, p=0x7fffffffc75c, size=4
Error in testing breakpoint condition:
No frame is currently executing in block gem5::PortProxy::writeBlob(unsigned long, void const*, int) const.

Breakpoint 1, gem5::PortProxy::writeBlob (this=0x7fffffffc710, addr=4294902400, p=0x7fffffffc75c, size=4) at src/mem/port_proxy.hh:192
192	    writeBlob(Addr addr, const void *p, int size) const
>>> writeBlob call: this=0x7fffffffc710, addr=0xffff0280, p=0x7fffffffc75c, size=4
Error in testing breakpoint condition:
No frame is currently executing in block gem5::PortProxy::writeBlob(unsigned long, void const*, int) const.

Breakpoint 1, gem5::PortProxy::writeBlob (this=0x7fffffffc710, addr=4294902404, p=0x7fffffffc75c, size=4) at src/mem/port_proxy.hh:192
192	    writeBlob(Addr addr, const void *p, int size) const
>>> writeBlob call: this=0x7fffffffc710, addr=0xffff0284, p=0x7fffffffc75c, size=4
Error in testing breakpoint condition:
No frame is currently executing in block gem5::PortProxy::writeBlob(unsigned long, void const*, int) const.

Breakpoint 1, gem5::PortProxy::writeBlob (this=0x7fffffffc710, addr=4294902408, p=0x7fffffffc75c, size=4) at src/mem/port_proxy.hh:192
192	    writeBlob(Addr addr, const void *p, int size) const
>>> writeBlob call: this=0x7fffffffc710, addr=0xffff0288, p=0x7fffffffc75c, size=4
Error in testing breakpoint condition:
No frame is currently executing in block gem5::PortProxy::writeBlob(unsigned long, void const*, int) const.

Breakpoint 1, gem5::PortProxy::writeBlob (this=0x7fffffffc710, addr=4294902412, p=0x7fffffffc75c, size=4) at src/mem/port_proxy.hh:192
192	    writeBlob(Addr addr, const void *p, int size) const
>>> writeBlob call: this=0x7fffffffc710, addr=0xffff028c, p=0x7fffffffc75c, size=4
Error in testing breakpoint condition:
No frame is currently executing in block gem5::PortProxy::writeBlob(unsigned long, void const*, int) const.

Breakpoint 1, gem5::PortProxy::writeBlob (this=0x7fffffffc710, addr=4294902416, p=0x7fffffffc75c, size=4) at src/mem/port_proxy.hh:192
192	    writeBlob(Addr addr, const void *p, int size) const
>>> writeBlob call: this=0x7fffffffc710, addr=0xffff0290, p=0x7fffffffc75c, size=4
Error in testing breakpoint condition:
No frame is currently executing in block gem5::PortProxy::writeBlob(unsigned long, void const*, int) const.

Breakpoint 1, gem5::PortProxy::writeBlob (this=0x7fffffffc710, addr=4294902420, p=0x7fffffffc75c, size=4) at src/mem/port_proxy.hh:192
192	    writeBlob(Addr addr, const void *p, int size) const
>>> writeBlob call: this=0x7fffffffc710, addr=0xffff0294, p=0x7fffffffc75c, size=4
Error in testing breakpoint condition:
No frame is currently executing in block gem5::PortProxy::writeBlob(unsigned long, void const*, int) const.

Breakpoint 1, gem5::PortProxy::writeBlob (this=0x7fffffffc710, addr=4294902424, p=0x7fffffffc75c, size=4) at src/mem/port_proxy.hh:192
192	    writeBlob(Addr addr, const void *p, int size) const
>>> writeBlob call: this=0x7fffffffc710, addr=0xffff0298, p=0x7fffffffc75c, size=4
Error in testing breakpoint condition:
No frame is currently executing in block gem5::PortProxy::writeBlob(unsigned long, void const*, int) const.

Breakpoint 1, gem5::PortProxy::writeBlob (this=0x7fffffffc710, addr=4294902428, p=0x7fffffffc75c, size=4) at src/mem/port_proxy.hh:192
192	    writeBlob(Addr addr, const void *p, int size) const
>>> writeBlob call: this=0x7fffffffc710, addr=0xffff029c, p=0x7fffffffc75c, size=4
Error in testing breakpoint condition:
No frame is currently executing in block gem5::PortProxy::writeBlob(unsigned long, void const*, int) const.

Breakpoint 1, gem5::PortProxy::writeBlob (this=0x7fffffffc710, addr=4294902432, p=0x7fffffffc75c, size=4) at src/mem/port_proxy.hh:192
192	    writeBlob(Addr addr, const void *p, int size) const
>>> writeBlob call: this=0x7fffffffc710, addr=0xffff02a0, p=0x7fffffffc75c, size=4
Error in testing breakpoint condition:
No frame is currently executing in block gem5::PortProxy::writeBlob(unsigned long, void const*, int) const.

Breakpoint 1, gem5::PortProxy::writeBlob (this=0x7fffffffc710, addr=4294902436, p=0x7fffffffc75c, size=4) at src/mem/port_proxy.hh:192
192	    writeBlob(Addr addr, const void *p, int size) const
>>> writeBlob call: this=0x7fffffffc710, addr=0xffff02a4, p=0x7fffffffc75c, size=4
Error in testing breakpoint condition:
No frame is currently executing in block gem5::PortProxy::writeBlob(unsigned long, void const*, int) const.

Breakpoint 1, gem5::PortProxy::writeBlob (this=0x7fffffffc710, addr=4294902440, p=0x7fffffffc75c, size=4) at src/mem/port_proxy.hh:192
192	    writeBlob(Addr addr, const void *p, int size) const
>>> writeBlob call: this=0x7fffffffc710, addr=0xffff02a8, p=0x7fffffffc75c, size=4
Error in testing breakpoint condition:
No frame is currently executing in block gem5::PortProxy::writeBlob(unsigned long, void const*, int) const.

Breakpoint 1, gem5::PortProxy::writeBlob (this=0x7fffffffc710, addr=4294902444, p=0x7fffffffc75c, size=4) at src/mem/port_proxy.hh:192
192	    writeBlob(Addr addr, const void *p, int size) const
>>> writeBlob call: this=0x7fffffffc710, addr=0xffff02ac, p=0x7fffffffc75c, size=4
Error in testing breakpoint condition:
No frame is currently executing in block gem5::PortProxy::writeBlob(unsigned long, void const*, int) const.

Breakpoint 1, gem5::PortProxy::writeBlob (this=0x7fffffffc710, addr=4294902448, p=0x7fffffffc75c, size=4) at src/mem/port_proxy.hh:192
192	    writeBlob(Addr addr, const void *p, int size) const
>>> writeBlob call: this=0x7fffffffc710, addr=0xffff02b0, p=0x7fffffffc75c, size=4
Error in testing breakpoint condition:
No frame is currently executing in block gem5::PortProxy::writeBlob(unsigned long, void const*, int) const.

Breakpoint 1, gem5::PortProxy::writeBlob (this=0x7fffffffc710, addr=4294902452, p=0x7fffffffc75c, size=4) at src/mem/port_proxy.hh:192
192	    writeBlob(Addr addr, const void *p, int size) const
>>> writeBlob call: this=0x7fffffffc710, addr=0xffff02b4, p=0x7fffffffc75c, size=4
Error in testing breakpoint condition:
No frame is currently executing in block gem5::PortProxy::writeBlob(unsigned long, void const*, int) const.

Breakpoint 1, gem5::PortProxy::writeBlob (this=0x7fffffffc710, addr=4294902456, p=0x7fffffffc75c, size=4) at src/mem/port_proxy.hh:192
192	    writeBlob(Addr addr, const void *p, int size) const
>>> writeBlob call: this=0x7fffffffc710, addr=0xffff02b8, p=0x7fffffffc75c, size=4
Error in testing breakpoint condition:
No frame is currently executing in block gem5::PortProxy::writeBlob(unsigned long, void const*, int) const.

Breakpoint 1, gem5::PortProxy::writeBlob (this=0x7fffffffc710, addr=4294902460, p=0x7fffffffc75c, size=4) at src/mem/port_proxy.hh:192
192	    writeBlob(Addr addr, const void *p, int size) const
>>> writeBlob call: this=0x7fffffffc710, addr=0xffff02bc, p=0x7fffffffc75c, size=4
Error in testing breakpoint condition:
No frame is currently executing in block gem5::PortProxy::writeBlob(unsigned long, void const*, int) const.

Breakpoint 1, gem5::PortProxy::writeBlob (this=0x7fffffffc710, addr=4294902464, p=0x7fffffffc75c, size=4) at src/mem/port_proxy.hh:192
192	    writeBlob(Addr addr, const void *p, int size) const
>>> writeBlob call: this=0x7fffffffc710, addr=0xffff02c0, p=0x7fffffffc75c, size=4
Error in testing breakpoint condition:
No frame is currently executing in block gem5::PortProxy::writeBlob(unsigned long, void const*, int) const.

Breakpoint 1, gem5::PortProxy::writeBlob (this=0x7fffffffc710, addr=4294902468, p=0x7fffffffc75c, size=4) at src/mem/port_proxy.hh:192
192	    writeBlob(Addr addr, const void *p, int size) const
>>> writeBlob call: this=0x7fffffffc710, addr=0xffff02c4, p=0x7fffffffc75c, size=4
Error in testing breakpoint condition:
No frame is currently executing in block gem5::PortProxy::writeBlob(unsigned long, void const*, int) const.

Breakpoint 1, gem5::PortProxy::writeBlob (this=0x7fffffffc710, addr=4294902472, p=0x7fffffffc75c, size=4) at src/mem/port_proxy.hh:192
192	    writeBlob(Addr addr, const void *p, int size) const
>>> writeBlob call: this=0x7fffffffc710, addr=0xffff02c8, p=0x7fffffffc75c, size=4
Error in testing breakpoint condition:
No frame is currently executing in block gem5::PortProxy::writeBlob(unsigned long, void const*, int) const.

Breakpoint 1, gem5::PortProxy::writeBlob (this=0x7fffffffc710, addr=4294902476, p=0x7fffffffc75c, size=4) at src/mem/port_proxy.hh:192
192	    writeBlob(Addr addr, const void *p, int size) const
>>> writeBlob call: this=0x7fffffffc710, addr=0xffff02cc, p=0x7fffffffc75c, size=4
Error in testing breakpoint condition:
No frame is currently executing in block gem5::PortProxy::writeBlob(unsigned long, void const*, int) const.

Breakpoint 1, gem5::PortProxy::writeBlob (this=0x7fffffffc710, addr=4294902480, p=0x7fffffffc75c, size=4) at src/mem/port_proxy.hh:192
192	    writeBlob(Addr addr, const void *p, int size) const
>>> writeBlob call: this=0x7fffffffc710, addr=0xffff02d0, p=0x7fffffffc75c, size=4
Error in testing breakpoint condition:
No frame is currently executing in block gem5::PortProxy::writeBlob(unsigned long, void const*, int) const.

Breakpoint 1, gem5::PortProxy::writeBlob (this=0x7fffffffc710, addr=4294902484, p=0x7fffffffc75c, size=4) at src/mem/port_proxy.hh:192
192	    writeBlob(Addr addr, const void *p, int size) const
>>> writeBlob call: this=0x7fffffffc710, addr=0xffff02d4, p=0x7fffffffc75c, size=4
Error in testing breakpoint condition:
No frame is currently executing in block gem5::PortProxy::writeBlob(unsigned long, void const*, int) const.

Breakpoint 1, gem5::PortProxy::writeBlob (this=0x7fffffffc710, addr=4294902488, p=0x7fffffffc75c, size=4) at src/mem/port_proxy.hh:192
192	    writeBlob(Addr addr, const void *p, int size) const
>>> writeBlob call: this=0x7fffffffc710, addr=0xffff02d8, p=0x7fffffffc75c, size=4
Error in testing breakpoint condition:
No frame is currently executing in block gem5::PortProxy::writeBlob(unsigned long, void const*, int) const.

Breakpoint 1, gem5::PortProxy::writeBlob (this=0x7fffffffc710, addr=4294902492, p=0x7fffffffc75c, size=4) at src/mem/port_proxy.hh:192
192	    writeBlob(Addr addr, const void *p, int size) const
>>> writeBlob call: this=0x7fffffffc710, addr=0xffff02dc, p=0x7fffffffc75c, size=4
Error in testing breakpoint condition:
No frame is currently executing in block gem5::PortProxy::writeBlob(unsigned long, void const*, int) const.

Breakpoint 1, gem5::PortProxy::writeBlob (this=0x7fffffffc710, addr=4294902496, p=0x7fffffffc75c, size=4) at src/mem/port_proxy.hh:192
192	    writeBlob(Addr addr, const void *p, int size) const
>>> writeBlob call: this=0x7fffffffc710, addr=0xffff02e0, p=0x7fffffffc75c, size=4
Error in testing breakpoint condition:
No frame is currently executing in block gem5::PortProxy::writeBlob(unsigned long, void const*, int) const.

Breakpoint 1, gem5::PortProxy::writeBlob (this=0x7fffffffc710, addr=4294902500, p=0x7fffffffc75c, size=4) at src/mem/port_proxy.hh:192
192	    writeBlob(Addr addr, const void *p, int size) const
>>> writeBlob call: this=0x7fffffffc710, addr=0xffff02e4, p=0x7fffffffc75c, size=4
Error in testing breakpoint condition:
No frame is currently executing in block gem5::PortProxy::writeBlob(unsigned long, void const*, int) const.

Breakpoint 1, gem5::PortProxy::writeBlob (this=0x7fffffffc710, addr=4294902504, p=0x7fffffffc75c, size=4) at src/mem/port_proxy.hh:192
192	    writeBlob(Addr addr, const void *p, int size) const
>>> writeBlob call: this=0x7fffffffc710, addr=0xffff02e8, p=0x7fffffffc75c, size=4
Error in testing breakpoint condition:
No frame is currently executing in block gem5::PortProxy::writeBlob(unsigned long, void const*, int) const.

Breakpoint 1, gem5::PortProxy::writeBlob (this=0x7fffffffc710, addr=4294902508, p=0x7fffffffc75c, size=4) at src/mem/port_proxy.hh:192
192	    writeBlob(Addr addr, const void *p, int size) const
>>> writeBlob call: this=0x7fffffffc710, addr=0xffff02ec, p=0x7fffffffc75c, size=4
Error in testing breakpoint condition:
No frame is currently executing in block gem5::PortProxy::writeBlob(unsigned long, void const*, int) const.

Breakpoint 1, gem5::PortProxy::writeBlob (this=0x7fffffffc710, addr=4294902512, p=0x7fffffffc75c, size=4) at src/mem/port_proxy.hh:192
192	    writeBlob(Addr addr, const void *p, int size) const
>>> writeBlob call: this=0x7fffffffc710, addr=0xffff02f0, p=0x7fffffffc75c, size=4
Error in testing breakpoint condition:
No frame is currently executing in block gem5::PortProxy::writeBlob(unsigned long, void const*, int) const.

Breakpoint 1, gem5::PortProxy::writeBlob (this=0x7fffffffc710, addr=4294902516, p=0x7fffffffc75c, size=4) at src/mem/port_proxy.hh:192
192	    writeBlob(Addr addr, const void *p, int size) const
>>> writeBlob call: this=0x7fffffffc710, addr=0xffff02f4, p=0x7fffffffc75c, size=4
Error in testing breakpoint condition:
No frame is currently executing in block gem5::PortProxy::writeBlob(unsigned long, void const*, int) const.

Breakpoint 1, gem5::PortProxy::writeBlob (this=0x7fffffffc710, addr=4294902520, p=0x7fffffffc75c, size=4) at src/mem/port_proxy.hh:192
192	    writeBlob(Addr addr, const void *p, int size) const
>>> writeBlob call: this=0x7fffffffc710, addr=0xffff02f8, p=0x7fffffffc75c, size=4
Error in testing breakpoint condition:
No frame is currently executing in block gem5::PortProxy::writeBlob(unsigned long, void const*, int) const.

Breakpoint 1, gem5::PortProxy::writeBlob (this=0x7fffffffc710, addr=4294902524, p=0x7fffffffc75c, size=4) at src/mem/port_proxy.hh:192
192	    writeBlob(Addr addr, const void *p, int size) const
>>> writeBlob call: this=0x7fffffffc710, addr=0xffff02fc, p=0x7fffffffc75c, size=4
Error in testing breakpoint condition:
No frame is currently executing in block gem5::PortProxy::writeBlob(unsigned long, void const*, int) const.

Breakpoint 1, gem5::PortProxy::writeBlob (this=0x7fffffffc710, addr=4294902528, p=0x7fffffffc75c, size=4) at src/mem/port_proxy.hh:192
192	    writeBlob(Addr addr, const void *p, int size) const
>>> writeBlob call: this=0x7fffffffc710, addr=0xffff0300, p=0x7fffffffc75c, size=4
Error in testing breakpoint condition:
No frame is currently executing in block gem5::PortProxy::writeBlob(unsigned long, void const*, int) const.

Breakpoint 1, gem5::PortProxy::writeBlob (this=0x7fffffffc710, addr=4294902532, p=0x7fffffffc75c, size=4) at src/mem/port_proxy.hh:192
192	    writeBlob(Addr addr, const void *p, int size) const
>>> writeBlob call: this=0x7fffffffc710, addr=0xffff0304, p=0x7fffffffc75c, size=4
Error in testing breakpoint condition:
No frame is currently executing in block gem5::PortProxy::writeBlob(unsigned long, void const*, int) const.

Breakpoint 1, gem5::PortProxy::writeBlob (this=0x7fffffffc710, addr=4294902536, p=0x7fffffffc75c, size=4) at src/mem/port_proxy.hh:192
192	    writeBlob(Addr addr, const void *p, int size) const
>>> writeBlob call: this=0x7fffffffc710, addr=0xffff0308, p=0x7fffffffc75c, size=4
Error in testing breakpoint condition:
No frame is currently executing in block gem5::PortProxy::writeBlob(unsigned long, void const*, int) const.

Breakpoint 1, gem5::PortProxy::writeBlob (this=0x7fffffffc710, addr=4294902540, p=0x7fffffffc75c, size=4) at src/mem/port_proxy.hh:192
192	    writeBlob(Addr addr, const void *p, int size) const
>>> writeBlob call: this=0x7fffffffc710, addr=0xffff030c, p=0x7fffffffc75c, size=4
Error in testing breakpoint condition:
No frame is currently executing in block gem5::PortProxy::writeBlob(unsigned long, void const*, int) const.

Breakpoint 1, gem5::PortProxy::writeBlob (this=0x7fffffffc710, addr=4294902544, p=0x7fffffffc75c, size=4) at src/mem/port_proxy.hh:192
192	    writeBlob(Addr addr, const void *p, int size) const
>>> writeBlob call: this=0x7fffffffc710, addr=0xffff0310, p=0x7fffffffc75c, size=4
Error in testing breakpoint condition:
No frame is currently executing in block gem5::PortProxy::writeBlob(unsigned long, void const*, int) const.

Breakpoint 1, gem5::PortProxy::writeBlob (this=0x7fffffffc710, addr=4294902548, p=0x7fffffffc75c, size=4) at src/mem/port_proxy.hh:192
192	    writeBlob(Addr addr, const void *p, int size) const
>>> writeBlob call: this=0x7fffffffc710, addr=0xffff0314, p=0x7fffffffc75c, size=4
Error in testing breakpoint condition:
No frame is currently executing in block gem5::PortProxy::writeBlob(unsigned long, void const*, int) const.

Breakpoint 1, gem5::PortProxy::writeBlob (this=0x7fffffffc710, addr=4294902552, p=0x7fffffffc75c, size=4) at src/mem/port_proxy.hh:192
192	    writeBlob(Addr addr, const void *p, int size) const
>>> writeBlob call: this=0x7fffffffc710, addr=0xffff0318, p=0x7fffffffc75c, size=4
Error in testing breakpoint condition:
No frame is currently executing in block gem5::PortProxy::writeBlob(unsigned long, void const*, int) const.

Breakpoint 1, gem5::PortProxy::writeBlob (this=0x7fffffffc710, addr=4294902556, p=0x7fffffffc75c, size=4) at src/mem/port_proxy.hh:192
192	    writeBlob(Addr addr, const void *p, int size) const
>>> writeBlob call: this=0x7fffffffc710, addr=0xffff031c, p=0x7fffffffc75c, size=4
Error in testing breakpoint condition:
No frame is currently executing in block gem5::PortProxy::writeBlob(unsigned long, void const*, int) const.

Breakpoint 1, gem5::PortProxy::writeBlob (this=0x7fffffffc710, addr=4294902560, p=0x7fffffffc75c, size=4) at src/mem/port_proxy.hh:192
192	    writeBlob(Addr addr, const void *p, int size) const
>>> writeBlob call: this=0x7fffffffc710, addr=0xffff0320, p=0x7fffffffc75c, size=4
Error in testing breakpoint condition:
No frame is currently executing in block gem5::PortProxy::writeBlob(unsigned long, void const*, int) const.

Breakpoint 1, gem5::PortProxy::writeBlob (this=0x7fffffffc710, addr=4294902564, p=0x7fffffffc75c, size=4) at src/mem/port_proxy.hh:192
192	    writeBlob(Addr addr, const void *p, int size) const
>>> writeBlob call: this=0x7fffffffc710, addr=0xffff0324, p=0x7fffffffc75c, size=4
Error in testing breakpoint condition:
No frame is currently executing in block gem5::PortProxy::writeBlob(unsigned long, void const*, int) const.

Breakpoint 1, gem5::PortProxy::writeBlob (this=0x7fffffffc710, addr=4294902568, p=0x7fffffffc75c, size=4) at src/mem/port_proxy.hh:192
192	    writeBlob(Addr addr, const void *p, int size) const
>>> writeBlob call: this=0x7fffffffc710, addr=0xffff0328, p=0x7fffffffc75c, size=4
Error in testing breakpoint condition:
No frame is currently executing in block gem5::PortProxy::writeBlob(unsigned long, void const*, int) const.

Breakpoint 1, gem5::PortProxy::writeBlob (this=0x7fffffffc710, addr=4294902572, p=0x7fffffffc75c, size=4) at src/mem/port_proxy.hh:192
192	    writeBlob(Addr addr, const void *p, int size) const
>>> writeBlob call: this=0x7fffffffc710, addr=0xffff032c, p=0x7fffffffc75c, size=4
Error in testing breakpoint condition:
No frame is currently executing in block gem5::PortProxy::writeBlob(unsigned long, void const*, int) const.

Breakpoint 1, gem5::PortProxy::writeBlob (this=0x7fffffffc710, addr=4294902576, p=0x7fffffffc75c, size=4) at src/mem/port_proxy.hh:192
192	    writeBlob(Addr addr, const void *p, int size) const
>>> writeBlob call: this=0x7fffffffc710, addr=0xffff0330, p=0x7fffffffc75c, size=4
Error in testing breakpoint condition:
No frame is currently executing in block gem5::PortProxy::writeBlob(unsigned long, void const*, int) const.

Breakpoint 1, gem5::PortProxy::writeBlob (this=0x7fffffffc710, addr=4294902580, p=0x7fffffffc75c, size=4) at src/mem/port_proxy.hh:192
192	    writeBlob(Addr addr, const void *p, int size) const
>>> writeBlob call: this=0x7fffffffc710, addr=0xffff0334, p=0x7fffffffc75c, size=4
Error in testing breakpoint condition:
No frame is currently executing in block gem5::PortProxy::writeBlob(unsigned long, void const*, int) const.

Breakpoint 1, gem5::PortProxy::writeBlob (this=0x7fffffffc710, addr=4294902584, p=0x7fffffffc75c, size=4) at src/mem/port_proxy.hh:192
192	    writeBlob(Addr addr, const void *p, int size) const
>>> writeBlob call: this=0x7fffffffc710, addr=0xffff0338, p=0x7fffffffc75c, size=4
Error in testing breakpoint condition:
No frame is currently executing in block gem5::PortProxy::writeBlob(unsigned long, void const*, int) const.

Breakpoint 1, gem5::PortProxy::writeBlob (this=0x7fffffffc710, addr=4294902588, p=0x7fffffffc75c, size=4) at src/mem/port_proxy.hh:192
192	    writeBlob(Addr addr, const void *p, int size) const
>>> writeBlob call: this=0x7fffffffc710, addr=0xffff033c, p=0x7fffffffc75c, size=4
Error in testing breakpoint condition:
No frame is currently executing in block gem5::PortProxy::writeBlob(unsigned long, void const*, int) const.

Breakpoint 1, gem5::PortProxy::writeBlob (this=0x7fffffffc710, addr=4294902592, p=0x7fffffffc75c, size=4) at src/mem/port_proxy.hh:192
192	    writeBlob(Addr addr, const void *p, int size) const
>>> writeBlob call: this=0x7fffffffc710, addr=0xffff0340, p=0x7fffffffc75c, size=4
Error in testing breakpoint condition:
No frame is currently executing in block gem5::PortProxy::writeBlob(unsigned long, void const*, int) const.

Breakpoint 1, gem5::PortProxy::writeBlob (this=0x7fffffffc710, addr=4294902596, p=0x7fffffffc75c, size=4) at src/mem/port_proxy.hh:192
192	    writeBlob(Addr addr, const void *p, int size) const
>>> writeBlob call: this=0x7fffffffc710, addr=0xffff0344, p=0x7fffffffc75c, size=4
Error in testing breakpoint condition:
No frame is currently executing in block gem5::PortProxy::writeBlob(unsigned long, void const*, int) const.

Breakpoint 1, gem5::PortProxy::writeBlob (this=0x7fffffffc710, addr=4294902600, p=0x7fffffffc75c, size=4) at src/mem/port_proxy.hh:192
192	    writeBlob(Addr addr, const void *p, int size) const
>>> writeBlob call: this=0x7fffffffc710, addr=0xffff0348, p=0x7fffffffc75c, size=4
Error in testing breakpoint condition:
No frame is currently executing in block gem5::PortProxy::writeBlob(unsigned long, void const*, int) const.

Breakpoint 1, gem5::PortProxy::writeBlob (this=0x7fffffffc710, addr=4294902604, p=0x7fffffffc75c, size=4) at src/mem/port_proxy.hh:192
192	    writeBlob(Addr addr, const void *p, int size) const
>>> writeBlob call: this=0x7fffffffc710, addr=0xffff034c, p=0x7fffffffc75c, size=4
Error in testing breakpoint condition:
No frame is currently executing in block gem5::PortProxy::writeBlob(unsigned long, void const*, int) const.

Breakpoint 1, gem5::PortProxy::writeBlob (this=0x7fffffffc710, addr=4294902608, p=0x7fffffffc75c, size=4) at src/mem/port_proxy.hh:192
192	    writeBlob(Addr addr, const void *p, int size) const
>>> writeBlob call: this=0x7fffffffc710, addr=0xffff0350, p=0x7fffffffc75c, size=4
Error in testing breakpoint condition:
No frame is currently executing in block gem5::PortProxy::writeBlob(unsigned long, void const*, int) const.

Breakpoint 1, gem5::PortProxy::writeBlob (this=0x7fffffffc710, addr=4294902612, p=0x7fffffffc75c, size=4) at src/mem/port_proxy.hh:192
192	    writeBlob(Addr addr, const void *p, int size) const
>>> writeBlob call: this=0x7fffffffc710, addr=0xffff0354, p=0x7fffffffc75c, size=4
Error in testing breakpoint condition:
No frame is currently executing in block gem5::PortProxy::writeBlob(unsigned long, void const*, int) const.

Breakpoint 1, gem5::PortProxy::writeBlob (this=0x7fffffffc710, addr=4294902616, p=0x7fffffffc75c, size=4) at src/mem/port_proxy.hh:192
192	    writeBlob(Addr addr, const void *p, int size) const
>>> writeBlob call: this=0x7fffffffc710, addr=0xffff0358, p=0x7fffffffc75c, size=4
Error in testing breakpoint condition:
No frame is currently executing in block gem5::PortProxy::writeBlob(unsigned long, void const*, int) const.

Breakpoint 1, gem5::PortProxy::writeBlob (this=0x7fffffffc710, addr=4294902620, p=0x7fffffffc75c, size=4) at src/mem/port_proxy.hh:192
192	    writeBlob(Addr addr, const void *p, int size) const
>>> writeBlob call: this=0x7fffffffc710, addr=0xffff035c, p=0x7fffffffc75c, size=4
Error in testing breakpoint condition:
No frame is currently executing in block gem5::PortProxy::writeBlob(unsigned long, void const*, int) const.

Breakpoint 1, gem5::PortProxy::writeBlob (this=0x7fffffffc710, addr=4294902624, p=0x7fffffffc75c, size=4) at src/mem/port_proxy.hh:192
192	    writeBlob(Addr addr, const void *p, int size) const
>>> writeBlob call: this=0x7fffffffc710, addr=0xffff0360, p=0x7fffffffc75c, size=4
Error in testing breakpoint condition:
No frame is currently executing in block gem5::PortProxy::writeBlob(unsigned long, void const*, int) const.

Breakpoint 1, gem5::PortProxy::writeBlob (this=0x7fffffffc710, addr=4294902628, p=0x7fffffffc75c, size=4) at src/mem/port_proxy.hh:192
192	    writeBlob(Addr addr, const void *p, int size) const
>>> writeBlob call: this=0x7fffffffc710, addr=0xffff0364, p=0x7fffffffc75c, size=4
Error in testing breakpoint condition:
No frame is currently executing in block gem5::PortProxy::writeBlob(unsigned long, void const*, int) const.

Breakpoint 1, gem5::PortProxy::writeBlob (this=0x7fffffffc710, addr=4294902632, p=0x7fffffffc75c, size=4) at src/mem/port_proxy.hh:192
192	    writeBlob(Addr addr, const void *p, int size) const
>>> writeBlob call: this=0x7fffffffc710, addr=0xffff0368, p=0x7fffffffc75c, size=4
Error in testing breakpoint condition:
No frame is currently executing in block gem5::PortProxy::writeBlob(unsigned long, void const*, int) const.

Breakpoint 1, gem5::PortProxy::writeBlob (this=0x7fffffffc710, addr=4294902636, p=0x7fffffffc75c, size=4) at src/mem/port_proxy.hh:192
192	    writeBlob(Addr addr, const void *p, int size) const
>>> writeBlob call: this=0x7fffffffc710, addr=0xffff036c, p=0x7fffffffc75c, size=4
Error in testing breakpoint condition:
No frame is currently executing in block gem5::PortProxy::writeBlob(unsigned long, void const*, int) const.

Breakpoint 1, gem5::PortProxy::writeBlob (this=0x7fffffffc710, addr=4294902640, p=0x7fffffffc75c, size=4) at src/mem/port_proxy.hh:192
192	    writeBlob(Addr addr, const void *p, int size) const
>>> writeBlob call: this=0x7fffffffc710, addr=0xffff0370, p=0x7fffffffc75c, size=4
Error in testing breakpoint condition:
No frame is currently executing in block gem5::PortProxy::writeBlob(unsigned long, void const*, int) const.

Breakpoint 1, gem5::PortProxy::writeBlob (this=0x7fffffffc710, addr=4294902644, p=0x7fffffffc75c, size=4) at src/mem/port_proxy.hh:192
192	    writeBlob(Addr addr, const void *p, int size) const
>>> writeBlob call: this=0x7fffffffc710, addr=0xffff0374, p=0x7fffffffc75c, size=4
Error in testing breakpoint condition:
No frame is currently executing in block gem5::PortProxy::writeBlob(unsigned long, void const*, int) const.

Breakpoint 1, gem5::PortProxy::writeBlob (this=0x7fffffffc710, addr=4294902648, p=0x7fffffffc75c, size=4) at src/mem/port_proxy.hh:192
192	    writeBlob(Addr addr, const void *p, int size) const
>>> writeBlob call: this=0x7fffffffc710, addr=0xffff0378, p=0x7fffffffc75c, size=4
Error in testing breakpoint condition:
No frame is currently executing in block gem5::PortProxy::writeBlob(unsigned long, void const*, int) const.

Breakpoint 1, gem5::PortProxy::writeBlob (this=0x7fffffffc710, addr=4294902652, p=0x7fffffffc75c, size=4) at src/mem/port_proxy.hh:192
192	    writeBlob(Addr addr, const void *p, int size) const
>>> writeBlob call: this=0x7fffffffc710, addr=0xffff037c, p=0x7fffffffc75c, size=4
Error in testing breakpoint condition:
No frame is currently executing in block gem5::PortProxy::writeBlob(unsigned long, void const*, int) const.

Breakpoint 1, gem5::PortProxy::writeBlob (this=0x7fffffffc710, addr=4294902656, p=0x7fffffffc75c, size=4) at src/mem/port_proxy.hh:192
192	    writeBlob(Addr addr, const void *p, int size) const
>>> writeBlob call: this=0x7fffffffc710, addr=0xffff0380, p=0x7fffffffc75c, size=4
Error in testing breakpoint condition:
No frame is currently executing in block gem5::PortProxy::writeBlob(unsigned long, void const*, int) const.

Breakpoint 1, gem5::PortProxy::writeBlob (this=0x7fffffffc710, addr=4294902660, p=0x7fffffffc75c, size=4) at src/mem/port_proxy.hh:192
192	    writeBlob(Addr addr, const void *p, int size) const
>>> writeBlob call: this=0x7fffffffc710, addr=0xffff0384, p=0x7fffffffc75c, size=4
Error in testing breakpoint condition:
No frame is currently executing in block gem5::PortProxy::writeBlob(unsigned long, void const*, int) const.

Breakpoint 1, gem5::PortProxy::writeBlob (this=0x7fffffffc710, addr=4294902664, p=0x7fffffffc75c, size=4) at src/mem/port_proxy.hh:192
192	    writeBlob(Addr addr, const void *p, int size) const
>>> writeBlob call: this=0x7fffffffc710, addr=0xffff0388, p=0x7fffffffc75c, size=4
Error in testing breakpoint condition:
No frame is currently executing in block gem5::PortProxy::writeBlob(unsigned long, void const*, int) const.

Breakpoint 1, gem5::PortProxy::writeBlob (this=0x7fffffffc710, addr=4294902668, p=0x7fffffffc75c, size=4) at src/mem/port_proxy.hh:192
192	    writeBlob(Addr addr, const void *p, int size) const
>>> writeBlob call: this=0x7fffffffc710, addr=0xffff038c, p=0x7fffffffc75c, size=4
Error in testing breakpoint condition:
No frame is currently executing in block gem5::PortProxy::writeBlob(unsigned long, void const*, int) const.

Breakpoint 1, gem5::PortProxy::writeBlob (this=0x7fffffffc710, addr=4294902672, p=0x7fffffffc75c, size=4) at src/mem/port_proxy.hh:192
192	    writeBlob(Addr addr, const void *p, int size) const
>>> writeBlob call: this=0x7fffffffc710, addr=0xffff0390, p=0x7fffffffc75c, size=4
Error in testing breakpoint condition:
No frame is currently executing in block gem5::PortProxy::writeBlob(unsigned long, void const*, int) const.

Breakpoint 1, gem5::PortProxy::writeBlob (this=0x7fffffffc710, addr=4294902676, p=0x7fffffffc75c, size=4) at src/mem/port_proxy.hh:192
192	    writeBlob(Addr addr, const void *p, int size) const
>>> writeBlob call: this=0x7fffffffc710, addr=0xffff0394, p=0x7fffffffc75c, size=4
Error in testing breakpoint condition:
No frame is currently executing in block gem5::PortProxy::writeBlob(unsigned long, void const*, int) const.

Breakpoint 1, gem5::PortProxy::writeBlob (this=0x7fffffffc710, addr=4294902680, p=0x7fffffffc75c, size=4) at src/mem/port_proxy.hh:192
192	    writeBlob(Addr addr, const void *p, int size) const
>>> writeBlob call: this=0x7fffffffc710, addr=0xffff0398, p=0x7fffffffc75c, size=4
Error in testing breakpoint condition:
No frame is currently executing in block gem5::PortProxy::writeBlob(unsigned long, void const*, int) const.

Breakpoint 1, gem5::PortProxy::writeBlob (this=0x7fffffffc710, addr=4294902684, p=0x7fffffffc75c, size=4) at src/mem/port_proxy.hh:192
192	    writeBlob(Addr addr, const void *p, int size) const
>>> writeBlob call: this=0x7fffffffc710, addr=0xffff039c, p=0x7fffffffc75c, size=4
Error in testing breakpoint condition:
No frame is currently executing in block gem5::PortProxy::writeBlob(unsigned long, void const*, int) const.

Breakpoint 1, gem5::PortProxy::writeBlob (this=0x7fffffffc710, addr=4294902688, p=0x7fffffffc75c, size=4) at src/mem/port_proxy.hh:192
192	    writeBlob(Addr addr, const void *p, int size) const
>>> writeBlob call: this=0x7fffffffc710, addr=0xffff03a0, p=0x7fffffffc75c, size=4
Error in testing breakpoint condition:
No frame is currently executing in block gem5::PortProxy::writeBlob(unsigned long, void const*, int) const.

Breakpoint 1, gem5::PortProxy::writeBlob (this=0x7fffffffc710, addr=4294902692, p=0x7fffffffc75c, size=4) at src/mem/port_proxy.hh:192
192	    writeBlob(Addr addr, const void *p, int size) const
>>> writeBlob call: this=0x7fffffffc710, addr=0xffff03a4, p=0x7fffffffc75c, size=4
Error in testing breakpoint condition:
No frame is currently executing in block gem5::PortProxy::writeBlob(unsigned long, void const*, int) const.

Breakpoint 1, gem5::PortProxy::writeBlob (this=0x7fffffffc710, addr=4294902696, p=0x7fffffffc75c, size=4) at src/mem/port_proxy.hh:192
192	    writeBlob(Addr addr, const void *p, int size) const
>>> writeBlob call: this=0x7fffffffc710, addr=0xffff03a8, p=0x7fffffffc75c, size=4
Error in testing breakpoint condition:
No frame is currently executing in block gem5::PortProxy::writeBlob(unsigned long, void const*, int) const.

Breakpoint 1, gem5::PortProxy::writeBlob (this=0x7fffffffc710, addr=4294902700, p=0x7fffffffc75c, size=4) at src/mem/port_proxy.hh:192
192	    writeBlob(Addr addr, const void *p, int size) const
>>> writeBlob call: this=0x7fffffffc710, addr=0xffff03ac, p=0x7fffffffc75c, size=4
Error in testing breakpoint condition:
No frame is currently executing in block gem5::PortProxy::writeBlob(unsigned long, void const*, int) const.

Breakpoint 1, gem5::PortProxy::writeBlob (this=0x7fffffffc710, addr=4294902704, p=0x7fffffffc75c, size=4) at src/mem/port_proxy.hh:192
192	    writeBlob(Addr addr, const void *p, int size) const
>>> writeBlob call: this=0x7fffffffc710, addr=0xffff03b0, p=0x7fffffffc75c, size=4
Error in testing breakpoint condition:
No frame is currently executing in block gem5::PortProxy::writeBlob(unsigned long, void const*, int) const.

Breakpoint 1, gem5::PortProxy::writeBlob (this=0x7fffffffc710, addr=4294902708, p=0x7fffffffc75c, size=4) at src/mem/port_proxy.hh:192
192	    writeBlob(Addr addr, const void *p, int size) const
>>> writeBlob call: this=0x7fffffffc710, addr=0xffff03b4, p=0x7fffffffc75c, size=4
Error in testing breakpoint condition:
No frame is currently executing in block gem5::PortProxy::writeBlob(unsigned long, void const*, int) const.

Breakpoint 1, gem5::PortProxy::writeBlob (this=0x7fffffffc710, addr=4294902712, p=0x7fffffffc75c, size=4) at src/mem/port_proxy.hh:192
192	    writeBlob(Addr addr, const void *p, int size) const
>>> writeBlob call: this=0x7fffffffc710, addr=0xffff03b8, p=0x7fffffffc75c, size=4
Error in testing breakpoint condition:
No frame is currently executing in block gem5::PortProxy::writeBlob(unsigned long, void const*, int) const.

Breakpoint 1, gem5::PortProxy::writeBlob (this=0x7fffffffc710, addr=4294902716, p=0x7fffffffc75c, size=4) at src/mem/port_proxy.hh:192
192	    writeBlob(Addr addr, const void *p, int size) const
>>> writeBlob call: this=0x7fffffffc710, addr=0xffff03bc, p=0x7fffffffc75c, size=4
Error in testing breakpoint condition:
No frame is currently executing in block gem5::PortProxy::writeBlob(unsigned long, void const*, int) const.

Breakpoint 1, gem5::PortProxy::writeBlob (this=0x7fffffffc710, addr=4294902720, p=0x7fffffffc75c, size=4) at src/mem/port_proxy.hh:192
192	    writeBlob(Addr addr, const void *p, int size) const
>>> writeBlob call: this=0x7fffffffc710, addr=0xffff03c0, p=0x7fffffffc75c, size=4
Error in testing breakpoint condition:
No frame is currently executing in block gem5::PortProxy::writeBlob(unsigned long, void const*, int) const.

Breakpoint 1, gem5::PortProxy::writeBlob (this=0x7fffffffc710, addr=4294902724, p=0x7fffffffc75c, size=4) at src/mem/port_proxy.hh:192
192	    writeBlob(Addr addr, const void *p, int size) const
>>> writeBlob call: this=0x7fffffffc710, addr=0xffff03c4, p=0x7fffffffc75c, size=4
Error in testing breakpoint condition:
No frame is currently executing in block gem5::PortProxy::writeBlob(unsigned long, void const*, int) const.

Breakpoint 1, gem5::PortProxy::writeBlob (this=0x7fffffffc710, addr=4294902728, p=0x7fffffffc75c, size=4) at src/mem/port_proxy.hh:192
192	    writeBlob(Addr addr, const void *p, int size) const
>>> writeBlob call: this=0x7fffffffc710, addr=0xffff03c8, p=0x7fffffffc75c, size=4
Error in testing breakpoint condition:
No frame is currently executing in block gem5::PortProxy::writeBlob(unsigned long, void const*, int) const.

Breakpoint 1, gem5::PortProxy::writeBlob (this=0x7fffffffc710, addr=4294902732, p=0x7fffffffc75c, size=4) at src/mem/port_proxy.hh:192
192	    writeBlob(Addr addr, const void *p, int size) const
>>> writeBlob call: this=0x7fffffffc710, addr=0xffff03cc, p=0x7fffffffc75c, size=4
Error in testing breakpoint condition:
No frame is currently executing in block gem5::PortProxy::writeBlob(unsigned long, void const*, int) const.

Breakpoint 1, gem5::PortProxy::writeBlob (this=0x7fffffffc710, addr=4294902736, p=0x7fffffffc75c, size=4) at src/mem/port_proxy.hh:192
192	    writeBlob(Addr addr, const void *p, int size) const
>>> writeBlob call: this=0x7fffffffc710, addr=0xffff03d0, p=0x7fffffffc75c, size=4
Error in testing breakpoint condition:
No frame is currently executing in block gem5::PortProxy::writeBlob(unsigned long, void const*, int) const.

Breakpoint 1, gem5::PortProxy::writeBlob (this=0x7fffffffc710, addr=4294902740, p=0x7fffffffc75c, size=4) at src/mem/port_proxy.hh:192
192	    writeBlob(Addr addr, const void *p, int size) const
>>> writeBlob call: this=0x7fffffffc710, addr=0xffff03d4, p=0x7fffffffc75c, size=4
Error in testing breakpoint condition:
No frame is currently executing in block gem5::PortProxy::writeBlob(unsigned long, void const*, int) const.

Breakpoint 1, gem5::PortProxy::writeBlob (this=0x7fffffffc710, addr=4294902744, p=0x7fffffffc75c, size=4) at src/mem/port_proxy.hh:192
192	    writeBlob(Addr addr, const void *p, int size) const
>>> writeBlob call: this=0x7fffffffc710, addr=0xffff03d8, p=0x7fffffffc75c, size=4
Error in testing breakpoint condition:
No frame is currently executing in block gem5::PortProxy::writeBlob(unsigned long, void const*, int) const.

Breakpoint 1, gem5::PortProxy::writeBlob (this=0x7fffffffc710, addr=4294902748, p=0x7fffffffc75c, size=4) at src/mem/port_proxy.hh:192
192	    writeBlob(Addr addr, const void *p, int size) const
>>> writeBlob call: this=0x7fffffffc710, addr=0xffff03dc, p=0x7fffffffc75c, size=4
Error in testing breakpoint condition:
No frame is currently executing in block gem5::PortProxy::writeBlob(unsigned long, void const*, int) const.

Breakpoint 1, gem5::PortProxy::writeBlob (this=0x7fffffffc710, addr=4294902752, p=0x7fffffffc75c, size=4) at src/mem/port_proxy.hh:192
192	    writeBlob(Addr addr, const void *p, int size) const
>>> writeBlob call: this=0x7fffffffc710, addr=0xffff03e0, p=0x7fffffffc75c, size=4
Error in testing breakpoint condition:
No frame is currently executing in block gem5::PortProxy::writeBlob(unsigned long, void const*, int) const.

Breakpoint 1, gem5::PortProxy::writeBlob (this=0x7fffffffc710, addr=4294902756, p=0x7fffffffc75c, size=4) at src/mem/port_proxy.hh:192
192	    writeBlob(Addr addr, const void *p, int size) const
>>> writeBlob call: this=0x7fffffffc710, addr=0xffff03e4, p=0x7fffffffc75c, size=4
Error in testing breakpoint condition:
No frame is currently executing in block gem5::PortProxy::writeBlob(unsigned long, void const*, int) const.

Breakpoint 1, gem5::PortProxy::writeBlob (this=0x7fffffffc710, addr=4294902760, p=0x7fffffffc75c, size=4) at src/mem/port_proxy.hh:192
192	    writeBlob(Addr addr, const void *p, int size) const
>>> writeBlob call: this=0x7fffffffc710, addr=0xffff03e8, p=0x7fffffffc75c, size=4
Error in testing breakpoint condition:
No frame is currently executing in block gem5::PortProxy::writeBlob(unsigned long, void const*, int) const.

Breakpoint 1, gem5::PortProxy::writeBlob (this=0x7fffffffc710, addr=4294902764, p=0x7fffffffc75c, size=4) at src/mem/port_proxy.hh:192
192	    writeBlob(Addr addr, const void *p, int size) const
>>> writeBlob call: this=0x7fffffffc710, addr=0xffff03ec, p=0x7fffffffc75c, size=4
Error in testing breakpoint condition:
No frame is currently executing in block gem5::PortProxy::writeBlob(unsigned long, void const*, int) const.

Breakpoint 1, gem5::PortProxy::writeBlob (this=0x7fffffffc710, addr=4294902768, p=0x7fffffffc75c, size=4) at src/mem/port_proxy.hh:192
192	    writeBlob(Addr addr, const void *p, int size) const
>>> writeBlob call: this=0x7fffffffc710, addr=0xffff03f0, p=0x7fffffffc75c, size=4
Error in testing breakpoint condition:
No frame is currently executing in block gem5::PortProxy::writeBlob(unsigned long, void const*, int) const.

Breakpoint 1, gem5::PortProxy::writeBlob (this=0x7fffffffc710, addr=4294902772, p=0x7fffffffc75c, size=4) at src/mem/port_proxy.hh:192
192	    writeBlob(Addr addr, const void *p, int size) const
>>> writeBlob call: this=0x7fffffffc710, addr=0xffff03f4, p=0x7fffffffc75c, size=4
Error in testing breakpoint condition:
No frame is currently executing in block gem5::PortProxy::writeBlob(unsigned long, void const*, int) const.

Breakpoint 1, gem5::PortProxy::writeBlob (this=0x7fffffffc710, addr=4294902776, p=0x7fffffffc75c, size=4) at src/mem/port_proxy.hh:192
192	    writeBlob(Addr addr, const void *p, int size) const
>>> writeBlob call: this=0x7fffffffc710, addr=0xffff03f8, p=0x7fffffffc75c, size=4
Error in testing breakpoint condition:
No frame is currently executing in block gem5::PortProxy::writeBlob(unsigned long, void const*, int) const.

Breakpoint 1, gem5::PortProxy::writeBlob (this=0x7fffffffc710, addr=4294902780, p=0x7fffffffc75c, size=4) at src/mem/port_proxy.hh:192
192	    writeBlob(Addr addr, const void *p, int size) const
>>> writeBlob call: this=0x7fffffffc710, addr=0xffff03fc, p=0x7fffffffc75c, size=4
Error in testing breakpoint condition:
No frame is currently executing in block gem5::PortProxy::writeBlob(unsigned long, void const*, int) const.

Breakpoint 1, gem5::PortProxy::writeBlob (this=0x7fffffffc710, addr=4294902784, p=0x7fffffffc75c, size=4) at src/mem/port_proxy.hh:192
192	    writeBlob(Addr addr, const void *p, int size) const
>>> writeBlob call: this=0x7fffffffc710, addr=0xffff0400, p=0x7fffffffc75c, size=4
Error in testing breakpoint condition:
No frame is currently executing in block gem5::PortProxy::writeBlob(unsigned long, void const*, int) const.

Breakpoint 1, gem5::PortProxy::writeBlob (this=0x7fffffffc710, addr=4294902788, p=0x7fffffffc75c, size=4) at src/mem/port_proxy.hh:192
192	    writeBlob(Addr addr, const void *p, int size) const
>>> writeBlob call: this=0x7fffffffc710, addr=0xffff0404, p=0x7fffffffc75c, size=4
Error in testing breakpoint condition:
No frame is currently executing in block gem5::PortProxy::writeBlob(unsigned long, void const*, int) const.

Breakpoint 1, gem5::PortProxy::writeBlob (this=0x7fffffffc710, addr=4294902792, p=0x7fffffffc75c, size=4) at src/mem/port_proxy.hh:192
192	    writeBlob(Addr addr, const void *p, int size) const
>>> writeBlob call: this=0x7fffffffc710, addr=0xffff0408, p=0x7fffffffc75c, size=4
Error in testing breakpoint condition:
No frame is currently executing in block gem5::PortProxy::writeBlob(unsigned long, void const*, int) const.

Breakpoint 1, gem5::PortProxy::writeBlob (this=0x7fffffffc710, addr=4294902796, p=0x7fffffffc75c, size=4) at src/mem/port_proxy.hh:192
192	    writeBlob(Addr addr, const void *p, int size) const
>>> writeBlob call: this=0x7fffffffc710, addr=0xffff040c, p=0x7fffffffc75c, size=4
Error in testing breakpoint condition:
No frame is currently executing in block gem5::PortProxy::writeBlob(unsigned long, void const*, int) const.

Breakpoint 1, gem5::PortProxy::writeBlob (this=0x7fffffffc710, addr=4294902800, p=0x7fffffffc75c, size=4) at src/mem/port_proxy.hh:192
192	    writeBlob(Addr addr, const void *p, int size) const
>>> writeBlob call: this=0x7fffffffc710, addr=0xffff0410, p=0x7fffffffc75c, size=4
Error in testing breakpoint condition:
No frame is currently executing in block gem5::PortProxy::writeBlob(unsigned long, void const*, int) const.

Breakpoint 1, gem5::PortProxy::writeBlob (this=0x7fffffffc710, addr=4294902804, p=0x7fffffffc75c, size=4) at src/mem/port_proxy.hh:192
192	    writeBlob(Addr addr, const void *p, int size) const
>>> writeBlob call: this=0x7fffffffc710, addr=0xffff0414, p=0x7fffffffc75c, size=4
Error in testing breakpoint condition:
No frame is currently executing in block gem5::PortProxy::writeBlob(unsigned long, void const*, int) const.

Breakpoint 1, gem5::PortProxy::writeBlob (this=0x7fffffffc710, addr=4294902808, p=0x7fffffffc75c, size=4) at src/mem/port_proxy.hh:192
192	    writeBlob(Addr addr, const void *p, int size) const
>>> writeBlob call: this=0x7fffffffc710, addr=0xffff0418, p=0x7fffffffc75c, size=4
Error in testing breakpoint condition:
No frame is currently executing in block gem5::PortProxy::writeBlob(unsigned long, void const*, int) const.

Breakpoint 1, gem5::PortProxy::writeBlob (this=0x7fffffffc710, addr=4294902812, p=0x7fffffffc75c, size=4) at src/mem/port_proxy.hh:192
192	    writeBlob(Addr addr, const void *p, int size) const
>>> writeBlob call: this=0x7fffffffc710, addr=0xffff041c, p=0x7fffffffc75c, size=4
Error in testing breakpoint condition:
No frame is currently executing in block gem5::PortProxy::writeBlob(unsigned long, void const*, int) const.

Breakpoint 1, gem5::PortProxy::writeBlob (this=0x7fffffffc710, addr=4294902816, p=0x7fffffffc75c, size=4) at src/mem/port_proxy.hh:192
192	    writeBlob(Addr addr, const void *p, int size) const
>>> writeBlob call: this=0x7fffffffc710, addr=0xffff0420, p=0x7fffffffc75c, size=4
Error in testing breakpoint condition:
No frame is currently executing in block gem5::PortProxy::writeBlob(unsigned long, void const*, int) const.

Breakpoint 1, gem5::PortProxy::writeBlob (this=0x7fffffffc710, addr=4294902820, p=0x7fffffffc75c, size=4) at src/mem/port_proxy.hh:192
192	    writeBlob(Addr addr, const void *p, int size) const
>>> writeBlob call: this=0x7fffffffc710, addr=0xffff0424, p=0x7fffffffc75c, size=4
Error in testing breakpoint condition:
No frame is currently executing in block gem5::PortProxy::writeBlob(unsigned long, void const*, int) const.

Breakpoint 1, gem5::PortProxy::writeBlob (this=0x7fffffffc710, addr=4294902824, p=0x7fffffffc75c, size=4) at src/mem/port_proxy.hh:192
192	    writeBlob(Addr addr, const void *p, int size) const
>>> writeBlob call: this=0x7fffffffc710, addr=0xffff0428, p=0x7fffffffc75c, size=4
Error in testing breakpoint condition:
No frame is currently executing in block gem5::PortProxy::writeBlob(unsigned long, void const*, int) const.

Breakpoint 1, gem5::PortProxy::writeBlob (this=0x7fffffffc710, addr=4294902828, p=0x7fffffffc75c, size=4) at src/mem/port_proxy.hh:192
192	    writeBlob(Addr addr, const void *p, int size) const
>>> writeBlob call: this=0x7fffffffc710, addr=0xffff042c, p=0x7fffffffc75c, size=4
Error in testing breakpoint condition:
No frame is currently executing in block gem5::PortProxy::writeBlob(unsigned long, void const*, int) const.

Breakpoint 1, gem5::PortProxy::writeBlob (this=0x7fffffffc710, addr=4294902832, p=0x7fffffffc75c, size=4) at src/mem/port_proxy.hh:192
192	    writeBlob(Addr addr, const void *p, int size) const
>>> writeBlob call: this=0x7fffffffc710, addr=0xffff0430, p=0x7fffffffc75c, size=4
Error in testing breakpoint condition:
No frame is currently executing in block gem5::PortProxy::writeBlob(unsigned long, void const*, int) const.

Breakpoint 1, gem5::PortProxy::writeBlob (this=0x7fffffffc710, addr=4294902836, p=0x7fffffffc75c, size=4) at src/mem/port_proxy.hh:192
192	    writeBlob(Addr addr, const void *p, int size) const
>>> writeBlob call: this=0x7fffffffc710, addr=0xffff0434, p=0x7fffffffc75c, size=4
Error in testing breakpoint condition:
No frame is currently executing in block gem5::PortProxy::writeBlob(unsigned long, void const*, int) const.

Breakpoint 1, gem5::PortProxy::writeBlob (this=0x7fffffffc710, addr=4294902840, p=0x7fffffffc75c, size=4) at src/mem/port_proxy.hh:192
192	    writeBlob(Addr addr, const void *p, int size) const
>>> writeBlob call: this=0x7fffffffc710, addr=0xffff0438, p=0x7fffffffc75c, size=4
Error in testing breakpoint condition:
No frame is currently executing in block gem5::PortProxy::writeBlob(unsigned long, void const*, int) const.

Breakpoint 1, gem5::PortProxy::writeBlob (this=0x7fffffffc710, addr=4294902844, p=0x7fffffffc75c, size=4) at src/mem/port_proxy.hh:192
192	    writeBlob(Addr addr, const void *p, int size) const
>>> writeBlob call: this=0x7fffffffc710, addr=0xffff043c, p=0x7fffffffc75c, size=4
Error in testing breakpoint condition:
No frame is currently executing in block gem5::PortProxy::writeBlob(unsigned long, void const*, int) const.

Breakpoint 1, gem5::PortProxy::writeBlob (this=0x7fffffffc710, addr=4294902848, p=0x7fffffffc75c, size=4) at src/mem/port_proxy.hh:192
192	    writeBlob(Addr addr, const void *p, int size) const
>>> writeBlob call: this=0x7fffffffc710, addr=0xffff0440, p=0x7fffffffc75c, size=4
Error in testing breakpoint condition:
No frame is currently executing in block gem5::PortProxy::writeBlob(unsigned long, void const*, int) const.

Breakpoint 1, gem5::PortProxy::writeBlob (this=0x7fffffffc710, addr=4294902852, p=0x7fffffffc75c, size=4) at src/mem/port_proxy.hh:192
192	    writeBlob(Addr addr, const void *p, int size) const
>>> writeBlob call: this=0x7fffffffc710, addr=0xffff0444, p=0x7fffffffc75c, size=4
Error in testing breakpoint condition:
No frame is currently executing in block gem5::PortProxy::writeBlob(unsigned long, void const*, int) const.

Breakpoint 1, gem5::PortProxy::writeBlob (this=0x7fffffffc710, addr=4294902856, p=0x7fffffffc75c, size=4) at src/mem/port_proxy.hh:192
192	    writeBlob(Addr addr, const void *p, int size) const
>>> writeBlob call: this=0x7fffffffc710, addr=0xffff0448, p=0x7fffffffc75c, size=4
Error in testing breakpoint condition:
No frame is currently executing in block gem5::PortProxy::writeBlob(unsigned long, void const*, int) const.

Breakpoint 1, gem5::PortProxy::writeBlob (this=0x7fffffffc710, addr=4294902860, p=0x7fffffffc75c, size=4) at src/mem/port_proxy.hh:192
192	    writeBlob(Addr addr, const void *p, int size) const
>>> writeBlob call: this=0x7fffffffc710, addr=0xffff044c, p=0x7fffffffc75c, size=4
Error in testing breakpoint condition:
No frame is currently executing in block gem5::PortProxy::writeBlob(unsigned long, void const*, int) const.

Breakpoint 1, gem5::PortProxy::writeBlob (this=0x7fffffffc710, addr=4294902864, p=0x7fffffffc75c, size=4) at src/mem/port_proxy.hh:192
192	    writeBlob(Addr addr, const void *p, int size) const
>>> writeBlob call: this=0x7fffffffc710, addr=0xffff0450, p=0x7fffffffc75c, size=4
Error in testing breakpoint condition:
No frame is currently executing in block gem5::PortProxy::writeBlob(unsigned long, void const*, int) const.

Breakpoint 1, gem5::PortProxy::writeBlob (this=0x7fffffffc710, addr=4294902868, p=0x7fffffffc75c, size=4) at src/mem/port_proxy.hh:192
192	    writeBlob(Addr addr, const void *p, int size) const
>>> writeBlob call: this=0x7fffffffc710, addr=0xffff0454, p=0x7fffffffc75c, size=4
Error in testing breakpoint condition:
No frame is currently executing in block gem5::PortProxy::writeBlob(unsigned long, void const*, int) const.

Breakpoint 1, gem5::PortProxy::writeBlob (this=0x7fffffffc710, addr=4294902872, p=0x7fffffffc75c, size=4) at src/mem/port_proxy.hh:192
192	    writeBlob(Addr addr, const void *p, int size) const
>>> writeBlob call: this=0x7fffffffc710, addr=0xffff0458, p=0x7fffffffc75c, size=4
Error in testing breakpoint condition:
No frame is currently executing in block gem5::PortProxy::writeBlob(unsigned long, void const*, int) const.

Breakpoint 1, gem5::PortProxy::writeBlob (this=0x7fffffffc710, addr=4294902876, p=0x7fffffffc75c, size=4) at src/mem/port_proxy.hh:192
192	    writeBlob(Addr addr, const void *p, int size) const
>>> writeBlob call: this=0x7fffffffc710, addr=0xffff045c, p=0x7fffffffc75c, size=4
Error in testing breakpoint condition:
No frame is currently executing in block gem5::PortProxy::writeBlob(unsigned long, void const*, int) const.

Breakpoint 1, gem5::PortProxy::writeBlob (this=0x7fffffffc710, addr=4294902880, p=0x7fffffffc75c, size=4) at src/mem/port_proxy.hh:192
192	    writeBlob(Addr addr, const void *p, int size) const
>>> writeBlob call: this=0x7fffffffc710, addr=0xffff0460, p=0x7fffffffc75c, size=4
Error in testing breakpoint condition:
No frame is currently executing in block gem5::PortProxy::writeBlob(unsigned long, void const*, int) const.

Breakpoint 1, gem5::PortProxy::writeBlob (this=0x7fffffffc710, addr=4294902884, p=0x7fffffffc75c, size=4) at src/mem/port_proxy.hh:192
192	    writeBlob(Addr addr, const void *p, int size) const
>>> writeBlob call: this=0x7fffffffc710, addr=0xffff0464, p=0x7fffffffc75c, size=4
Error in testing breakpoint condition:
No frame is currently executing in block gem5::PortProxy::writeBlob(unsigned long, void const*, int) const.

Breakpoint 1, gem5::PortProxy::writeBlob (this=0x7fffffffc710, addr=4294902888, p=0x7fffffffc75c, size=4) at src/mem/port_proxy.hh:192
192	    writeBlob(Addr addr, const void *p, int size) const
>>> writeBlob call: this=0x7fffffffc710, addr=0xffff0468, p=0x7fffffffc75c, size=4
Error in testing breakpoint condition:
No frame is currently executing in block gem5::PortProxy::writeBlob(unsigned long, void const*, int) const.

Breakpoint 1, gem5::PortProxy::writeBlob (this=0x7fffffffc710, addr=4294902892, p=0x7fffffffc75c, size=4) at src/mem/port_proxy.hh:192
192	    writeBlob(Addr addr, const void *p, int size) const
>>> writeBlob call: this=0x7fffffffc710, addr=0xffff046c, p=0x7fffffffc75c, size=4
Error in testing breakpoint condition:
No frame is currently executing in block gem5::PortProxy::writeBlob(unsigned long, void const*, int) const.

Breakpoint 1, gem5::PortProxy::writeBlob (this=0x7fffffffc710, addr=4294902896, p=0x7fffffffc75c, size=4) at src/mem/port_proxy.hh:192
192	    writeBlob(Addr addr, const void *p, int size) const
>>> writeBlob call: this=0x7fffffffc710, addr=0xffff0470, p=0x7fffffffc75c, size=4
Error in testing breakpoint condition:
No frame is currently executing in block gem5::PortProxy::writeBlob(unsigned long, void const*, int) const.

Breakpoint 1, gem5::PortProxy::writeBlob (this=0x7fffffffc710, addr=4294902900, p=0x7fffffffc75c, size=4) at src/mem/port_proxy.hh:192
192	    writeBlob(Addr addr, const void *p, int size) const
>>> writeBlob call: this=0x7fffffffc710, addr=0xffff0474, p=0x7fffffffc75c, size=4
Error in testing breakpoint condition:
No frame is currently executing in block gem5::PortProxy::writeBlob(unsigned long, void const*, int) const.

Breakpoint 1, gem5::PortProxy::writeBlob (this=0x7fffffffc710, addr=4294902904, p=0x7fffffffc75c, size=4) at src/mem/port_proxy.hh:192
192	    writeBlob(Addr addr, const void *p, int size) const
>>> writeBlob call: this=0x7fffffffc710, addr=0xffff0478, p=0x7fffffffc75c, size=4
Error in testing breakpoint condition:
No frame is currently executing in block gem5::PortProxy::writeBlob(unsigned long, void const*, int) const.

Breakpoint 1, gem5::PortProxy::writeBlob (this=0x7fffffffc710, addr=4294902908, p=0x7fffffffc75c, size=4) at src/mem/port_proxy.hh:192
192	    writeBlob(Addr addr, const void *p, int size) const
>>> writeBlob call: this=0x7fffffffc710, addr=0xffff047c, p=0x7fffffffc75c, size=4
Error in testing breakpoint condition:
No frame is currently executing in block gem5::PortProxy::writeBlob(unsigned long, void const*, int) const.

Breakpoint 1, gem5::PortProxy::writeBlob (this=0x7fffffffc710, addr=4294902912, p=0x7fffffffc75c, size=4) at src/mem/port_proxy.hh:192
192	    writeBlob(Addr addr, const void *p, int size) const
>>> writeBlob call: this=0x7fffffffc710, addr=0xffff0480, p=0x7fffffffc75c, size=4
Error in testing breakpoint condition:
No frame is currently executing in block gem5::PortProxy::writeBlob(unsigned long, void const*, int) const.

Breakpoint 1, gem5::PortProxy::writeBlob (this=0x7fffffffc710, addr=4294902916, p=0x7fffffffc75c, size=4) at src/mem/port_proxy.hh:192
192	    writeBlob(Addr addr, const void *p, int size) const
>>> writeBlob call: this=0x7fffffffc710, addr=0xffff0484, p=0x7fffffffc75c, size=4
Error in testing breakpoint condition:
No frame is currently executing in block gem5::PortProxy::writeBlob(unsigned long, void const*, int) const.

Breakpoint 1, gem5::PortProxy::writeBlob (this=0x7fffffffc710, addr=4294902920, p=0x7fffffffc75c, size=4) at src/mem/port_proxy.hh:192
192	    writeBlob(Addr addr, const void *p, int size) const
>>> writeBlob call: this=0x7fffffffc710, addr=0xffff0488, p=0x7fffffffc75c, size=4
Error in testing breakpoint condition:
No frame is currently executing in block gem5::PortProxy::writeBlob(unsigned long, void const*, int) const.

Breakpoint 1, gem5::PortProxy::writeBlob (this=0x7fffffffc710, addr=4294902924, p=0x7fffffffc75c, size=4) at src/mem/port_proxy.hh:192
192	    writeBlob(Addr addr, const void *p, int size) const
>>> writeBlob call: this=0x7fffffffc710, addr=0xffff048c, p=0x7fffffffc75c, size=4
Error in testing breakpoint condition:
No frame is currently executing in block gem5::PortProxy::writeBlob(unsigned long, void const*, int) const.

Breakpoint 1, gem5::PortProxy::writeBlob (this=0x7fffffffc710, addr=4294902928, p=0x7fffffffc75c, size=4) at src/mem/port_proxy.hh:192
192	    writeBlob(Addr addr, const void *p, int size) const
>>> writeBlob call: this=0x7fffffffc710, addr=0xffff0490, p=0x7fffffffc75c, size=4
Error in testing breakpoint condition:
No frame is currently executing in block gem5::PortProxy::writeBlob(unsigned long, void const*, int) const.

Breakpoint 1, gem5::PortProxy::writeBlob (this=0x7fffffffc710, addr=4294902932, p=0x7fffffffc75c, size=4) at src/mem/port_proxy.hh:192
192	    writeBlob(Addr addr, const void *p, int size) const
>>> writeBlob call: this=0x7fffffffc710, addr=0xffff0494, p=0x7fffffffc75c, size=4
Error in testing breakpoint condition:
No frame is currently executing in block gem5::PortProxy::writeBlob(unsigned long, void const*, int) const.

Breakpoint 1, gem5::PortProxy::writeBlob (this=0x7fffffffc710, addr=4294902936, p=0x7fffffffc75c, size=4) at src/mem/port_proxy.hh:192
192	    writeBlob(Addr addr, const void *p, int size) const
>>> writeBlob call: this=0x7fffffffc710, addr=0xffff0498, p=0x7fffffffc75c, size=4
Error in testing breakpoint condition:
No frame is currently executing in block gem5::PortProxy::writeBlob(unsigned long, void const*, int) const.

Breakpoint 1, gem5::PortProxy::writeBlob (this=0x7fffffffc710, addr=4294902940, p=0x7fffffffc75c, size=4) at src/mem/port_proxy.hh:192
192	    writeBlob(Addr addr, const void *p, int size) const
>>> writeBlob call: this=0x7fffffffc710, addr=0xffff049c, p=0x7fffffffc75c, size=4
Error in testing breakpoint condition:
No frame is currently executing in block gem5::PortProxy::writeBlob(unsigned long, void const*, int) const.

Breakpoint 1, gem5::PortProxy::writeBlob (this=0x7fffffffc710, addr=4294902944, p=0x7fffffffc75c, size=4) at src/mem/port_proxy.hh:192
192	    writeBlob(Addr addr, const void *p, int size) const
>>> writeBlob call: this=0x7fffffffc710, addr=0xffff04a0, p=0x7fffffffc75c, size=4
Error in testing breakpoint condition:
No frame is currently executing in block gem5::PortProxy::writeBlob(unsigned long, void const*, int) const.

Breakpoint 1, gem5::PortProxy::writeBlob (this=0x7fffffffc710, addr=4294902948, p=0x7fffffffc75c, size=4) at src/mem/port_proxy.hh:192
192	    writeBlob(Addr addr, const void *p, int size) const
>>> writeBlob call: this=0x7fffffffc710, addr=0xffff04a4, p=0x7fffffffc75c, size=4
Error in testing breakpoint condition:
No frame is currently executing in block gem5::PortProxy::writeBlob(unsigned long, void const*, int) const.

Breakpoint 1, gem5::PortProxy::writeBlob (this=0x7fffffffc710, addr=4294902952, p=0x7fffffffc75c, size=4) at src/mem/port_proxy.hh:192
192	    writeBlob(Addr addr, const void *p, int size) const
>>> writeBlob call: this=0x7fffffffc710, addr=0xffff04a8, p=0x7fffffffc75c, size=4
Error in testing breakpoint condition:
No frame is currently executing in block gem5::PortProxy::writeBlob(unsigned long, void const*, int) const.

Breakpoint 1, gem5::PortProxy::writeBlob (this=0x7fffffffc710, addr=4294902956, p=0x7fffffffc75c, size=4) at src/mem/port_proxy.hh:192
192	    writeBlob(Addr addr, const void *p, int size) const
>>> writeBlob call: this=0x7fffffffc710, addr=0xffff04ac, p=0x7fffffffc75c, size=4
Error in testing breakpoint condition:
No frame is currently executing in block gem5::PortProxy::writeBlob(unsigned long, void const*, int) const.

Breakpoint 1, gem5::PortProxy::writeBlob (this=0x7fffffffc710, addr=4294902960, p=0x7fffffffc75c, size=4) at src/mem/port_proxy.hh:192
192	    writeBlob(Addr addr, const void *p, int size) const
>>> writeBlob call: this=0x7fffffffc710, addr=0xffff04b0, p=0x7fffffffc75c, size=4
Error in testing breakpoint condition:
No frame is currently executing in block gem5::PortProxy::writeBlob(unsigned long, void const*, int) const.

Breakpoint 1, gem5::PortProxy::writeBlob (this=0x7fffffffc710, addr=4294902964, p=0x7fffffffc75c, size=4) at src/mem/port_proxy.hh:192
192	    writeBlob(Addr addr, const void *p, int size) const
>>> writeBlob call: this=0x7fffffffc710, addr=0xffff04b4, p=0x7fffffffc75c, size=4
Error in testing breakpoint condition:
No frame is currently executing in block gem5::PortProxy::writeBlob(unsigned long, void const*, int) const.

Breakpoint 1, gem5::PortProxy::writeBlob (this=0x7fffffffc710, addr=4294902968, p=0x7fffffffc75c, size=4) at src/mem/port_proxy.hh:192
192	    writeBlob(Addr addr, const void *p, int size) const
>>> writeBlob call: this=0x7fffffffc710, addr=0xffff04b8, p=0x7fffffffc75c, size=4
Error in testing breakpoint condition:
No frame is currently executing in block gem5::PortProxy::writeBlob(unsigned long, void const*, int) const.

Breakpoint 1, gem5::PortProxy::writeBlob (this=0x7fffffffc710, addr=4294902972, p=0x7fffffffc75c, size=4) at src/mem/port_proxy.hh:192
192	    writeBlob(Addr addr, const void *p, int size) const
>>> writeBlob call: this=0x7fffffffc710, addr=0xffff04bc, p=0x7fffffffc75c, size=4
Error in testing breakpoint condition:
No frame is currently executing in block gem5::PortProxy::writeBlob(unsigned long, void const*, int) const.

Breakpoint 1, gem5::PortProxy::writeBlob (this=0x7fffffffc710, addr=4294902976, p=0x7fffffffc75c, size=4) at src/mem/port_proxy.hh:192
192	    writeBlob(Addr addr, const void *p, int size) const
>>> writeBlob call: this=0x7fffffffc710, addr=0xffff04c0, p=0x7fffffffc75c, size=4
Error in testing breakpoint condition:
No frame is currently executing in block gem5::PortProxy::writeBlob(unsigned long, void const*, int) const.

Breakpoint 1, gem5::PortProxy::writeBlob (this=0x7fffffffc710, addr=4294902980, p=0x7fffffffc75c, size=4) at src/mem/port_proxy.hh:192
192	    writeBlob(Addr addr, const void *p, int size) const
>>> writeBlob call: this=0x7fffffffc710, addr=0xffff04c4, p=0x7fffffffc75c, size=4
Error in testing breakpoint condition:
No frame is currently executing in block gem5::PortProxy::writeBlob(unsigned long, void const*, int) const.

Breakpoint 1, gem5::PortProxy::writeBlob (this=0x7fffffffc710, addr=4294902984, p=0x7fffffffc75c, size=4) at src/mem/port_proxy.hh:192
192	    writeBlob(Addr addr, const void *p, int size) const
>>> writeBlob call: this=0x7fffffffc710, addr=0xffff04c8, p=0x7fffffffc75c, size=4
Error in testing breakpoint condition:
No frame is currently executing in block gem5::PortProxy::writeBlob(unsigned long, void const*, int) const.

Breakpoint 1, gem5::PortProxy::writeBlob (this=0x7fffffffc710, addr=4294902988, p=0x7fffffffc75c, size=4) at src/mem/port_proxy.hh:192
192	    writeBlob(Addr addr, const void *p, int size) const
>>> writeBlob call: this=0x7fffffffc710, addr=0xffff04cc, p=0x7fffffffc75c, size=4
Error in testing breakpoint condition:
No frame is currently executing in block gem5::PortProxy::writeBlob(unsigned long, void const*, int) const.

Breakpoint 1, gem5::PortProxy::writeBlob (this=0x7fffffffc710, addr=4294902992, p=0x7fffffffc75c, size=4) at src/mem/port_proxy.hh:192
192	    writeBlob(Addr addr, const void *p, int size) const
>>> writeBlob call: this=0x7fffffffc710, addr=0xffff04d0, p=0x7fffffffc75c, size=4
Error in testing breakpoint condition:
No frame is currently executing in block gem5::PortProxy::writeBlob(unsigned long, void const*, int) const.

Breakpoint 1, gem5::PortProxy::writeBlob (this=0x7fffffffc710, addr=4294902996, p=0x7fffffffc75c, size=4) at src/mem/port_proxy.hh:192
192	    writeBlob(Addr addr, const void *p, int size) const
>>> writeBlob call: this=0x7fffffffc710, addr=0xffff04d4, p=0x7fffffffc75c, size=4
Error in testing breakpoint condition:
No frame is currently executing in block gem5::PortProxy::writeBlob(unsigned long, void const*, int) const.

Breakpoint 1, gem5::PortProxy::writeBlob (this=0x7fffffffc710, addr=4294903000, p=0x7fffffffc75c, size=4) at src/mem/port_proxy.hh:192
192	    writeBlob(Addr addr, const void *p, int size) const
>>> writeBlob call: this=0x7fffffffc710, addr=0xffff04d8, p=0x7fffffffc75c, size=4
Error in testing breakpoint condition:
No frame is currently executing in block gem5::PortProxy::writeBlob(unsigned long, void const*, int) const.

Breakpoint 1, gem5::PortProxy::writeBlob (this=0x7fffffffc710, addr=4294903004, p=0x7fffffffc75c, size=4) at src/mem/port_proxy.hh:192
192	    writeBlob(Addr addr, const void *p, int size) const
>>> writeBlob call: this=0x7fffffffc710, addr=0xffff04dc, p=0x7fffffffc75c, size=4
Error in testing breakpoint condition:
No frame is currently executing in block gem5::PortProxy::writeBlob(unsigned long, void const*, int) const.

Breakpoint 1, gem5::PortProxy::writeBlob (this=0x7fffffffc710, addr=4294903008, p=0x7fffffffc75c, size=4) at src/mem/port_proxy.hh:192
192	    writeBlob(Addr addr, const void *p, int size) const
>>> writeBlob call: this=0x7fffffffc710, addr=0xffff04e0, p=0x7fffffffc75c, size=4
Error in testing breakpoint condition:
No frame is currently executing in block gem5::PortProxy::writeBlob(unsigned long, void const*, int) const.

Breakpoint 1, gem5::PortProxy::writeBlob (this=0x7fffffffc710, addr=4294903012, p=0x7fffffffc75c, size=4) at src/mem/port_proxy.hh:192
192	    writeBlob(Addr addr, const void *p, int size) const
>>> writeBlob call: this=0x7fffffffc710, addr=0xffff04e4, p=0x7fffffffc75c, size=4
Error in testing breakpoint condition:
No frame is currently executing in block gem5::PortProxy::writeBlob(unsigned long, void const*, int) const.

Breakpoint 1, gem5::PortProxy::writeBlob (this=0x7fffffffc710, addr=4294903016, p=0x7fffffffc75c, size=4) at src/mem/port_proxy.hh:192
192	    writeBlob(Addr addr, const void *p, int size) const
>>> writeBlob call: this=0x7fffffffc710, addr=0xffff04e8, p=0x7fffffffc75c, size=4
Error in testing breakpoint condition:
No frame is currently executing in block gem5::PortProxy::writeBlob(unsigned long, void const*, int) const.

Breakpoint 1, gem5::PortProxy::writeBlob (this=0x7fffffffc710, addr=4294903020, p=0x7fffffffc75c, size=4) at src/mem/port_proxy.hh:192
192	    writeBlob(Addr addr, const void *p, int size) const
>>> writeBlob call: this=0x7fffffffc710, addr=0xffff04ec, p=0x7fffffffc75c, size=4
Error in testing breakpoint condition:
No frame is currently executing in block gem5::PortProxy::writeBlob(unsigned long, void const*, int) const.

Breakpoint 1, gem5::PortProxy::writeBlob (this=0x7fffffffc710, addr=4294903024, p=0x7fffffffc75c, size=4) at src/mem/port_proxy.hh:192
192	    writeBlob(Addr addr, const void *p, int size) const
>>> writeBlob call: this=0x7fffffffc710, addr=0xffff04f0, p=0x7fffffffc75c, size=4
Error in testing breakpoint condition:
No frame is currently executing in block gem5::PortProxy::writeBlob(unsigned long, void const*, int) const.

Breakpoint 1, gem5::PortProxy::writeBlob (this=0x7fffffffc710, addr=4294903028, p=0x7fffffffc75c, size=4) at src/mem/port_proxy.hh:192
192	    writeBlob(Addr addr, const void *p, int size) const
>>> writeBlob call: this=0x7fffffffc710, addr=0xffff04f4, p=0x7fffffffc75c, size=4
Error in testing breakpoint condition:
No frame is currently executing in block gem5::PortProxy::writeBlob(unsigned long, void const*, int) const.

Breakpoint 1, gem5::PortProxy::writeBlob (this=0x7fffffffc710, addr=4294903032, p=0x7fffffffc75c, size=4) at src/mem/port_proxy.hh:192
192	    writeBlob(Addr addr, const void *p, int size) const
>>> writeBlob call: this=0x7fffffffc710, addr=0xffff04f8, p=0x7fffffffc75c, size=4
Error in testing breakpoint condition:
No frame is currently executing in block gem5::PortProxy::writeBlob(unsigned long, void const*, int) const.

Breakpoint 1, gem5::PortProxy::writeBlob (this=0x7fffffffc710, addr=4294903036, p=0x7fffffffc75c, size=4) at src/mem/port_proxy.hh:192
192	    writeBlob(Addr addr, const void *p, int size) const
>>> writeBlob call: this=0x7fffffffc710, addr=0xffff04fc, p=0x7fffffffc75c, size=4
Error in testing breakpoint condition:
No frame is currently executing in block gem5::PortProxy::writeBlob(unsigned long, void const*, int) const.

Breakpoint 1, gem5::PortProxy::writeBlob (this=0x7fffffffc710, addr=4294903040, p=0x7fffffffc75c, size=4) at src/mem/port_proxy.hh:192
192	    writeBlob(Addr addr, const void *p, int size) const
>>> writeBlob call: this=0x7fffffffc710, addr=0xffff0500, p=0x7fffffffc75c, size=4
Error in testing breakpoint condition:
No frame is currently executing in block gem5::PortProxy::writeBlob(unsigned long, void const*, int) const.

Breakpoint 1, gem5::PortProxy::writeBlob (this=0x7fffffffc710, addr=4294903044, p=0x7fffffffc75c, size=4) at src/mem/port_proxy.hh:192
192	    writeBlob(Addr addr, const void *p, int size) const
>>> writeBlob call: this=0x7fffffffc710, addr=0xffff0504, p=0x7fffffffc75c, size=4
Error in testing breakpoint condition:
No frame is currently executing in block gem5::PortProxy::writeBlob(unsigned long, void const*, int) const.

Breakpoint 1, gem5::PortProxy::writeBlob (this=0x7fffffffc710, addr=4294903048, p=0x7fffffffc75c, size=4) at src/mem/port_proxy.hh:192
192	    writeBlob(Addr addr, const void *p, int size) const
>>> writeBlob call: this=0x7fffffffc710, addr=0xffff0508, p=0x7fffffffc75c, size=4
Error in testing breakpoint condition:
No frame is currently executing in block gem5::PortProxy::writeBlob(unsigned long, void const*, int) const.

Breakpoint 1, gem5::PortProxy::writeBlob (this=0x7fffffffc710, addr=4294903052, p=0x7fffffffc75c, size=4) at src/mem/port_proxy.hh:192
192	    writeBlob(Addr addr, const void *p, int size) const
>>> writeBlob call: this=0x7fffffffc710, addr=0xffff050c, p=0x7fffffffc75c, size=4
Error in testing breakpoint condition:
No frame is currently executing in block gem5::PortProxy::writeBlob(unsigned long, void const*, int) const.

Breakpoint 1, gem5::PortProxy::writeBlob (this=0x7fffffffc710, addr=4294903056, p=0x7fffffffc75c, size=4) at src/mem/port_proxy.hh:192
192	    writeBlob(Addr addr, const void *p, int size) const
>>> writeBlob call: this=0x7fffffffc710, addr=0xffff0510, p=0x7fffffffc75c, size=4
Error in testing breakpoint condition:
No frame is currently executing in block gem5::PortProxy::writeBlob(unsigned long, void const*, int) const.

Breakpoint 1, gem5::PortProxy::writeBlob (this=0x7fffffffc710, addr=4294903060, p=0x7fffffffc75c, size=4) at src/mem/port_proxy.hh:192
192	    writeBlob(Addr addr, const void *p, int size) const
>>> writeBlob call: this=0x7fffffffc710, addr=0xffff0514, p=0x7fffffffc75c, size=4
Error in testing breakpoint condition:
No frame is currently executing in block gem5::PortProxy::writeBlob(unsigned long, void const*, int) const.

Breakpoint 1, gem5::PortProxy::writeBlob (this=0x7fffffffc710, addr=4294903064, p=0x7fffffffc75c, size=4) at src/mem/port_proxy.hh:192
192	    writeBlob(Addr addr, const void *p, int size) const
>>> writeBlob call: this=0x7fffffffc710, addr=0xffff0518, p=0x7fffffffc75c, size=4
Error in testing breakpoint condition:
No frame is currently executing in block gem5::PortProxy::writeBlob(unsigned long, void const*, int) const.

Breakpoint 1, gem5::PortProxy::writeBlob (this=0x7fffffffc710, addr=4294903068, p=0x7fffffffc75c, size=4) at src/mem/port_proxy.hh:192
192	    writeBlob(Addr addr, const void *p, int size) const
>>> writeBlob call: this=0x7fffffffc710, addr=0xffff051c, p=0x7fffffffc75c, size=4
Error in testing breakpoint condition:
No frame is currently executing in block gem5::PortProxy::writeBlob(unsigned long, void const*, int) const.

Breakpoint 1, gem5::PortProxy::writeBlob (this=0x7fffffffc710, addr=4294903072, p=0x7fffffffc75c, size=4) at src/mem/port_proxy.hh:192
192	    writeBlob(Addr addr, const void *p, int size) const
>>> writeBlob call: this=0x7fffffffc710, addr=0xffff0520, p=0x7fffffffc75c, size=4
Error in testing breakpoint condition:
No frame is currently executing in block gem5::PortProxy::writeBlob(unsigned long, void const*, int) const.

Breakpoint 1, gem5::PortProxy::writeBlob (this=0x7fffffffc710, addr=4294903076, p=0x7fffffffc75c, size=4) at src/mem/port_proxy.hh:192
192	    writeBlob(Addr addr, const void *p, int size) const
>>> writeBlob call: this=0x7fffffffc710, addr=0xffff0524, p=0x7fffffffc75c, size=4
Error in testing breakpoint condition:
No frame is currently executing in block gem5::PortProxy::writeBlob(unsigned long, void const*, int) const.

Breakpoint 1, gem5::PortProxy::writeBlob (this=0x7fffffffc710, addr=4294903080, p=0x7fffffffc75c, size=4) at src/mem/port_proxy.hh:192
192	    writeBlob(Addr addr, const void *p, int size) const
>>> writeBlob call: this=0x7fffffffc710, addr=0xffff0528, p=0x7fffffffc75c, size=4
Error in testing breakpoint condition:
No frame is currently executing in block gem5::PortProxy::writeBlob(unsigned long, void const*, int) const.

Breakpoint 1, gem5::PortProxy::writeBlob (this=0x7fffffffc710, addr=4294903084, p=0x7fffffffc75c, size=4) at src/mem/port_proxy.hh:192
192	    writeBlob(Addr addr, const void *p, int size) const
>>> writeBlob call: this=0x7fffffffc710, addr=0xffff052c, p=0x7fffffffc75c, size=4
Error in testing breakpoint condition:
No frame is currently executing in block gem5::PortProxy::writeBlob(unsigned long, void const*, int) const.

Breakpoint 1, gem5::PortProxy::writeBlob (this=0x7fffffffc710, addr=4294903088, p=0x7fffffffc75c, size=4) at src/mem/port_proxy.hh:192
192	    writeBlob(Addr addr, const void *p, int size) const
>>> writeBlob call: this=0x7fffffffc710, addr=0xffff0530, p=0x7fffffffc75c, size=4
Error in testing breakpoint condition:
No frame is currently executing in block gem5::PortProxy::writeBlob(unsigned long, void const*, int) const.

Breakpoint 1, gem5::PortProxy::writeBlob (this=0x7fffffffc710, addr=4294903092, p=0x7fffffffc75c, size=4) at src/mem/port_proxy.hh:192
192	    writeBlob(Addr addr, const void *p, int size) const
>>> writeBlob call: this=0x7fffffffc710, addr=0xffff0534, p=0x7fffffffc75c, size=4
Error in testing breakpoint condition:
No frame is currently executing in block gem5::PortProxy::writeBlob(unsigned long, void const*, int) const.

Breakpoint 1, gem5::PortProxy::writeBlob (this=0x7fffffffc710, addr=4294903096, p=0x7fffffffc75c, size=4) at src/mem/port_proxy.hh:192
192	    writeBlob(Addr addr, const void *p, int size) const
>>> writeBlob call: this=0x7fffffffc710, addr=0xffff0538, p=0x7fffffffc75c, size=4
Error in testing breakpoint condition:
No frame is currently executing in block gem5::PortProxy::writeBlob(unsigned long, void const*, int) const.

Breakpoint 1, gem5::PortProxy::writeBlob (this=0x7fffffffc710, addr=4294903100, p=0x7fffffffc75c, size=4) at src/mem/port_proxy.hh:192
192	    writeBlob(Addr addr, const void *p, int size) const
>>> writeBlob call: this=0x7fffffffc710, addr=0xffff053c, p=0x7fffffffc75c, size=4
Error in testing breakpoint condition:
No frame is currently executing in block gem5::PortProxy::writeBlob(unsigned long, void const*, int) const.

Breakpoint 1, gem5::PortProxy::writeBlob (this=0x7fffffffc710, addr=4294903104, p=0x7fffffffc75c, size=4) at src/mem/port_proxy.hh:192
192	    writeBlob(Addr addr, const void *p, int size) const
>>> writeBlob call: this=0x7fffffffc710, addr=0xffff0540, p=0x7fffffffc75c, size=4
Error in testing breakpoint condition:
No frame is currently executing in block gem5::PortProxy::writeBlob(unsigned long, void const*, int) const.

Breakpoint 1, gem5::PortProxy::writeBlob (this=0x7fffffffc710, addr=4294903108, p=0x7fffffffc75c, size=4) at src/mem/port_proxy.hh:192
192	    writeBlob(Addr addr, const void *p, int size) const
>>> writeBlob call: this=0x7fffffffc710, addr=0xffff0544, p=0x7fffffffc75c, size=4
Error in testing breakpoint condition:
No frame is currently executing in block gem5::PortProxy::writeBlob(unsigned long, void const*, int) const.

Breakpoint 1, gem5::PortProxy::writeBlob (this=0x7fffffffc710, addr=4294903112, p=0x7fffffffc75c, size=4) at src/mem/port_proxy.hh:192
192	    writeBlob(Addr addr, const void *p, int size) const
>>> writeBlob call: this=0x7fffffffc710, addr=0xffff0548, p=0x7fffffffc75c, size=4
Error in testing breakpoint condition:
No frame is currently executing in block gem5::PortProxy::writeBlob(unsigned long, void const*, int) const.

Breakpoint 1, gem5::PortProxy::writeBlob (this=0x7fffffffc710, addr=4294903116, p=0x7fffffffc75c, size=4) at src/mem/port_proxy.hh:192
192	    writeBlob(Addr addr, const void *p, int size) const
>>> writeBlob call: this=0x7fffffffc710, addr=0xffff054c, p=0x7fffffffc75c, size=4
Error in testing breakpoint condition:
No frame is currently executing in block gem5::PortProxy::writeBlob(unsigned long, void const*, int) const.

Breakpoint 1, gem5::PortProxy::writeBlob (this=0x7fffffffc710, addr=4294903120, p=0x7fffffffc75c, size=4) at src/mem/port_proxy.hh:192
192	    writeBlob(Addr addr, const void *p, int size) const
>>> writeBlob call: this=0x7fffffffc710, addr=0xffff0550, p=0x7fffffffc75c, size=4
Error in testing breakpoint condition:
No frame is currently executing in block gem5::PortProxy::writeBlob(unsigned long, void const*, int) const.

Breakpoint 1, gem5::PortProxy::writeBlob (this=0x7fffffffc710, addr=4294903124, p=0x7fffffffc75c, size=4) at src/mem/port_proxy.hh:192
192	    writeBlob(Addr addr, const void *p, int size) const
>>> writeBlob call: this=0x7fffffffc710, addr=0xffff0554, p=0x7fffffffc75c, size=4
Error in testing breakpoint condition:
No frame is currently executing in block gem5::PortProxy::writeBlob(unsigned long, void const*, int) const.

Breakpoint 1, gem5::PortProxy::writeBlob (this=0x7fffffffc710, addr=4294903128, p=0x7fffffffc75c, size=4) at src/mem/port_proxy.hh:192
192	    writeBlob(Addr addr, const void *p, int size) const
>>> writeBlob call: this=0x7fffffffc710, addr=0xffff0558, p=0x7fffffffc75c, size=4
Error in testing breakpoint condition:
No frame is currently executing in block gem5::PortProxy::writeBlob(unsigned long, void const*, int) const.

Breakpoint 1, gem5::PortProxy::writeBlob (this=0x7fffffffc710, addr=4294903132, p=0x7fffffffc75c, size=4) at src/mem/port_proxy.hh:192
192	    writeBlob(Addr addr, const void *p, int size) const
>>> writeBlob call: this=0x7fffffffc710, addr=0xffff055c, p=0x7fffffffc75c, size=4
Error in testing breakpoint condition:
No frame is currently executing in block gem5::PortProxy::writeBlob(unsigned long, void const*, int) const.

Breakpoint 1, gem5::PortProxy::writeBlob (this=0x7fffffffc710, addr=4294903136, p=0x7fffffffc75c, size=4) at src/mem/port_proxy.hh:192
192	    writeBlob(Addr addr, const void *p, int size) const
>>> writeBlob call: this=0x7fffffffc710, addr=0xffff0560, p=0x7fffffffc75c, size=4
Error in testing breakpoint condition:
No frame is currently executing in block gem5::PortProxy::writeBlob(unsigned long, void const*, int) const.

Breakpoint 1, gem5::PortProxy::writeBlob (this=0x7fffffffc710, addr=4294903140, p=0x7fffffffc75c, size=4) at src/mem/port_proxy.hh:192
192	    writeBlob(Addr addr, const void *p, int size) const
>>> writeBlob call: this=0x7fffffffc710, addr=0xffff0564, p=0x7fffffffc75c, size=4
Error in testing breakpoint condition:
No frame is currently executing in block gem5::PortProxy::writeBlob(unsigned long, void const*, int) const.

Breakpoint 1, gem5::PortProxy::writeBlob (this=0x7fffffffc710, addr=4294903144, p=0x7fffffffc75c, size=4) at src/mem/port_proxy.hh:192
192	    writeBlob(Addr addr, const void *p, int size) const
>>> writeBlob call: this=0x7fffffffc710, addr=0xffff0568, p=0x7fffffffc75c, size=4
Error in testing breakpoint condition:
No frame is currently executing in block gem5::PortProxy::writeBlob(unsigned long, void const*, int) const.

Breakpoint 1, gem5::PortProxy::writeBlob (this=0x7fffffffc710, addr=4294903148, p=0x7fffffffc75c, size=4) at src/mem/port_proxy.hh:192
192	    writeBlob(Addr addr, const void *p, int size) const
>>> writeBlob call: this=0x7fffffffc710, addr=0xffff056c, p=0x7fffffffc75c, size=4
Error in testing breakpoint condition:
No frame is currently executing in block gem5::PortProxy::writeBlob(unsigned long, void const*, int) const.

Breakpoint 1, gem5::PortProxy::writeBlob (this=0x7fffffffc710, addr=4294903152, p=0x7fffffffc75c, size=4) at src/mem/port_proxy.hh:192
192	    writeBlob(Addr addr, const void *p, int size) const
>>> writeBlob call: this=0x7fffffffc710, addr=0xffff0570, p=0x7fffffffc75c, size=4
Error in testing breakpoint condition:
No frame is currently executing in block gem5::PortProxy::writeBlob(unsigned long, void const*, int) const.

Breakpoint 1, gem5::PortProxy::writeBlob (this=0x7fffffffc710, addr=4294903156, p=0x7fffffffc75c, size=4) at src/mem/port_proxy.hh:192
192	    writeBlob(Addr addr, const void *p, int size) const
>>> writeBlob call: this=0x7fffffffc710, addr=0xffff0574, p=0x7fffffffc75c, size=4
Error in testing breakpoint condition:
No frame is currently executing in block gem5::PortProxy::writeBlob(unsigned long, void const*, int) const.

Breakpoint 1, gem5::PortProxy::writeBlob (this=0x7fffffffc710, addr=4294903160, p=0x7fffffffc75c, size=4) at src/mem/port_proxy.hh:192
192	    writeBlob(Addr addr, const void *p, int size) const
>>> writeBlob call: this=0x7fffffffc710, addr=0xffff0578, p=0x7fffffffc75c, size=4
Error in testing breakpoint condition:
No frame is currently executing in block gem5::PortProxy::writeBlob(unsigned long, void const*, int) const.

Breakpoint 1, gem5::PortProxy::writeBlob (this=0x7fffffffc710, addr=4294903164, p=0x7fffffffc75c, size=4) at src/mem/port_proxy.hh:192
192	    writeBlob(Addr addr, const void *p, int size) const
>>> writeBlob call: this=0x7fffffffc710, addr=0xffff057c, p=0x7fffffffc75c, size=4
Error in testing breakpoint condition:
No frame is currently executing in block gem5::PortProxy::writeBlob(unsigned long, void const*, int) const.

Breakpoint 1, gem5::PortProxy::writeBlob (this=0x7fffffffc710, addr=4294903168, p=0x7fffffffc75c, size=4) at src/mem/port_proxy.hh:192
192	    writeBlob(Addr addr, const void *p, int size) const
>>> writeBlob call: this=0x7fffffffc710, addr=0xffff0580, p=0x7fffffffc75c, size=4
Error in testing breakpoint condition:
No frame is currently executing in block gem5::PortProxy::writeBlob(unsigned long, void const*, int) const.

Breakpoint 1, gem5::PortProxy::writeBlob (this=0x7fffffffc710, addr=4294903172, p=0x7fffffffc75c, size=4) at src/mem/port_proxy.hh:192
192	    writeBlob(Addr addr, const void *p, int size) const
>>> writeBlob call: this=0x7fffffffc710, addr=0xffff0584, p=0x7fffffffc75c, size=4
Error in testing breakpoint condition:
No frame is currently executing in block gem5::PortProxy::writeBlob(unsigned long, void const*, int) const.

Breakpoint 1, gem5::PortProxy::writeBlob (this=0x7fffffffc710, addr=4294903176, p=0x7fffffffc75c, size=4) at src/mem/port_proxy.hh:192
192	    writeBlob(Addr addr, const void *p, int size) const
>>> writeBlob call: this=0x7fffffffc710, addr=0xffff0588, p=0x7fffffffc75c, size=4
Error in testing breakpoint condition:
No frame is currently executing in block gem5::PortProxy::writeBlob(unsigned long, void const*, int) const.

Breakpoint 1, gem5::PortProxy::writeBlob (this=0x7fffffffc710, addr=4294903180, p=0x7fffffffc75c, size=4) at src/mem/port_proxy.hh:192
192	    writeBlob(Addr addr, const void *p, int size) const
>>> writeBlob call: this=0x7fffffffc710, addr=0xffff058c, p=0x7fffffffc75c, size=4
Error in testing breakpoint condition:
No frame is currently executing in block gem5::PortProxy::writeBlob(unsigned long, void const*, int) const.

Breakpoint 1, gem5::PortProxy::writeBlob (this=0x7fffffffc710, addr=4294903184, p=0x7fffffffc75c, size=4) at src/mem/port_proxy.hh:192
192	    writeBlob(Addr addr, const void *p, int size) const
>>> writeBlob call: this=0x7fffffffc710, addr=0xffff0590, p=0x7fffffffc75c, size=4
Error in testing breakpoint condition:
No frame is currently executing in block gem5::PortProxy::writeBlob(unsigned long, void const*, int) const.

Breakpoint 1, gem5::PortProxy::writeBlob (this=0x7fffffffc710, addr=4294903188, p=0x7fffffffc75c, size=4) at src/mem/port_proxy.hh:192
192	    writeBlob(Addr addr, const void *p, int size) const
>>> writeBlob call: this=0x7fffffffc710, addr=0xffff0594, p=0x7fffffffc75c, size=4
Error in testing breakpoint condition:
No frame is currently executing in block gem5::PortProxy::writeBlob(unsigned long, void const*, int) const.

Breakpoint 1, gem5::PortProxy::writeBlob (this=0x7fffffffc710, addr=4294903192, p=0x7fffffffc75c, size=4) at src/mem/port_proxy.hh:192
192	    writeBlob(Addr addr, const void *p, int size) const
>>> writeBlob call: this=0x7fffffffc710, addr=0xffff0598, p=0x7fffffffc75c, size=4
Error in testing breakpoint condition:
No frame is currently executing in block gem5::PortProxy::writeBlob(unsigned long, void const*, int) const.

Breakpoint 1, gem5::PortProxy::writeBlob (this=0x7fffffffc710, addr=4294903196, p=0x7fffffffc75c, size=4) at src/mem/port_proxy.hh:192
192	    writeBlob(Addr addr, const void *p, int size) const
>>> writeBlob call: this=0x7fffffffc710, addr=0xffff059c, p=0x7fffffffc75c, size=4
Error in testing breakpoint condition:
No frame is currently executing in block gem5::PortProxy::writeBlob(unsigned long, void const*, int) const.

Breakpoint 1, gem5::PortProxy::writeBlob (this=0x7fffffffc710, addr=4294903200, p=0x7fffffffc75c, size=4) at src/mem/port_proxy.hh:192
192	    writeBlob(Addr addr, const void *p, int size) const
>>> writeBlob call: this=0x7fffffffc710, addr=0xffff05a0, p=0x7fffffffc75c, size=4
Error in testing breakpoint condition:
No frame is currently executing in block gem5::PortProxy::writeBlob(unsigned long, void const*, int) const.

Breakpoint 1, gem5::PortProxy::writeBlob (this=0x7fffffffc710, addr=4294903204, p=0x7fffffffc75c, size=4) at src/mem/port_proxy.hh:192
192	    writeBlob(Addr addr, const void *p, int size) const
>>> writeBlob call: this=0x7fffffffc710, addr=0xffff05a4, p=0x7fffffffc75c, size=4
Error in testing breakpoint condition:
No frame is currently executing in block gem5::PortProxy::writeBlob(unsigned long, void const*, int) const.

Breakpoint 1, gem5::PortProxy::writeBlob (this=0x7fffffffc710, addr=4294903208, p=0x7fffffffc75c, size=4) at src/mem/port_proxy.hh:192
192	    writeBlob(Addr addr, const void *p, int size) const
>>> writeBlob call: this=0x7fffffffc710, addr=0xffff05a8, p=0x7fffffffc75c, size=4
Error in testing breakpoint condition:
No frame is currently executing in block gem5::PortProxy::writeBlob(unsigned long, void const*, int) const.

Breakpoint 1, gem5::PortProxy::writeBlob (this=0x7fffffffc710, addr=4294903212, p=0x7fffffffc75c, size=4) at src/mem/port_proxy.hh:192
192	    writeBlob(Addr addr, const void *p, int size) const
>>> writeBlob call: this=0x7fffffffc710, addr=0xffff05ac, p=0x7fffffffc75c, size=4
Error in testing breakpoint condition:
No frame is currently executing in block gem5::PortProxy::writeBlob(unsigned long, void const*, int) const.

Breakpoint 1, gem5::PortProxy::writeBlob (this=0x7fffffffc710, addr=4294903216, p=0x7fffffffc75c, size=4) at src/mem/port_proxy.hh:192
192	    writeBlob(Addr addr, const void *p, int size) const
>>> writeBlob call: this=0x7fffffffc710, addr=0xffff05b0, p=0x7fffffffc75c, size=4
Error in testing breakpoint condition:
No frame is currently executing in block gem5::PortProxy::writeBlob(unsigned long, void const*, int) const.

Breakpoint 1, gem5::PortProxy::writeBlob (this=0x7fffffffc710, addr=4294903220, p=0x7fffffffc75c, size=4) at src/mem/port_proxy.hh:192
192	    writeBlob(Addr addr, const void *p, int size) const
>>> writeBlob call: this=0x7fffffffc710, addr=0xffff05b4, p=0x7fffffffc75c, size=4
Error in testing breakpoint condition:
No frame is currently executing in block gem5::PortProxy::writeBlob(unsigned long, void const*, int) const.

Breakpoint 1, gem5::PortProxy::writeBlob (this=0x7fffffffc710, addr=4294903224, p=0x7fffffffc75c, size=4) at src/mem/port_proxy.hh:192
192	    writeBlob(Addr addr, const void *p, int size) const
>>> writeBlob call: this=0x7fffffffc710, addr=0xffff05b8, p=0x7fffffffc75c, size=4
Error in testing breakpoint condition:
No frame is currently executing in block gem5::PortProxy::writeBlob(unsigned long, void const*, int) const.

Breakpoint 1, gem5::PortProxy::writeBlob (this=0x7fffffffc710, addr=4294903228, p=0x7fffffffc75c, size=4) at src/mem/port_proxy.hh:192
192	    writeBlob(Addr addr, const void *p, int size) const
>>> writeBlob call: this=0x7fffffffc710, addr=0xffff05bc, p=0x7fffffffc75c, size=4
Error in testing breakpoint condition:
No frame is currently executing in block gem5::PortProxy::writeBlob(unsigned long, void const*, int) const.

Breakpoint 1, gem5::PortProxy::writeBlob (this=0x7fffffffc710, addr=4294903232, p=0x7fffffffc75c, size=4) at src/mem/port_proxy.hh:192
192	    writeBlob(Addr addr, const void *p, int size) const
>>> writeBlob call: this=0x7fffffffc710, addr=0xffff05c0, p=0x7fffffffc75c, size=4
Error in testing breakpoint condition:
No frame is currently executing in block gem5::PortProxy::writeBlob(unsigned long, void const*, int) const.

Breakpoint 1, gem5::PortProxy::writeBlob (this=0x7fffffffc710, addr=4294903236, p=0x7fffffffc75c, size=4) at src/mem/port_proxy.hh:192
192	    writeBlob(Addr addr, const void *p, int size) const
>>> writeBlob call: this=0x7fffffffc710, addr=0xffff05c4, p=0x7fffffffc75c, size=4
Error in testing breakpoint condition:
No frame is currently executing in block gem5::PortProxy::writeBlob(unsigned long, void const*, int) const.

Breakpoint 1, gem5::PortProxy::writeBlob (this=0x7fffffffc710, addr=4294903240, p=0x7fffffffc75c, size=4) at src/mem/port_proxy.hh:192
192	    writeBlob(Addr addr, const void *p, int size) const
>>> writeBlob call: this=0x7fffffffc710, addr=0xffff05c8, p=0x7fffffffc75c, size=4
Error in testing breakpoint condition:
No frame is currently executing in block gem5::PortProxy::writeBlob(unsigned long, void const*, int) const.

Breakpoint 1, gem5::PortProxy::writeBlob (this=0x7fffffffc710, addr=4294903244, p=0x7fffffffc75c, size=4) at src/mem/port_proxy.hh:192
192	    writeBlob(Addr addr, const void *p, int size) const
>>> writeBlob call: this=0x7fffffffc710, addr=0xffff05cc, p=0x7fffffffc75c, size=4
Error in testing breakpoint condition:
No frame is currently executing in block gem5::PortProxy::writeBlob(unsigned long, void const*, int) const.

Breakpoint 1, gem5::PortProxy::writeBlob (this=0x7fffffffc710, addr=4294903248, p=0x7fffffffc75c, size=4) at src/mem/port_proxy.hh:192
192	    writeBlob(Addr addr, const void *p, int size) const
>>> writeBlob call: this=0x7fffffffc710, addr=0xffff05d0, p=0x7fffffffc75c, size=4
Error in testing breakpoint condition:
No frame is currently executing in block gem5::PortProxy::writeBlob(unsigned long, void const*, int) const.

Breakpoint 1, gem5::PortProxy::writeBlob (this=0x7fffffffc710, addr=4294903252, p=0x7fffffffc75c, size=4) at src/mem/port_proxy.hh:192
192	    writeBlob(Addr addr, const void *p, int size) const
>>> writeBlob call: this=0x7fffffffc710, addr=0xffff05d4, p=0x7fffffffc75c, size=4
Error in testing breakpoint condition:
No frame is currently executing in block gem5::PortProxy::writeBlob(unsigned long, void const*, int) const.

Breakpoint 1, gem5::PortProxy::writeBlob (this=0x7fffffffc710, addr=4294903256, p=0x7fffffffc75c, size=4) at src/mem/port_proxy.hh:192
192	    writeBlob(Addr addr, const void *p, int size) const
>>> writeBlob call: this=0x7fffffffc710, addr=0xffff05d8, p=0x7fffffffc75c, size=4
Error in testing breakpoint condition:
No frame is currently executing in block gem5::PortProxy::writeBlob(unsigned long, void const*, int) const.

Breakpoint 1, gem5::PortProxy::writeBlob (this=0x7fffffffc710, addr=4294903260, p=0x7fffffffc75c, size=4) at src/mem/port_proxy.hh:192
192	    writeBlob(Addr addr, const void *p, int size) const
>>> writeBlob call: this=0x7fffffffc710, addr=0xffff05dc, p=0x7fffffffc75c, size=4
Error in testing breakpoint condition:
No frame is currently executing in block gem5::PortProxy::writeBlob(unsigned long, void const*, int) const.

Breakpoint 1, gem5::PortProxy::writeBlob (this=0x7fffffffc710, addr=4294903264, p=0x7fffffffc75c, size=4) at src/mem/port_proxy.hh:192
192	    writeBlob(Addr addr, const void *p, int size) const
>>> writeBlob call: this=0x7fffffffc710, addr=0xffff05e0, p=0x7fffffffc75c, size=4
Error in testing breakpoint condition:
No frame is currently executing in block gem5::PortProxy::writeBlob(unsigned long, void const*, int) const.

Breakpoint 1, gem5::PortProxy::writeBlob (this=0x7fffffffc710, addr=4294903268, p=0x7fffffffc75c, size=4) at src/mem/port_proxy.hh:192
192	    writeBlob(Addr addr, const void *p, int size) const
>>> writeBlob call: this=0x7fffffffc710, addr=0xffff05e4, p=0x7fffffffc75c, size=4
Error in testing breakpoint condition:
No frame is currently executing in block gem5::PortProxy::writeBlob(unsigned long, void const*, int) const.

Breakpoint 1, gem5::PortProxy::writeBlob (this=0x7fffffffc710, addr=4294903272, p=0x7fffffffc75c, size=4) at src/mem/port_proxy.hh:192
192	    writeBlob(Addr addr, const void *p, int size) const
>>> writeBlob call: this=0x7fffffffc710, addr=0xffff05e8, p=0x7fffffffc75c, size=4
Error in testing breakpoint condition:
No frame is currently executing in block gem5::PortProxy::writeBlob(unsigned long, void const*, int) const.

Breakpoint 1, gem5::PortProxy::writeBlob (this=0x7fffffffc710, addr=4294903276, p=0x7fffffffc75c, size=4) at src/mem/port_proxy.hh:192
192	    writeBlob(Addr addr, const void *p, int size) const
>>> writeBlob call: this=0x7fffffffc710, addr=0xffff05ec, p=0x7fffffffc75c, size=4
Error in testing breakpoint condition:
No frame is currently executing in block gem5::PortProxy::writeBlob(unsigned long, void const*, int) const.

Breakpoint 1, gem5::PortProxy::writeBlob (this=0x7fffffffc710, addr=4294903280, p=0x7fffffffc75c, size=4) at src/mem/port_proxy.hh:192
192	    writeBlob(Addr addr, const void *p, int size) const
>>> writeBlob call: this=0x7fffffffc710, addr=0xffff05f0, p=0x7fffffffc75c, size=4
Error in testing breakpoint condition:
No frame is currently executing in block gem5::PortProxy::writeBlob(unsigned long, void const*, int) const.

Breakpoint 1, gem5::PortProxy::writeBlob (this=0x7fffffffc710, addr=4294903284, p=0x7fffffffc75c, size=4) at src/mem/port_proxy.hh:192
192	    writeBlob(Addr addr, const void *p, int size) const
>>> writeBlob call: this=0x7fffffffc710, addr=0xffff05f4, p=0x7fffffffc75c, size=4
Error in testing breakpoint condition:
No frame is currently executing in block gem5::PortProxy::writeBlob(unsigned long, void const*, int) const.

Breakpoint 1, gem5::PortProxy::writeBlob (this=0x7fffffffc710, addr=4294903288, p=0x7fffffffc75c, size=4) at src/mem/port_proxy.hh:192
192	    writeBlob(Addr addr, const void *p, int size) const
>>> writeBlob call: this=0x7fffffffc710, addr=0xffff05f8, p=0x7fffffffc75c, size=4
Error in testing breakpoint condition:
No frame is currently executing in block gem5::PortProxy::writeBlob(unsigned long, void const*, int) const.

Breakpoint 1, gem5::PortProxy::writeBlob (this=0x7fffffffc710, addr=4294903292, p=0x7fffffffc75c, size=4) at src/mem/port_proxy.hh:192
192	    writeBlob(Addr addr, const void *p, int size) const
>>> writeBlob call: this=0x7fffffffc710, addr=0xffff05fc, p=0x7fffffffc75c, size=4
Error in testing breakpoint condition:
No frame is currently executing in block gem5::PortProxy::writeBlob(unsigned long, void const*, int) const.

Breakpoint 1, gem5::PortProxy::writeBlob (this=0x7fffffffc710, addr=4294903296, p=0x7fffffffc75c, size=4) at src/mem/port_proxy.hh:192
192	    writeBlob(Addr addr, const void *p, int size) const
>>> writeBlob call: this=0x7fffffffc710, addr=0xffff0600, p=0x7fffffffc75c, size=4
Error in testing breakpoint condition:
No frame is currently executing in block gem5::PortProxy::writeBlob(unsigned long, void const*, int) const.

Breakpoint 1, gem5::PortProxy::writeBlob (this=0x7fffffffc710, addr=4294903300, p=0x7fffffffc75c, size=4) at src/mem/port_proxy.hh:192
192	    writeBlob(Addr addr, const void *p, int size) const
>>> writeBlob call: this=0x7fffffffc710, addr=0xffff0604, p=0x7fffffffc75c, size=4
Error in testing breakpoint condition:
No frame is currently executing in block gem5::PortProxy::writeBlob(unsigned long, void const*, int) const.

Breakpoint 1, gem5::PortProxy::writeBlob (this=0x7fffffffc710, addr=4294903304, p=0x7fffffffc75c, size=4) at src/mem/port_proxy.hh:192
192	    writeBlob(Addr addr, const void *p, int size) const
>>> writeBlob call: this=0x7fffffffc710, addr=0xffff0608, p=0x7fffffffc75c, size=4
Error in testing breakpoint condition:
No frame is currently executing in block gem5::PortProxy::writeBlob(unsigned long, void const*, int) const.

Breakpoint 1, gem5::PortProxy::writeBlob (this=0x7fffffffc710, addr=4294903308, p=0x7fffffffc75c, size=4) at src/mem/port_proxy.hh:192
192	    writeBlob(Addr addr, const void *p, int size) const
>>> writeBlob call: this=0x7fffffffc710, addr=0xffff060c, p=0x7fffffffc75c, size=4
Error in testing breakpoint condition:
No frame is currently executing in block gem5::PortProxy::writeBlob(unsigned long, void const*, int) const.

Breakpoint 1, gem5::PortProxy::writeBlob (this=0x7fffffffc710, addr=4294903312, p=0x7fffffffc75c, size=4) at src/mem/port_proxy.hh:192
192	    writeBlob(Addr addr, const void *p, int size) const
>>> writeBlob call: this=0x7fffffffc710, addr=0xffff0610, p=0x7fffffffc75c, size=4
Error in testing breakpoint condition:
No frame is currently executing in block gem5::PortProxy::writeBlob(unsigned long, void const*, int) const.

Breakpoint 1, gem5::PortProxy::writeBlob (this=0x7fffffffc710, addr=4294903316, p=0x7fffffffc75c, size=4) at src/mem/port_proxy.hh:192
192	    writeBlob(Addr addr, const void *p, int size) const
>>> writeBlob call: this=0x7fffffffc710, addr=0xffff0614, p=0x7fffffffc75c, size=4
Error in testing breakpoint condition:
No frame is currently executing in block gem5::PortProxy::writeBlob(unsigned long, void const*, int) const.

Breakpoint 1, gem5::PortProxy::writeBlob (this=0x7fffffffc710, addr=4294903320, p=0x7fffffffc75c, size=4) at src/mem/port_proxy.hh:192
192	    writeBlob(Addr addr, const void *p, int size) const
>>> writeBlob call: this=0x7fffffffc710, addr=0xffff0618, p=0x7fffffffc75c, size=4
Error in testing breakpoint condition:
No frame is currently executing in block gem5::PortProxy::writeBlob(unsigned long, void const*, int) const.

Breakpoint 1, gem5::PortProxy::writeBlob (this=0x7fffffffc710, addr=4294903324, p=0x7fffffffc75c, size=4) at src/mem/port_proxy.hh:192
192	    writeBlob(Addr addr, const void *p, int size) const
>>> writeBlob call: this=0x7fffffffc710, addr=0xffff061c, p=0x7fffffffc75c, size=4
Error in testing breakpoint condition:
No frame is currently executing in block gem5::PortProxy::writeBlob(unsigned long, void const*, int) const.

Breakpoint 1, gem5::PortProxy::writeBlob (this=0x7fffffffc710, addr=4294903328, p=0x7fffffffc75c, size=4) at src/mem/port_proxy.hh:192
192	    writeBlob(Addr addr, const void *p, int size) const
>>> writeBlob call: this=0x7fffffffc710, addr=0xffff0620, p=0x7fffffffc75c, size=4
Error in testing breakpoint condition:
No frame is currently executing in block gem5::PortProxy::writeBlob(unsigned long, void const*, int) const.

Breakpoint 1, gem5::PortProxy::writeBlob (this=0x7fffffffc710, addr=4294903332, p=0x7fffffffc75c, size=4) at src/mem/port_proxy.hh:192
192	    writeBlob(Addr addr, const void *p, int size) const
>>> writeBlob call: this=0x7fffffffc710, addr=0xffff0624, p=0x7fffffffc75c, size=4
Error in testing breakpoint condition:
No frame is currently executing in block gem5::PortProxy::writeBlob(unsigned long, void const*, int) const.

Breakpoint 1, gem5::PortProxy::writeBlob (this=0x7fffffffc710, addr=4294903336, p=0x7fffffffc75c, size=4) at src/mem/port_proxy.hh:192
192	    writeBlob(Addr addr, const void *p, int size) const
>>> writeBlob call: this=0x7fffffffc710, addr=0xffff0628, p=0x7fffffffc75c, size=4
Error in testing breakpoint condition:
No frame is currently executing in block gem5::PortProxy::writeBlob(unsigned long, void const*, int) const.

Breakpoint 1, gem5::PortProxy::writeBlob (this=0x7fffffffc710, addr=4294903340, p=0x7fffffffc75c, size=4) at src/mem/port_proxy.hh:192
192	    writeBlob(Addr addr, const void *p, int size) const
>>> writeBlob call: this=0x7fffffffc710, addr=0xffff062c, p=0x7fffffffc75c, size=4
Error in testing breakpoint condition:
No frame is currently executing in block gem5::PortProxy::writeBlob(unsigned long, void const*, int) const.

Breakpoint 1, gem5::PortProxy::writeBlob (this=0x7fffffffc710, addr=4294903344, p=0x7fffffffc75c, size=4) at src/mem/port_proxy.hh:192
192	    writeBlob(Addr addr, const void *p, int size) const
>>> writeBlob call: this=0x7fffffffc710, addr=0xffff0630, p=0x7fffffffc75c, size=4
Error in testing breakpoint condition:
No frame is currently executing in block gem5::PortProxy::writeBlob(unsigned long, void const*, int) const.

Breakpoint 1, gem5::PortProxy::writeBlob (this=0x7fffffffc710, addr=4294903348, p=0x7fffffffc75c, size=4) at src/mem/port_proxy.hh:192
192	    writeBlob(Addr addr, const void *p, int size) const
>>> writeBlob call: this=0x7fffffffc710, addr=0xffff0634, p=0x7fffffffc75c, size=4
Error in testing breakpoint condition:
No frame is currently executing in block gem5::PortProxy::writeBlob(unsigned long, void const*, int) const.

Breakpoint 1, gem5::PortProxy::writeBlob (this=0x7fffffffc710, addr=4294903352, p=0x7fffffffc75c, size=4) at src/mem/port_proxy.hh:192
192	    writeBlob(Addr addr, const void *p, int size) const
>>> writeBlob call: this=0x7fffffffc710, addr=0xffff0638, p=0x7fffffffc75c, size=4
Error in testing breakpoint condition:
No frame is currently executing in block gem5::PortProxy::writeBlob(unsigned long, void const*, int) const.

Breakpoint 1, gem5::PortProxy::writeBlob (this=0x7fffffffc710, addr=4294903356, p=0x7fffffffc75c, size=4) at src/mem/port_proxy.hh:192
192	    writeBlob(Addr addr, const void *p, int size) const
>>> writeBlob call: this=0x7fffffffc710, addr=0xffff063c, p=0x7fffffffc75c, size=4
Error in testing breakpoint condition:
No frame is currently executing in block gem5::PortProxy::writeBlob(unsigned long, void const*, int) const.

Breakpoint 1, gem5::PortProxy::writeBlob (this=0x7fffffffc710, addr=4294903360, p=0x7fffffffc75c, size=4) at src/mem/port_proxy.hh:192
192	    writeBlob(Addr addr, const void *p, int size) const
>>> writeBlob call: this=0x7fffffffc710, addr=0xffff0640, p=0x7fffffffc75c, size=4
Error in testing breakpoint condition:
No frame is currently executing in block gem5::PortProxy::writeBlob(unsigned long, void const*, int) const.

Breakpoint 1, gem5::PortProxy::writeBlob (this=0x7fffffffc710, addr=4294903364, p=0x7fffffffc75c, size=4) at src/mem/port_proxy.hh:192
192	    writeBlob(Addr addr, const void *p, int size) const
>>> writeBlob call: this=0x7fffffffc710, addr=0xffff0644, p=0x7fffffffc75c, size=4
Error in testing breakpoint condition:
No frame is currently executing in block gem5::PortProxy::writeBlob(unsigned long, void const*, int) const.

Breakpoint 1, gem5::PortProxy::writeBlob (this=0x7fffffffc710, addr=4294903368, p=0x7fffffffc75c, size=4) at src/mem/port_proxy.hh:192
192	    writeBlob(Addr addr, const void *p, int size) const
>>> writeBlob call: this=0x7fffffffc710, addr=0xffff0648, p=0x7fffffffc75c, size=4
Error in testing breakpoint condition:
No frame is currently executing in block gem5::PortProxy::writeBlob(unsigned long, void const*, int) const.

Breakpoint 1, gem5::PortProxy::writeBlob (this=0x7fffffffc710, addr=4294903372, p=0x7fffffffc75c, size=4) at src/mem/port_proxy.hh:192
192	    writeBlob(Addr addr, const void *p, int size) const
>>> writeBlob call: this=0x7fffffffc710, addr=0xffff064c, p=0x7fffffffc75c, size=4
Error in testing breakpoint condition:
No frame is currently executing in block gem5::PortProxy::writeBlob(unsigned long, void const*, int) const.

Breakpoint 1, gem5::PortProxy::writeBlob (this=0x7fffffffc710, addr=4294903376, p=0x7fffffffc75c, size=4) at src/mem/port_proxy.hh:192
192	    writeBlob(Addr addr, const void *p, int size) const
>>> writeBlob call: this=0x7fffffffc710, addr=0xffff0650, p=0x7fffffffc75c, size=4
Error in testing breakpoint condition:
No frame is currently executing in block gem5::PortProxy::writeBlob(unsigned long, void const*, int) const.

Breakpoint 1, gem5::PortProxy::writeBlob (this=0x7fffffffc710, addr=4294903380, p=0x7fffffffc75c, size=4) at src/mem/port_proxy.hh:192
192	    writeBlob(Addr addr, const void *p, int size) const
>>> writeBlob call: this=0x7fffffffc710, addr=0xffff0654, p=0x7fffffffc75c, size=4
Error in testing breakpoint condition:
No frame is currently executing in block gem5::PortProxy::writeBlob(unsigned long, void const*, int) const.

Breakpoint 1, gem5::PortProxy::writeBlob (this=0x7fffffffc710, addr=4294903384, p=0x7fffffffc75c, size=4) at src/mem/port_proxy.hh:192
192	    writeBlob(Addr addr, const void *p, int size) const
>>> writeBlob call: this=0x7fffffffc710, addr=0xffff0658, p=0x7fffffffc75c, size=4
Error in testing breakpoint condition:
No frame is currently executing in block gem5::PortProxy::writeBlob(unsigned long, void const*, int) const.

Breakpoint 1, gem5::PortProxy::writeBlob (this=0x7fffffffc710, addr=4294903388, p=0x7fffffffc75c, size=4) at src/mem/port_proxy.hh:192
192	    writeBlob(Addr addr, const void *p, int size) const
>>> writeBlob call: this=0x7fffffffc710, addr=0xffff065c, p=0x7fffffffc75c, size=4
Error in testing breakpoint condition:
No frame is currently executing in block gem5::PortProxy::writeBlob(unsigned long, void const*, int) const.

Breakpoint 1, gem5::PortProxy::writeBlob (this=0x7fffffffc710, addr=4294903392, p=0x7fffffffc75c, size=4) at src/mem/port_proxy.hh:192
192	    writeBlob(Addr addr, const void *p, int size) const
>>> writeBlob call: this=0x7fffffffc710, addr=0xffff0660, p=0x7fffffffc75c, size=4
Error in testing breakpoint condition:
No frame is currently executing in block gem5::PortProxy::writeBlob(unsigned long, void const*, int) const.

Breakpoint 1, gem5::PortProxy::writeBlob (this=0x7fffffffc710, addr=4294903396, p=0x7fffffffc75c, size=4) at src/mem/port_proxy.hh:192
192	    writeBlob(Addr addr, const void *p, int size) const
>>> writeBlob call: this=0x7fffffffc710, addr=0xffff0664, p=0x7fffffffc75c, size=4
Error in testing breakpoint condition:
No frame is currently executing in block gem5::PortProxy::writeBlob(unsigned long, void const*, int) const.

Breakpoint 1, gem5::PortProxy::writeBlob (this=0x7fffffffc710, addr=4294903400, p=0x7fffffffc75c, size=4) at src/mem/port_proxy.hh:192
192	    writeBlob(Addr addr, const void *p, int size) const
>>> writeBlob call: this=0x7fffffffc710, addr=0xffff0668, p=0x7fffffffc75c, size=4
Error in testing breakpoint condition:
No frame is currently executing in block gem5::PortProxy::writeBlob(unsigned long, void const*, int) const.

Breakpoint 1, gem5::PortProxy::writeBlob (this=0x7fffffffc710, addr=4294903404, p=0x7fffffffc75c, size=4) at src/mem/port_proxy.hh:192
192	    writeBlob(Addr addr, const void *p, int size) const
>>> writeBlob call: this=0x7fffffffc710, addr=0xffff066c, p=0x7fffffffc75c, size=4
Error in testing breakpoint condition:
No frame is currently executing in block gem5::PortProxy::writeBlob(unsigned long, void const*, int) const.

Breakpoint 1, gem5::PortProxy::writeBlob (this=0x7fffffffc710, addr=4294903408, p=0x7fffffffc75c, size=4) at src/mem/port_proxy.hh:192
192	    writeBlob(Addr addr, const void *p, int size) const
>>> writeBlob call: this=0x7fffffffc710, addr=0xffff0670, p=0x7fffffffc75c, size=4
Error in testing breakpoint condition:
No frame is currently executing in block gem5::PortProxy::writeBlob(unsigned long, void const*, int) const.

Breakpoint 1, gem5::PortProxy::writeBlob (this=0x7fffffffc710, addr=4294903412, p=0x7fffffffc75c, size=4) at src/mem/port_proxy.hh:192
192	    writeBlob(Addr addr, const void *p, int size) const
>>> writeBlob call: this=0x7fffffffc710, addr=0xffff0674, p=0x7fffffffc75c, size=4
Error in testing breakpoint condition:
No frame is currently executing in block gem5::PortProxy::writeBlob(unsigned long, void const*, int) const.

Breakpoint 1, gem5::PortProxy::writeBlob (this=0x7fffffffc710, addr=4294903416, p=0x7fffffffc75c, size=4) at src/mem/port_proxy.hh:192
192	    writeBlob(Addr addr, const void *p, int size) const
>>> writeBlob call: this=0x7fffffffc710, addr=0xffff0678, p=0x7fffffffc75c, size=4
Error in testing breakpoint condition:
No frame is currently executing in block gem5::PortProxy::writeBlob(unsigned long, void const*, int) const.

Breakpoint 1, gem5::PortProxy::writeBlob (this=0x7fffffffc710, addr=4294903420, p=0x7fffffffc75c, size=4) at src/mem/port_proxy.hh:192
192	    writeBlob(Addr addr, const void *p, int size) const
>>> writeBlob call: this=0x7fffffffc710, addr=0xffff067c, p=0x7fffffffc75c, size=4
Error in testing breakpoint condition:
No frame is currently executing in block gem5::PortProxy::writeBlob(unsigned long, void const*, int) const.

Breakpoint 1, gem5::PortProxy::writeBlob (this=0x7fffffffc710, addr=4294903424, p=0x7fffffffc75c, size=4) at src/mem/port_proxy.hh:192
192	    writeBlob(Addr addr, const void *p, int size) const
>>> writeBlob call: this=0x7fffffffc710, addr=0xffff0680, p=0x7fffffffc75c, size=4
Error in testing breakpoint condition:
No frame is currently executing in block gem5::PortProxy::writeBlob(unsigned long, void const*, int) const.

Breakpoint 1, gem5::PortProxy::writeBlob (this=0x7fffffffc710, addr=4294903428, p=0x7fffffffc75c, size=4) at src/mem/port_proxy.hh:192
192	    writeBlob(Addr addr, const void *p, int size) const
>>> writeBlob call: this=0x7fffffffc710, addr=0xffff0684, p=0x7fffffffc75c, size=4
Error in testing breakpoint condition:
No frame is currently executing in block gem5::PortProxy::writeBlob(unsigned long, void const*, int) const.

Breakpoint 1, gem5::PortProxy::writeBlob (this=0x7fffffffc710, addr=4294903432, p=0x7fffffffc75c, size=4) at src/mem/port_proxy.hh:192
192	    writeBlob(Addr addr, const void *p, int size) const
>>> writeBlob call: this=0x7fffffffc710, addr=0xffff0688, p=0x7fffffffc75c, size=4
Error in testing breakpoint condition:
No frame is currently executing in block gem5::PortProxy::writeBlob(unsigned long, void const*, int) const.

Breakpoint 1, gem5::PortProxy::writeBlob (this=0x7fffffffc710, addr=4294903436, p=0x7fffffffc75c, size=4) at src/mem/port_proxy.hh:192
192	    writeBlob(Addr addr, const void *p, int size) const
>>> writeBlob call: this=0x7fffffffc710, addr=0xffff068c, p=0x7fffffffc75c, size=4
Error in testing breakpoint condition:
No frame is currently executing in block gem5::PortProxy::writeBlob(unsigned long, void const*, int) const.

Breakpoint 1, gem5::PortProxy::writeBlob (this=0x7fffffffc710, addr=4294903440, p=0x7fffffffc75c, size=4) at src/mem/port_proxy.hh:192
192	    writeBlob(Addr addr, const void *p, int size) const
>>> writeBlob call: this=0x7fffffffc710, addr=0xffff0690, p=0x7fffffffc75c, size=4
Error in testing breakpoint condition:
No frame is currently executing in block gem5::PortProxy::writeBlob(unsigned long, void const*, int) const.

Breakpoint 1, gem5::PortProxy::writeBlob (this=0x7fffffffc710, addr=4294903444, p=0x7fffffffc75c, size=4) at src/mem/port_proxy.hh:192
192	    writeBlob(Addr addr, const void *p, int size) const
>>> writeBlob call: this=0x7fffffffc710, addr=0xffff0694, p=0x7fffffffc75c, size=4
Error in testing breakpoint condition:
No frame is currently executing in block gem5::PortProxy::writeBlob(unsigned long, void const*, int) const.

Breakpoint 1, gem5::PortProxy::writeBlob (this=0x7fffffffc710, addr=4294903448, p=0x7fffffffc75c, size=4) at src/mem/port_proxy.hh:192
192	    writeBlob(Addr addr, const void *p, int size) const
>>> writeBlob call: this=0x7fffffffc710, addr=0xffff0698, p=0x7fffffffc75c, size=4
Error in testing breakpoint condition:
No frame is currently executing in block gem5::PortProxy::writeBlob(unsigned long, void const*, int) const.

Breakpoint 1, gem5::PortProxy::writeBlob (this=0x7fffffffc710, addr=4294903452, p=0x7fffffffc75c, size=4) at src/mem/port_proxy.hh:192
192	    writeBlob(Addr addr, const void *p, int size) const
>>> writeBlob call: this=0x7fffffffc710, addr=0xffff069c, p=0x7fffffffc75c, size=4
Error in testing breakpoint condition:
No frame is currently executing in block gem5::PortProxy::writeBlob(unsigned long, void const*, int) const.

Breakpoint 1, gem5::PortProxy::writeBlob (this=0x7fffffffc710, addr=4294903456, p=0x7fffffffc75c, size=4) at src/mem/port_proxy.hh:192
192	    writeBlob(Addr addr, const void *p, int size) const
>>> writeBlob call: this=0x7fffffffc710, addr=0xffff06a0, p=0x7fffffffc75c, size=4
Error in testing breakpoint condition:
No frame is currently executing in block gem5::PortProxy::writeBlob(unsigned long, void const*, int) const.

Breakpoint 1, gem5::PortProxy::writeBlob (this=0x7fffffffc710, addr=4294903460, p=0x7fffffffc75c, size=4) at src/mem/port_proxy.hh:192
192	    writeBlob(Addr addr, const void *p, int size) const
>>> writeBlob call: this=0x7fffffffc710, addr=0xffff06a4, p=0x7fffffffc75c, size=4
Error in testing breakpoint condition:
No frame is currently executing in block gem5::PortProxy::writeBlob(unsigned long, void const*, int) const.

Breakpoint 1, gem5::PortProxy::writeBlob (this=0x7fffffffc710, addr=4294903464, p=0x7fffffffc75c, size=4) at src/mem/port_proxy.hh:192
192	    writeBlob(Addr addr, const void *p, int size) const
>>> writeBlob call: this=0x7fffffffc710, addr=0xffff06a8, p=0x7fffffffc75c, size=4
Error in testing breakpoint condition:
No frame is currently executing in block gem5::PortProxy::writeBlob(unsigned long, void const*, int) const.

Breakpoint 1, gem5::PortProxy::writeBlob (this=0x7fffffffc710, addr=4294903468, p=0x7fffffffc75c, size=4) at src/mem/port_proxy.hh:192
192	    writeBlob(Addr addr, const void *p, int size) const
>>> writeBlob call: this=0x7fffffffc710, addr=0xffff06ac, p=0x7fffffffc75c, size=4
Error in testing breakpoint condition:
No frame is currently executing in block gem5::PortProxy::writeBlob(unsigned long, void const*, int) const.

Breakpoint 1, gem5::PortProxy::writeBlob (this=0x7fffffffc710, addr=4294903472, p=0x7fffffffc75c, size=4) at src/mem/port_proxy.hh:192
192	    writeBlob(Addr addr, const void *p, int size) const
>>> writeBlob call: this=0x7fffffffc710, addr=0xffff06b0, p=0x7fffffffc75c, size=4
Error in testing breakpoint condition:
No frame is currently executing in block gem5::PortProxy::writeBlob(unsigned long, void const*, int) const.

Breakpoint 1, gem5::PortProxy::writeBlob (this=0x7fffffffc710, addr=4294903476, p=0x7fffffffc75c, size=4) at src/mem/port_proxy.hh:192
192	    writeBlob(Addr addr, const void *p, int size) const
>>> writeBlob call: this=0x7fffffffc710, addr=0xffff06b4, p=0x7fffffffc75c, size=4
Error in testing breakpoint condition:
No frame is currently executing in block gem5::PortProxy::writeBlob(unsigned long, void const*, int) const.

Breakpoint 1, gem5::PortProxy::writeBlob (this=0x7fffffffc710, addr=4294903480, p=0x7fffffffc75c, size=4) at src/mem/port_proxy.hh:192
192	    writeBlob(Addr addr, const void *p, int size) const
>>> writeBlob call: this=0x7fffffffc710, addr=0xffff06b8, p=0x7fffffffc75c, size=4
Error in testing breakpoint condition:
No frame is currently executing in block gem5::PortProxy::writeBlob(unsigned long, void const*, int) const.

Breakpoint 1, gem5::PortProxy::writeBlob (this=0x7fffffffc710, addr=4294903484, p=0x7fffffffc75c, size=4) at src/mem/port_proxy.hh:192
192	    writeBlob(Addr addr, const void *p, int size) const
>>> writeBlob call: this=0x7fffffffc710, addr=0xffff06bc, p=0x7fffffffc75c, size=4
Error in testing breakpoint condition:
No frame is currently executing in block gem5::PortProxy::writeBlob(unsigned long, void const*, int) const.

Breakpoint 1, gem5::PortProxy::writeBlob (this=0x7fffffffc710, addr=4294903488, p=0x7fffffffc75c, size=4) at src/mem/port_proxy.hh:192
192	    writeBlob(Addr addr, const void *p, int size) const
>>> writeBlob call: this=0x7fffffffc710, addr=0xffff06c0, p=0x7fffffffc75c, size=4
Error in testing breakpoint condition:
No frame is currently executing in block gem5::PortProxy::writeBlob(unsigned long, void const*, int) const.

Breakpoint 1, gem5::PortProxy::writeBlob (this=0x7fffffffc710, addr=4294903492, p=0x7fffffffc75c, size=4) at src/mem/port_proxy.hh:192
192	    writeBlob(Addr addr, const void *p, int size) const
>>> writeBlob call: this=0x7fffffffc710, addr=0xffff06c4, p=0x7fffffffc75c, size=4
Error in testing breakpoint condition:
No frame is currently executing in block gem5::PortProxy::writeBlob(unsigned long, void const*, int) const.

Breakpoint 1, gem5::PortProxy::writeBlob (this=0x7fffffffc710, addr=4294903496, p=0x7fffffffc75c, size=4) at src/mem/port_proxy.hh:192
192	    writeBlob(Addr addr, const void *p, int size) const
>>> writeBlob call: this=0x7fffffffc710, addr=0xffff06c8, p=0x7fffffffc75c, size=4
Error in testing breakpoint condition:
No frame is currently executing in block gem5::PortProxy::writeBlob(unsigned long, void const*, int) const.

Breakpoint 1, gem5::PortProxy::writeBlob (this=0x7fffffffc710, addr=4294903500, p=0x7fffffffc75c, size=4) at src/mem/port_proxy.hh:192
192	    writeBlob(Addr addr, const void *p, int size) const
>>> writeBlob call: this=0x7fffffffc710, addr=0xffff06cc, p=0x7fffffffc75c, size=4
Error in testing breakpoint condition:
No frame is currently executing in block gem5::PortProxy::writeBlob(unsigned long, void const*, int) const.

Breakpoint 1, gem5::PortProxy::writeBlob (this=0x7fffffffc710, addr=4294903504, p=0x7fffffffc75c, size=4) at src/mem/port_proxy.hh:192
192	    writeBlob(Addr addr, const void *p, int size) const
>>> writeBlob call: this=0x7fffffffc710, addr=0xffff06d0, p=0x7fffffffc75c, size=4
Error in testing breakpoint condition:
No frame is currently executing in block gem5::PortProxy::writeBlob(unsigned long, void const*, int) const.

Breakpoint 1, gem5::PortProxy::writeBlob (this=0x7fffffffc710, addr=4294903508, p=0x7fffffffc75c, size=4) at src/mem/port_proxy.hh:192
192	    writeBlob(Addr addr, const void *p, int size) const
>>> writeBlob call: this=0x7fffffffc710, addr=0xffff06d4, p=0x7fffffffc75c, size=4
Error in testing breakpoint condition:
No frame is currently executing in block gem5::PortProxy::writeBlob(unsigned long, void const*, int) const.

Breakpoint 1, gem5::PortProxy::writeBlob (this=0x7fffffffc710, addr=4294903512, p=0x7fffffffc75c, size=4) at src/mem/port_proxy.hh:192
192	    writeBlob(Addr addr, const void *p, int size) const
>>> writeBlob call: this=0x7fffffffc710, addr=0xffff06d8, p=0x7fffffffc75c, size=4
Error in testing breakpoint condition:
No frame is currently executing in block gem5::PortProxy::writeBlob(unsigned long, void const*, int) const.

Breakpoint 1, gem5::PortProxy::writeBlob (this=0x7fffffffc710, addr=4294903516, p=0x7fffffffc75c, size=4) at src/mem/port_proxy.hh:192
192	    writeBlob(Addr addr, const void *p, int size) const
>>> writeBlob call: this=0x7fffffffc710, addr=0xffff06dc, p=0x7fffffffc75c, size=4
Error in testing breakpoint condition:
No frame is currently executing in block gem5::PortProxy::writeBlob(unsigned long, void const*, int) const.

Breakpoint 1, gem5::PortProxy::writeBlob (this=0x7fffffffc710, addr=4294903520, p=0x7fffffffc75c, size=4) at src/mem/port_proxy.hh:192
192	    writeBlob(Addr addr, const void *p, int size) const
>>> writeBlob call: this=0x7fffffffc710, addr=0xffff06e0, p=0x7fffffffc75c, size=4
Error in testing breakpoint condition:
No frame is currently executing in block gem5::PortProxy::writeBlob(unsigned long, void const*, int) const.

Breakpoint 1, gem5::PortProxy::writeBlob (this=0x7fffffffc710, addr=4294903524, p=0x7fffffffc75c, size=4) at src/mem/port_proxy.hh:192
192	    writeBlob(Addr addr, const void *p, int size) const
>>> writeBlob call: this=0x7fffffffc710, addr=0xffff06e4, p=0x7fffffffc75c, size=4
Error in testing breakpoint condition:
No frame is currently executing in block gem5::PortProxy::writeBlob(unsigned long, void const*, int) const.

Breakpoint 1, gem5::PortProxy::writeBlob (this=0x7fffffffc710, addr=4294903528, p=0x7fffffffc75c, size=4) at src/mem/port_proxy.hh:192
192	    writeBlob(Addr addr, const void *p, int size) const
>>> writeBlob call: this=0x7fffffffc710, addr=0xffff06e8, p=0x7fffffffc75c, size=4
Error in testing breakpoint condition:
No frame is currently executing in block gem5::PortProxy::writeBlob(unsigned long, void const*, int) const.

Breakpoint 1, gem5::PortProxy::writeBlob (this=0x7fffffffc710, addr=4294903532, p=0x7fffffffc75c, size=4) at src/mem/port_proxy.hh:192
192	    writeBlob(Addr addr, const void *p, int size) const
>>> writeBlob call: this=0x7fffffffc710, addr=0xffff06ec, p=0x7fffffffc75c, size=4
Error in testing breakpoint condition:
No frame is currently executing in block gem5::PortProxy::writeBlob(unsigned long, void const*, int) const.

Breakpoint 1, gem5::PortProxy::writeBlob (this=0x7fffffffc710, addr=4294903536, p=0x7fffffffc75c, size=4) at src/mem/port_proxy.hh:192
192	    writeBlob(Addr addr, const void *p, int size) const
>>> writeBlob call: this=0x7fffffffc710, addr=0xffff06f0, p=0x7fffffffc75c, size=4
Error in testing breakpoint condition:
No frame is currently executing in block gem5::PortProxy::writeBlob(unsigned long, void const*, int) const.

Breakpoint 1, gem5::PortProxy::writeBlob (this=0x7fffffffc710, addr=4294903540, p=0x7fffffffc75c, size=4) at src/mem/port_proxy.hh:192
192	    writeBlob(Addr addr, const void *p, int size) const
>>> writeBlob call: this=0x7fffffffc710, addr=0xffff06f4, p=0x7fffffffc75c, size=4
Error in testing breakpoint condition:
No frame is currently executing in block gem5::PortProxy::writeBlob(unsigned long, void const*, int) const.

Breakpoint 1, gem5::PortProxy::writeBlob (this=0x7fffffffc710, addr=4294903544, p=0x7fffffffc75c, size=4) at src/mem/port_proxy.hh:192
192	    writeBlob(Addr addr, const void *p, int size) const
>>> writeBlob call: this=0x7fffffffc710, addr=0xffff06f8, p=0x7fffffffc75c, size=4
Error in testing breakpoint condition:
No frame is currently executing in block gem5::PortProxy::writeBlob(unsigned long, void const*, int) const.

Breakpoint 1, gem5::PortProxy::writeBlob (this=0x7fffffffc710, addr=4294903548, p=0x7fffffffc75c, size=4) at src/mem/port_proxy.hh:192
192	    writeBlob(Addr addr, const void *p, int size) const
>>> writeBlob call: this=0x7fffffffc710, addr=0xffff06fc, p=0x7fffffffc75c, size=4
Error in testing breakpoint condition:
No frame is currently executing in block gem5::PortProxy::writeBlob(unsigned long, void const*, int) const.

Breakpoint 1, gem5::PortProxy::writeBlob (this=0x7fffffffc710, addr=4294903552, p=0x7fffffffc75c, size=4) at src/mem/port_proxy.hh:192
192	    writeBlob(Addr addr, const void *p, int size) const
>>> writeBlob call: this=0x7fffffffc710, addr=0xffff0700, p=0x7fffffffc75c, size=4
Error in testing breakpoint condition:
No frame is currently executing in block gem5::PortProxy::writeBlob(unsigned long, void const*, int) const.

Breakpoint 1, gem5::PortProxy::writeBlob (this=0x7fffffffc710, addr=4294903556, p=0x7fffffffc75c, size=4) at src/mem/port_proxy.hh:192
192	    writeBlob(Addr addr, const void *p, int size) const
>>> writeBlob call: this=0x7fffffffc710, addr=0xffff0704, p=0x7fffffffc75c, size=4
Error in testing breakpoint condition:
No frame is currently executing in block gem5::PortProxy::writeBlob(unsigned long, void const*, int) const.

Breakpoint 1, gem5::PortProxy::writeBlob (this=0x7fffffffc710, addr=4294903560, p=0x7fffffffc75c, size=4) at src/mem/port_proxy.hh:192
192	    writeBlob(Addr addr, const void *p, int size) const
>>> writeBlob call: this=0x7fffffffc710, addr=0xffff0708, p=0x7fffffffc75c, size=4
Error in testing breakpoint condition:
No frame is currently executing in block gem5::PortProxy::writeBlob(unsigned long, void const*, int) const.

Breakpoint 1, gem5::PortProxy::writeBlob (this=0x7fffffffc710, addr=4294903564, p=0x7fffffffc75c, size=4) at src/mem/port_proxy.hh:192
192	    writeBlob(Addr addr, const void *p, int size) const
>>> writeBlob call: this=0x7fffffffc710, addr=0xffff070c, p=0x7fffffffc75c, size=4
Error in testing breakpoint condition:
No frame is currently executing in block gem5::PortProxy::writeBlob(unsigned long, void const*, int) const.

Breakpoint 1, gem5::PortProxy::writeBlob (this=0x7fffffffc710, addr=4294903568, p=0x7fffffffc75c, size=4) at src/mem/port_proxy.hh:192
192	    writeBlob(Addr addr, const void *p, int size) const
>>> writeBlob call: this=0x7fffffffc710, addr=0xffff0710, p=0x7fffffffc75c, size=4
Error in testing breakpoint condition:
No frame is currently executing in block gem5::PortProxy::writeBlob(unsigned long, void const*, int) const.

Breakpoint 1, gem5::PortProxy::writeBlob (this=0x7fffffffc710, addr=4294903572, p=0x7fffffffc75c, size=4) at src/mem/port_proxy.hh:192
192	    writeBlob(Addr addr, const void *p, int size) const
>>> writeBlob call: this=0x7fffffffc710, addr=0xffff0714, p=0x7fffffffc75c, size=4
Error in testing breakpoint condition:
No frame is currently executing in block gem5::PortProxy::writeBlob(unsigned long, void const*, int) const.

Breakpoint 1, gem5::PortProxy::writeBlob (this=0x7fffffffc710, addr=4294903576, p=0x7fffffffc75c, size=4) at src/mem/port_proxy.hh:192
192	    writeBlob(Addr addr, const void *p, int size) const
>>> writeBlob call: this=0x7fffffffc710, addr=0xffff0718, p=0x7fffffffc75c, size=4
Error in testing breakpoint condition:
No frame is currently executing in block gem5::PortProxy::writeBlob(unsigned long, void const*, int) const.

Breakpoint 1, gem5::PortProxy::writeBlob (this=0x7fffffffc710, addr=4294903580, p=0x7fffffffc75c, size=4) at src/mem/port_proxy.hh:192
192	    writeBlob(Addr addr, const void *p, int size) const
>>> writeBlob call: this=0x7fffffffc710, addr=0xffff071c, p=0x7fffffffc75c, size=4
Error in testing breakpoint condition:
No frame is currently executing in block gem5::PortProxy::writeBlob(unsigned long, void const*, int) const.

Breakpoint 1, gem5::PortProxy::writeBlob (this=0x7fffffffc710, addr=4294903584, p=0x7fffffffc75c, size=4) at src/mem/port_proxy.hh:192
192	    writeBlob(Addr addr, const void *p, int size) const
>>> writeBlob call: this=0x7fffffffc710, addr=0xffff0720, p=0x7fffffffc75c, size=4
Error in testing breakpoint condition:
No frame is currently executing in block gem5::PortProxy::writeBlob(unsigned long, void const*, int) const.

Breakpoint 1, gem5::PortProxy::writeBlob (this=0x7fffffffc710, addr=4294903588, p=0x7fffffffc75c, size=4) at src/mem/port_proxy.hh:192
192	    writeBlob(Addr addr, const void *p, int size) const
>>> writeBlob call: this=0x7fffffffc710, addr=0xffff0724, p=0x7fffffffc75c, size=4
Error in testing breakpoint condition:
No frame is currently executing in block gem5::PortProxy::writeBlob(unsigned long, void const*, int) const.

Breakpoint 1, gem5::PortProxy::writeBlob (this=0x7fffffffc710, addr=4294903592, p=0x7fffffffc75c, size=4) at src/mem/port_proxy.hh:192
192	    writeBlob(Addr addr, const void *p, int size) const
>>> writeBlob call: this=0x7fffffffc710, addr=0xffff0728, p=0x7fffffffc75c, size=4
Error in testing breakpoint condition:
No frame is currently executing in block gem5::PortProxy::writeBlob(unsigned long, void const*, int) const.

Breakpoint 1, gem5::PortProxy::writeBlob (this=0x7fffffffc710, addr=4294903596, p=0x7fffffffc75c, size=4) at src/mem/port_proxy.hh:192
192	    writeBlob(Addr addr, const void *p, int size) const
>>> writeBlob call: this=0x7fffffffc710, addr=0xffff072c, p=0x7fffffffc75c, size=4
Error in testing breakpoint condition:
No frame is currently executing in block gem5::PortProxy::writeBlob(unsigned long, void const*, int) const.

Breakpoint 1, gem5::PortProxy::writeBlob (this=0x7fffffffc710, addr=4294903600, p=0x7fffffffc75c, size=4) at src/mem/port_proxy.hh:192
192	    writeBlob(Addr addr, const void *p, int size) const
>>> writeBlob call: this=0x7fffffffc710, addr=0xffff0730, p=0x7fffffffc75c, size=4
Error in testing breakpoint condition:
No frame is currently executing in block gem5::PortProxy::writeBlob(unsigned long, void const*, int) const.

Breakpoint 1, gem5::PortProxy::writeBlob (this=0x7fffffffc710, addr=4294903604, p=0x7fffffffc75c, size=4) at src/mem/port_proxy.hh:192
192	    writeBlob(Addr addr, const void *p, int size) const
>>> writeBlob call: this=0x7fffffffc710, addr=0xffff0734, p=0x7fffffffc75c, size=4
Error in testing breakpoint condition:
No frame is currently executing in block gem5::PortProxy::writeBlob(unsigned long, void const*, int) const.

Breakpoint 1, gem5::PortProxy::writeBlob (this=0x7fffffffc710, addr=4294903608, p=0x7fffffffc75c, size=4) at src/mem/port_proxy.hh:192
192	    writeBlob(Addr addr, const void *p, int size) const
>>> writeBlob call: this=0x7fffffffc710, addr=0xffff0738, p=0x7fffffffc75c, size=4
Error in testing breakpoint condition:
No frame is currently executing in block gem5::PortProxy::writeBlob(unsigned long, void const*, int) const.

Breakpoint 1, gem5::PortProxy::writeBlob (this=0x7fffffffc710, addr=4294903612, p=0x7fffffffc75c, size=4) at src/mem/port_proxy.hh:192
192	    writeBlob(Addr addr, const void *p, int size) const
>>> writeBlob call: this=0x7fffffffc710, addr=0xffff073c, p=0x7fffffffc75c, size=4
Error in testing breakpoint condition:
No frame is currently executing in block gem5::PortProxy::writeBlob(unsigned long, void const*, int) const.

Breakpoint 1, gem5::PortProxy::writeBlob (this=0x7fffffffc710, addr=4294903616, p=0x7fffffffc75c, size=4) at src/mem/port_proxy.hh:192
192	    writeBlob(Addr addr, const void *p, int size) const
>>> writeBlob call: this=0x7fffffffc710, addr=0xffff0740, p=0x7fffffffc75c, size=4
Error in testing breakpoint condition:
No frame is currently executing in block gem5::PortProxy::writeBlob(unsigned long, void const*, int) const.

Breakpoint 1, gem5::PortProxy::writeBlob (this=0x7fffffffc710, addr=4294903620, p=0x7fffffffc75c, size=4) at src/mem/port_proxy.hh:192
192	    writeBlob(Addr addr, const void *p, int size) const
>>> writeBlob call: this=0x7fffffffc710, addr=0xffff0744, p=0x7fffffffc75c, size=4
Error in testing breakpoint condition:
No frame is currently executing in block gem5::PortProxy::writeBlob(unsigned long, void const*, int) const.

Breakpoint 1, gem5::PortProxy::writeBlob (this=0x7fffffffc710, addr=4294903624, p=0x7fffffffc75c, size=4) at src/mem/port_proxy.hh:192
192	    writeBlob(Addr addr, const void *p, int size) const
>>> writeBlob call: this=0x7fffffffc710, addr=0xffff0748, p=0x7fffffffc75c, size=4
Error in testing breakpoint condition:
No frame is currently executing in block gem5::PortProxy::writeBlob(unsigned long, void const*, int) const.

Breakpoint 1, gem5::PortProxy::writeBlob (this=0x7fffffffc710, addr=4294903628, p=0x7fffffffc75c, size=4) at src/mem/port_proxy.hh:192
192	    writeBlob(Addr addr, const void *p, int size) const
>>> writeBlob call: this=0x7fffffffc710, addr=0xffff074c, p=0x7fffffffc75c, size=4
Error in testing breakpoint condition:
No frame is currently executing in block gem5::PortProxy::writeBlob(unsigned long, void const*, int) const.

Breakpoint 1, gem5::PortProxy::writeBlob (this=0x7fffffffc710, addr=4294903632, p=0x7fffffffc75c, size=4) at src/mem/port_proxy.hh:192
192	    writeBlob(Addr addr, const void *p, int size) const
>>> writeBlob call: this=0x7fffffffc710, addr=0xffff0750, p=0x7fffffffc75c, size=4
Error in testing breakpoint condition:
No frame is currently executing in block gem5::PortProxy::writeBlob(unsigned long, void const*, int) const.

Breakpoint 1, gem5::PortProxy::writeBlob (this=0x7fffffffc710, addr=4294903636, p=0x7fffffffc75c, size=4) at src/mem/port_proxy.hh:192
192	    writeBlob(Addr addr, const void *p, int size) const
>>> writeBlob call: this=0x7fffffffc710, addr=0xffff0754, p=0x7fffffffc75c, size=4
Error in testing breakpoint condition:
No frame is currently executing in block gem5::PortProxy::writeBlob(unsigned long, void const*, int) const.

Breakpoint 1, gem5::PortProxy::writeBlob (this=0x7fffffffc710, addr=4294903640, p=0x7fffffffc75c, size=4) at src/mem/port_proxy.hh:192
192	    writeBlob(Addr addr, const void *p, int size) const
>>> writeBlob call: this=0x7fffffffc710, addr=0xffff0758, p=0x7fffffffc75c, size=4
Error in testing breakpoint condition:
No frame is currently executing in block gem5::PortProxy::writeBlob(unsigned long, void const*, int) const.

Breakpoint 1, gem5::PortProxy::writeBlob (this=0x7fffffffc710, addr=4294903644, p=0x7fffffffc75c, size=4) at src/mem/port_proxy.hh:192
192	    writeBlob(Addr addr, const void *p, int size) const
>>> writeBlob call: this=0x7fffffffc710, addr=0xffff075c, p=0x7fffffffc75c, size=4
Error in testing breakpoint condition:
No frame is currently executing in block gem5::PortProxy::writeBlob(unsigned long, void const*, int) const.

Breakpoint 1, gem5::PortProxy::writeBlob (this=0x7fffffffc710, addr=4294903648, p=0x7fffffffc75c, size=4) at src/mem/port_proxy.hh:192
192	    writeBlob(Addr addr, const void *p, int size) const
>>> writeBlob call: this=0x7fffffffc710, addr=0xffff0760, p=0x7fffffffc75c, size=4
Error in testing breakpoint condition:
No frame is currently executing in block gem5::PortProxy::writeBlob(unsigned long, void const*, int) const.

Breakpoint 1, gem5::PortProxy::writeBlob (this=0x7fffffffc710, addr=4294903652, p=0x7fffffffc75c, size=4) at src/mem/port_proxy.hh:192
192	    writeBlob(Addr addr, const void *p, int size) const
>>> writeBlob call: this=0x7fffffffc710, addr=0xffff0764, p=0x7fffffffc75c, size=4
Error in testing breakpoint condition:
No frame is currently executing in block gem5::PortProxy::writeBlob(unsigned long, void const*, int) const.

Breakpoint 1, gem5::PortProxy::writeBlob (this=0x7fffffffc710, addr=4294903656, p=0x7fffffffc75c, size=4) at src/mem/port_proxy.hh:192
192	    writeBlob(Addr addr, const void *p, int size) const
>>> writeBlob call: this=0x7fffffffc710, addr=0xffff0768, p=0x7fffffffc75c, size=4
Error in testing breakpoint condition:
No frame is currently executing in block gem5::PortProxy::writeBlob(unsigned long, void const*, int) const.

Breakpoint 1, gem5::PortProxy::writeBlob (this=0x7fffffffc710, addr=4294903660, p=0x7fffffffc75c, size=4) at src/mem/port_proxy.hh:192
192	    writeBlob(Addr addr, const void *p, int size) const
>>> writeBlob call: this=0x7fffffffc710, addr=0xffff076c, p=0x7fffffffc75c, size=4
Error in testing breakpoint condition:
No frame is currently executing in block gem5::PortProxy::writeBlob(unsigned long, void const*, int) const.

Breakpoint 1, gem5::PortProxy::writeBlob (this=0x7fffffffc710, addr=4294903664, p=0x7fffffffc75c, size=4) at src/mem/port_proxy.hh:192
192	    writeBlob(Addr addr, const void *p, int size) const
>>> writeBlob call: this=0x7fffffffc710, addr=0xffff0770, p=0x7fffffffc75c, size=4
Error in testing breakpoint condition:
No frame is currently executing in block gem5::PortProxy::writeBlob(unsigned long, void const*, int) const.

Breakpoint 1, gem5::PortProxy::writeBlob (this=0x7fffffffc710, addr=4294903668, p=0x7fffffffc75c, size=4) at src/mem/port_proxy.hh:192
192	    writeBlob(Addr addr, const void *p, int size) const
>>> writeBlob call: this=0x7fffffffc710, addr=0xffff0774, p=0x7fffffffc75c, size=4
Error in testing breakpoint condition:
No frame is currently executing in block gem5::PortProxy::writeBlob(unsigned long, void const*, int) const.

Breakpoint 1, gem5::PortProxy::writeBlob (this=0x7fffffffc710, addr=4294903672, p=0x7fffffffc75c, size=4) at src/mem/port_proxy.hh:192
192	    writeBlob(Addr addr, const void *p, int size) const
>>> writeBlob call: this=0x7fffffffc710, addr=0xffff0778, p=0x7fffffffc75c, size=4
Error in testing breakpoint condition:
No frame is currently executing in block gem5::PortProxy::writeBlob(unsigned long, void const*, int) const.

Breakpoint 1, gem5::PortProxy::writeBlob (this=0x7fffffffc710, addr=4294903676, p=0x7fffffffc75c, size=4) at src/mem/port_proxy.hh:192
192	    writeBlob(Addr addr, const void *p, int size) const
>>> writeBlob call: this=0x7fffffffc710, addr=0xffff077c, p=0x7fffffffc75c, size=4
Error in testing breakpoint condition:
No frame is currently executing in block gem5::PortProxy::writeBlob(unsigned long, void const*, int) const.

Breakpoint 1, gem5::PortProxy::writeBlob (this=0x7fffffffc710, addr=4294903680, p=0x7fffffffc75c, size=4) at src/mem/port_proxy.hh:192
192	    writeBlob(Addr addr, const void *p, int size) const
>>> writeBlob call: this=0x7fffffffc710, addr=0xffff0780, p=0x7fffffffc75c, size=4
Error in testing breakpoint condition:
No frame is currently executing in block gem5::PortProxy::writeBlob(unsigned long, void const*, int) const.

Breakpoint 1, gem5::PortProxy::writeBlob (this=0x7fffffffc710, addr=4294903684, p=0x7fffffffc75c, size=4) at src/mem/port_proxy.hh:192
192	    writeBlob(Addr addr, const void *p, int size) const
>>> writeBlob call: this=0x7fffffffc710, addr=0xffff0784, p=0x7fffffffc75c, size=4
Error in testing breakpoint condition:
No frame is currently executing in block gem5::PortProxy::writeBlob(unsigned long, void const*, int) const.

Breakpoint 1, gem5::PortProxy::writeBlob (this=0x7fffffffc710, addr=4294903688, p=0x7fffffffc75c, size=4) at src/mem/port_proxy.hh:192
192	    writeBlob(Addr addr, const void *p, int size) const
>>> writeBlob call: this=0x7fffffffc710, addr=0xffff0788, p=0x7fffffffc75c, size=4
Error in testing breakpoint condition:
No frame is currently executing in block gem5::PortProxy::writeBlob(unsigned long, void const*, int) const.

Breakpoint 1, gem5::PortProxy::writeBlob (this=0x7fffffffc710, addr=4294903692, p=0x7fffffffc75c, size=4) at src/mem/port_proxy.hh:192
192	    writeBlob(Addr addr, const void *p, int size) const
>>> writeBlob call: this=0x7fffffffc710, addr=0xffff078c, p=0x7fffffffc75c, size=4
Error in testing breakpoint condition:
No frame is currently executing in block gem5::PortProxy::writeBlob(unsigned long, void const*, int) const.

Breakpoint 1, gem5::PortProxy::writeBlob (this=0x7fffffffc710, addr=4294903696, p=0x7fffffffc75c, size=4) at src/mem/port_proxy.hh:192
192	    writeBlob(Addr addr, const void *p, int size) const
>>> writeBlob call: this=0x7fffffffc710, addr=0xffff0790, p=0x7fffffffc75c, size=4
Error in testing breakpoint condition:
No frame is currently executing in block gem5::PortProxy::writeBlob(unsigned long, void const*, int) const.

Breakpoint 1, gem5::PortProxy::writeBlob (this=0x7fffffffc710, addr=4294903700, p=0x7fffffffc75c, size=4) at src/mem/port_proxy.hh:192
192	    writeBlob(Addr addr, const void *p, int size) const
>>> writeBlob call: this=0x7fffffffc710, addr=0xffff0794, p=0x7fffffffc75c, size=4
Error in testing breakpoint condition:
No frame is currently executing in block gem5::PortProxy::writeBlob(unsigned long, void const*, int) const.

Breakpoint 1, gem5::PortProxy::writeBlob (this=0x7fffffffc710, addr=4294903704, p=0x7fffffffc75c, size=4) at src/mem/port_proxy.hh:192
192	    writeBlob(Addr addr, const void *p, int size) const
>>> writeBlob call: this=0x7fffffffc710, addr=0xffff0798, p=0x7fffffffc75c, size=4
Error in testing breakpoint condition:
No frame is currently executing in block gem5::PortProxy::writeBlob(unsigned long, void const*, int) const.

Breakpoint 1, gem5::PortProxy::writeBlob (this=0x7fffffffc710, addr=4294903708, p=0x7fffffffc75c, size=4) at src/mem/port_proxy.hh:192
192	    writeBlob(Addr addr, const void *p, int size) const
>>> writeBlob call: this=0x7fffffffc710, addr=0xffff079c, p=0x7fffffffc75c, size=4
Error in testing breakpoint condition:
No frame is currently executing in block gem5::PortProxy::writeBlob(unsigned long, void const*, int) const.

Breakpoint 1, gem5::PortProxy::writeBlob (this=0x7fffffffc710, addr=4294903712, p=0x7fffffffc75c, size=4) at src/mem/port_proxy.hh:192
192	    writeBlob(Addr addr, const void *p, int size) const
>>> writeBlob call: this=0x7fffffffc710, addr=0xffff07a0, p=0x7fffffffc75c, size=4
Error in testing breakpoint condition:
No frame is currently executing in block gem5::PortProxy::writeBlob(unsigned long, void const*, int) const.

Breakpoint 1, gem5::PortProxy::writeBlob (this=0x7fffffffc710, addr=4294903716, p=0x7fffffffc75c, size=4) at src/mem/port_proxy.hh:192
192	    writeBlob(Addr addr, const void *p, int size) const
>>> writeBlob call: this=0x7fffffffc710, addr=0xffff07a4, p=0x7fffffffc75c, size=4
Error in testing breakpoint condition:
No frame is currently executing in block gem5::PortProxy::writeBlob(unsigned long, void const*, int) const.

Breakpoint 1, gem5::PortProxy::writeBlob (this=0x7fffffffc710, addr=4294903720, p=0x7fffffffc75c, size=4) at src/mem/port_proxy.hh:192
192	    writeBlob(Addr addr, const void *p, int size) const
>>> writeBlob call: this=0x7fffffffc710, addr=0xffff07a8, p=0x7fffffffc75c, size=4
Error in testing breakpoint condition:
No frame is currently executing in block gem5::PortProxy::writeBlob(unsigned long, void const*, int) const.

Breakpoint 1, gem5::PortProxy::writeBlob (this=0x7fffffffc710, addr=4294903724, p=0x7fffffffc75c, size=4) at src/mem/port_proxy.hh:192
192	    writeBlob(Addr addr, const void *p, int size) const
>>> writeBlob call: this=0x7fffffffc710, addr=0xffff07ac, p=0x7fffffffc75c, size=4
Error in testing breakpoint condition:
No frame is currently executing in block gem5::PortProxy::writeBlob(unsigned long, void const*, int) const.

Breakpoint 1, gem5::PortProxy::writeBlob (this=0x7fffffffc710, addr=4294903728, p=0x7fffffffc75c, size=4) at src/mem/port_proxy.hh:192
192	    writeBlob(Addr addr, const void *p, int size) const
>>> writeBlob call: this=0x7fffffffc710, addr=0xffff07b0, p=0x7fffffffc75c, size=4
Error in testing breakpoint condition:
No frame is currently executing in block gem5::PortProxy::writeBlob(unsigned long, void const*, int) const.

Breakpoint 1, gem5::PortProxy::writeBlob (this=0x7fffffffc710, addr=4294903732, p=0x7fffffffc75c, size=4) at src/mem/port_proxy.hh:192
192	    writeBlob(Addr addr, const void *p, int size) const
>>> writeBlob call: this=0x7fffffffc710, addr=0xffff07b4, p=0x7fffffffc75c, size=4
Error in testing breakpoint condition:
No frame is currently executing in block gem5::PortProxy::writeBlob(unsigned long, void const*, int) const.

Breakpoint 1, gem5::PortProxy::writeBlob (this=0x7fffffffc710, addr=4294903736, p=0x7fffffffc75c, size=4) at src/mem/port_proxy.hh:192
192	    writeBlob(Addr addr, const void *p, int size) const
>>> writeBlob call: this=0x7fffffffc710, addr=0xffff07b8, p=0x7fffffffc75c, size=4
Error in testing breakpoint condition:
No frame is currently executing in block gem5::PortProxy::writeBlob(unsigned long, void const*, int) const.

Breakpoint 1, gem5::PortProxy::writeBlob (this=0x7fffffffc710, addr=4294903740, p=0x7fffffffc75c, size=4) at src/mem/port_proxy.hh:192
192	    writeBlob(Addr addr, const void *p, int size) const
>>> writeBlob call: this=0x7fffffffc710, addr=0xffff07bc, p=0x7fffffffc75c, size=4
Error in testing breakpoint condition:
No frame is currently executing in block gem5::PortProxy::writeBlob(unsigned long, void const*, int) const.

Breakpoint 1, gem5::PortProxy::writeBlob (this=0x7fffffffc710, addr=4294903744, p=0x7fffffffc75c, size=4) at src/mem/port_proxy.hh:192
192	    writeBlob(Addr addr, const void *p, int size) const
>>> writeBlob call: this=0x7fffffffc710, addr=0xffff07c0, p=0x7fffffffc75c, size=4
Error in testing breakpoint condition:
No frame is currently executing in block gem5::PortProxy::writeBlob(unsigned long, void const*, int) const.

Breakpoint 1, gem5::PortProxy::writeBlob (this=0x7fffffffc710, addr=4294903748, p=0x7fffffffc75c, size=4) at src/mem/port_proxy.hh:192
192	    writeBlob(Addr addr, const void *p, int size) const
>>> writeBlob call: this=0x7fffffffc710, addr=0xffff07c4, p=0x7fffffffc75c, size=4
Error in testing breakpoint condition:
No frame is currently executing in block gem5::PortProxy::writeBlob(unsigned long, void const*, int) const.

Breakpoint 1, gem5::PortProxy::writeBlob (this=0x7fffffffc710, addr=4294903752, p=0x7fffffffc75c, size=4) at src/mem/port_proxy.hh:192
192	    writeBlob(Addr addr, const void *p, int size) const
>>> writeBlob call: this=0x7fffffffc710, addr=0xffff07c8, p=0x7fffffffc75c, size=4
Error in testing breakpoint condition:
No frame is currently executing in block gem5::PortProxy::writeBlob(unsigned long, void const*, int) const.

Breakpoint 1, gem5::PortProxy::writeBlob (this=0x7fffffffc710, addr=4294903756, p=0x7fffffffc75c, size=4) at src/mem/port_proxy.hh:192
192	    writeBlob(Addr addr, const void *p, int size) const
>>> writeBlob call: this=0x7fffffffc710, addr=0xffff07cc, p=0x7fffffffc75c, size=4
Error in testing breakpoint condition:
No frame is currently executing in block gem5::PortProxy::writeBlob(unsigned long, void const*, int) const.

Breakpoint 1, gem5::PortProxy::writeBlob (this=0x7fffffffc710, addr=4294903760, p=0x7fffffffc75c, size=4) at src/mem/port_proxy.hh:192
192	    writeBlob(Addr addr, const void *p, int size) const
>>> writeBlob call: this=0x7fffffffc710, addr=0xffff07d0, p=0x7fffffffc75c, size=4
Error in testing breakpoint condition:
No frame is currently executing in block gem5::PortProxy::writeBlob(unsigned long, void const*, int) const.

Breakpoint 1, gem5::PortProxy::writeBlob (this=0x7fffffffc710, addr=4294903764, p=0x7fffffffc75c, size=4) at src/mem/port_proxy.hh:192
192	    writeBlob(Addr addr, const void *p, int size) const
>>> writeBlob call: this=0x7fffffffc710, addr=0xffff07d4, p=0x7fffffffc75c, size=4
Error in testing breakpoint condition:
No frame is currently executing in block gem5::PortProxy::writeBlob(unsigned long, void const*, int) const.

Breakpoint 1, gem5::PortProxy::writeBlob (this=0x7fffffffc710, addr=4294903768, p=0x7fffffffc75c, size=4) at src/mem/port_proxy.hh:192
192	    writeBlob(Addr addr, const void *p, int size) const
>>> writeBlob call: this=0x7fffffffc710, addr=0xffff07d8, p=0x7fffffffc75c, size=4
Error in testing breakpoint condition:
No frame is currently executing in block gem5::PortProxy::writeBlob(unsigned long, void const*, int) const.

Breakpoint 1, gem5::PortProxy::writeBlob (this=0x7fffffffc710, addr=4294903772, p=0x7fffffffc75c, size=4) at src/mem/port_proxy.hh:192
192	    writeBlob(Addr addr, const void *p, int size) const
>>> writeBlob call: this=0x7fffffffc710, addr=0xffff07dc, p=0x7fffffffc75c, size=4
Error in testing breakpoint condition:
No frame is currently executing in block gem5::PortProxy::writeBlob(unsigned long, void const*, int) const.

Breakpoint 1, gem5::PortProxy::writeBlob (this=0x7fffffffc710, addr=4294903776, p=0x7fffffffc75c, size=4) at src/mem/port_proxy.hh:192
192	    writeBlob(Addr addr, const void *p, int size) const
>>> writeBlob call: this=0x7fffffffc710, addr=0xffff07e0, p=0x7fffffffc75c, size=4
Error in testing breakpoint condition:
No frame is currently executing in block gem5::PortProxy::writeBlob(unsigned long, void const*, int) const.

Breakpoint 1, gem5::PortProxy::writeBlob (this=0x7fffffffc710, addr=4294903780, p=0x7fffffffc75c, size=4) at src/mem/port_proxy.hh:192
192	    writeBlob(Addr addr, const void *p, int size) const
>>> writeBlob call: this=0x7fffffffc710, addr=0xffff07e4, p=0x7fffffffc75c, size=4
Error in testing breakpoint condition:
No frame is currently executing in block gem5::PortProxy::writeBlob(unsigned long, void const*, int) const.

Breakpoint 1, gem5::PortProxy::writeBlob (this=0x7fffffffc710, addr=4294903784, p=0x7fffffffc75c, size=4) at src/mem/port_proxy.hh:192
192	    writeBlob(Addr addr, const void *p, int size) const
>>> writeBlob call: this=0x7fffffffc710, addr=0xffff07e8, p=0x7fffffffc75c, size=4
Error in testing breakpoint condition:
No frame is currently executing in block gem5::PortProxy::writeBlob(unsigned long, void const*, int) const.

Breakpoint 1, gem5::PortProxy::writeBlob (this=0x7fffffffc710, addr=4294903788, p=0x7fffffffc75c, size=4) at src/mem/port_proxy.hh:192
192	    writeBlob(Addr addr, const void *p, int size) const
>>> writeBlob call: this=0x7fffffffc710, addr=0xffff07ec, p=0x7fffffffc75c, size=4
Error in testing breakpoint condition:
No frame is currently executing in block gem5::PortProxy::writeBlob(unsigned long, void const*, int) const.

Breakpoint 1, gem5::PortProxy::writeBlob (this=0x7fffffffc710, addr=4294903792, p=0x7fffffffc75c, size=4) at src/mem/port_proxy.hh:192
192	    writeBlob(Addr addr, const void *p, int size) const
>>> writeBlob call: this=0x7fffffffc710, addr=0xffff07f0, p=0x7fffffffc75c, size=4
Error in testing breakpoint condition:
No frame is currently executing in block gem5::PortProxy::writeBlob(unsigned long, void const*, int) const.

Breakpoint 1, gem5::PortProxy::writeBlob (this=0x7fffffffc710, addr=4294903796, p=0x7fffffffc75c, size=4) at src/mem/port_proxy.hh:192
192	    writeBlob(Addr addr, const void *p, int size) const
>>> writeBlob call: this=0x7fffffffc710, addr=0xffff07f4, p=0x7fffffffc75c, size=4
Error in testing breakpoint condition:
No frame is currently executing in block gem5::PortProxy::writeBlob(unsigned long, void const*, int) const.

Breakpoint 1, gem5::PortProxy::writeBlob (this=0x7fffffffc710, addr=4294903800, p=0x7fffffffc75c, size=4) at src/mem/port_proxy.hh:192
192	    writeBlob(Addr addr, const void *p, int size) const
>>> writeBlob call: this=0x7fffffffc710, addr=0xffff07f8, p=0x7fffffffc75c, size=4
Error in testing breakpoint condition:
No frame is currently executing in block gem5::PortProxy::writeBlob(unsigned long, void const*, int) const.

Breakpoint 1, gem5::PortProxy::writeBlob (this=0x7fffffffc710, addr=4294903804, p=0x7fffffffc75c, size=4) at src/mem/port_proxy.hh:192
192	    writeBlob(Addr addr, const void *p, int size) const
>>> writeBlob call: this=0x7fffffffc710, addr=0xffff07fc, p=0x7fffffffc75c, size=4
Error in testing breakpoint condition:
No frame is currently executing in block gem5::PortProxy::writeBlob(unsigned long, void const*, int) const.

Breakpoint 1, gem5::PortProxy::writeBlob (this=0x7fffffffc710, addr=4294903808, p=0x7fffffffc75c, size=4) at src/mem/port_proxy.hh:192
192	    writeBlob(Addr addr, const void *p, int size) const
>>> writeBlob call: this=0x7fffffffc710, addr=0xffff0800, p=0x7fffffffc75c, size=4
Error in testing breakpoint condition:
No frame is currently executing in block gem5::PortProxy::writeBlob(unsigned long, void const*, int) const.

Breakpoint 1, gem5::PortProxy::writeBlob (this=0x7fffffffc710, addr=4294903812, p=0x7fffffffc75c, size=4) at src/mem/port_proxy.hh:192
192	    writeBlob(Addr addr, const void *p, int size) const
>>> writeBlob call: this=0x7fffffffc710, addr=0xffff0804, p=0x7fffffffc75c, size=4
Error in testing breakpoint condition:
No frame is currently executing in block gem5::PortProxy::writeBlob(unsigned long, void const*, int) const.

Breakpoint 1, gem5::PortProxy::writeBlob (this=0x7fffffffc710, addr=4294903816, p=0x7fffffffc75c, size=4) at src/mem/port_proxy.hh:192
192	    writeBlob(Addr addr, const void *p, int size) const
>>> writeBlob call: this=0x7fffffffc710, addr=0xffff0808, p=0x7fffffffc75c, size=4
Error in testing breakpoint condition:
No frame is currently executing in block gem5::PortProxy::writeBlob(unsigned long, void const*, int) const.

Breakpoint 1, gem5::PortProxy::writeBlob (this=0x7fffffffc710, addr=4294903820, p=0x7fffffffc75c, size=4) at src/mem/port_proxy.hh:192
192	    writeBlob(Addr addr, const void *p, int size) const
>>> writeBlob call: this=0x7fffffffc710, addr=0xffff080c, p=0x7fffffffc75c, size=4
Error in testing breakpoint condition:
No frame is currently executing in block gem5::PortProxy::writeBlob(unsigned long, void const*, int) const.

Breakpoint 1, gem5::PortProxy::writeBlob (this=0x7fffffffc710, addr=4294903824, p=0x7fffffffc75c, size=4) at src/mem/port_proxy.hh:192
192	    writeBlob(Addr addr, const void *p, int size) const
>>> writeBlob call: this=0x7fffffffc710, addr=0xffff0810, p=0x7fffffffc75c, size=4
Error in testing breakpoint condition:
No frame is currently executing in block gem5::PortProxy::writeBlob(unsigned long, void const*, int) const.

Breakpoint 1, gem5::PortProxy::writeBlob (this=0x7fffffffc710, addr=4294903828, p=0x7fffffffc75c, size=4) at src/mem/port_proxy.hh:192
192	    writeBlob(Addr addr, const void *p, int size) const
>>> writeBlob call: this=0x7fffffffc710, addr=0xffff0814, p=0x7fffffffc75c, size=4
Error in testing breakpoint condition:
No frame is currently executing in block gem5::PortProxy::writeBlob(unsigned long, void const*, int) const.

Breakpoint 1, gem5::PortProxy::writeBlob (this=0x7fffffffc710, addr=4294903832, p=0x7fffffffc75c, size=4) at src/mem/port_proxy.hh:192
192	    writeBlob(Addr addr, const void *p, int size) const
>>> writeBlob call: this=0x7fffffffc710, addr=0xffff0818, p=0x7fffffffc75c, size=4
Error in testing breakpoint condition:
No frame is currently executing in block gem5::PortProxy::writeBlob(unsigned long, void const*, int) const.

Breakpoint 1, gem5::PortProxy::writeBlob (this=0x7fffffffc710, addr=4294903836, p=0x7fffffffc75c, size=4) at src/mem/port_proxy.hh:192
192	    writeBlob(Addr addr, const void *p, int size) const
>>> writeBlob call: this=0x7fffffffc710, addr=0xffff081c, p=0x7fffffffc75c, size=4
Error in testing breakpoint condition:
No frame is currently executing in block gem5::PortProxy::writeBlob(unsigned long, void const*, int) const.

Breakpoint 1, gem5::PortProxy::writeBlob (this=0x7fffffffc710, addr=4294903840, p=0x7fffffffc75c, size=4) at src/mem/port_proxy.hh:192
192	    writeBlob(Addr addr, const void *p, int size) const
>>> writeBlob call: this=0x7fffffffc710, addr=0xffff0820, p=0x7fffffffc75c, size=4
Error in testing breakpoint condition:
No frame is currently executing in block gem5::PortProxy::writeBlob(unsigned long, void const*, int) const.

Breakpoint 1, gem5::PortProxy::writeBlob (this=0x7fffffffc710, addr=4294903844, p=0x7fffffffc75c, size=4) at src/mem/port_proxy.hh:192
192	    writeBlob(Addr addr, const void *p, int size) const
>>> writeBlob call: this=0x7fffffffc710, addr=0xffff0824, p=0x7fffffffc75c, size=4
Error in testing breakpoint condition:
No frame is currently executing in block gem5::PortProxy::writeBlob(unsigned long, void const*, int) const.

Breakpoint 1, gem5::PortProxy::writeBlob (this=0x7fffffffc710, addr=4294903848, p=0x7fffffffc75c, size=4) at src/mem/port_proxy.hh:192
192	    writeBlob(Addr addr, const void *p, int size) const
>>> writeBlob call: this=0x7fffffffc710, addr=0xffff0828, p=0x7fffffffc75c, size=4
Error in testing breakpoint condition:
No frame is currently executing in block gem5::PortProxy::writeBlob(unsigned long, void const*, int) const.

Breakpoint 1, gem5::PortProxy::writeBlob (this=0x7fffffffc710, addr=4294903852, p=0x7fffffffc75c, size=4) at src/mem/port_proxy.hh:192
192	    writeBlob(Addr addr, const void *p, int size) const
>>> writeBlob call: this=0x7fffffffc710, addr=0xffff082c, p=0x7fffffffc75c, size=4
Error in testing breakpoint condition:
No frame is currently executing in block gem5::PortProxy::writeBlob(unsigned long, void const*, int) const.

Breakpoint 1, gem5::PortProxy::writeBlob (this=0x7fffffffc710, addr=4294903856, p=0x7fffffffc75c, size=4) at src/mem/port_proxy.hh:192
192	    writeBlob(Addr addr, const void *p, int size) const
>>> writeBlob call: this=0x7fffffffc710, addr=0xffff0830, p=0x7fffffffc75c, size=4
Error in testing breakpoint condition:
No frame is currently executing in block gem5::PortProxy::writeBlob(unsigned long, void const*, int) const.

Breakpoint 1, gem5::PortProxy::writeBlob (this=0x7fffffffc710, addr=4294903860, p=0x7fffffffc75c, size=4) at src/mem/port_proxy.hh:192
192	    writeBlob(Addr addr, const void *p, int size) const
>>> writeBlob call: this=0x7fffffffc710, addr=0xffff0834, p=0x7fffffffc75c, size=4
Error in testing breakpoint condition:
No frame is currently executing in block gem5::PortProxy::writeBlob(unsigned long, void const*, int) const.

Breakpoint 1, gem5::PortProxy::writeBlob (this=0x7fffffffc710, addr=4294903864, p=0x7fffffffc75c, size=4) at src/mem/port_proxy.hh:192
192	    writeBlob(Addr addr, const void *p, int size) const
>>> writeBlob call: this=0x7fffffffc710, addr=0xffff0838, p=0x7fffffffc75c, size=4
Error in testing breakpoint condition:
No frame is currently executing in block gem5::PortProxy::writeBlob(unsigned long, void const*, int) const.

Breakpoint 1, gem5::PortProxy::writeBlob (this=0x7fffffffc710, addr=4294903868, p=0x7fffffffc75c, size=4) at src/mem/port_proxy.hh:192
192	    writeBlob(Addr addr, const void *p, int size) const
>>> writeBlob call: this=0x7fffffffc710, addr=0xffff083c, p=0x7fffffffc75c, size=4
Error in testing breakpoint condition:
No frame is currently executing in block gem5::PortProxy::writeBlob(unsigned long, void const*, int) const.

Breakpoint 1, gem5::PortProxy::writeBlob (this=0x7fffffffc710, addr=4294903872, p=0x7fffffffc75c, size=4) at src/mem/port_proxy.hh:192
192	    writeBlob(Addr addr, const void *p, int size) const
>>> writeBlob call: this=0x7fffffffc710, addr=0xffff0840, p=0x7fffffffc75c, size=4
Error in testing breakpoint condition:
No frame is currently executing in block gem5::PortProxy::writeBlob(unsigned long, void const*, int) const.

Breakpoint 1, gem5::PortProxy::writeBlob (this=0x7fffffffc710, addr=4294903876, p=0x7fffffffc75c, size=4) at src/mem/port_proxy.hh:192
192	    writeBlob(Addr addr, const void *p, int size) const
>>> writeBlob call: this=0x7fffffffc710, addr=0xffff0844, p=0x7fffffffc75c, size=4
Error in testing breakpoint condition:
No frame is currently executing in block gem5::PortProxy::writeBlob(unsigned long, void const*, int) const.

Breakpoint 1, gem5::PortProxy::writeBlob (this=0x7fffffffc710, addr=4294903880, p=0x7fffffffc75c, size=4) at src/mem/port_proxy.hh:192
192	    writeBlob(Addr addr, const void *p, int size) const
>>> writeBlob call: this=0x7fffffffc710, addr=0xffff0848, p=0x7fffffffc75c, size=4
Error in testing breakpoint condition:
No frame is currently executing in block gem5::PortProxy::writeBlob(unsigned long, void const*, int) const.

Breakpoint 1, gem5::PortProxy::writeBlob (this=0x7fffffffc710, addr=4294903884, p=0x7fffffffc75c, size=4) at src/mem/port_proxy.hh:192
192	    writeBlob(Addr addr, const void *p, int size) const
>>> writeBlob call: this=0x7fffffffc710, addr=0xffff084c, p=0x7fffffffc75c, size=4
Error in testing breakpoint condition:
No frame is currently executing in block gem5::PortProxy::writeBlob(unsigned long, void const*, int) const.

Breakpoint 1, gem5::PortProxy::writeBlob (this=0x7fffffffc710, addr=4294903888, p=0x7fffffffc75c, size=4) at src/mem/port_proxy.hh:192
192	    writeBlob(Addr addr, const void *p, int size) const
>>> writeBlob call: this=0x7fffffffc710, addr=0xffff0850, p=0x7fffffffc75c, size=4
Error in testing breakpoint condition:
No frame is currently executing in block gem5::PortProxy::writeBlob(unsigned long, void const*, int) const.

Breakpoint 1, gem5::PortProxy::writeBlob (this=0x7fffffffc710, addr=4294903892, p=0x7fffffffc75c, size=4) at src/mem/port_proxy.hh:192
192	    writeBlob(Addr addr, const void *p, int size) const
>>> writeBlob call: this=0x7fffffffc710, addr=0xffff0854, p=0x7fffffffc75c, size=4
Error in testing breakpoint condition:
No frame is currently executing in block gem5::PortProxy::writeBlob(unsigned long, void const*, int) const.

Breakpoint 1, gem5::PortProxy::writeBlob (this=0x7fffffffc710, addr=4294903896, p=0x7fffffffc75c, size=4) at src/mem/port_proxy.hh:192
192	    writeBlob(Addr addr, const void *p, int size) const
>>> writeBlob call: this=0x7fffffffc710, addr=0xffff0858, p=0x7fffffffc75c, size=4
Error in testing breakpoint condition:
No frame is currently executing in block gem5::PortProxy::writeBlob(unsigned long, void const*, int) const.

Breakpoint 1, gem5::PortProxy::writeBlob (this=0x7fffffffc710, addr=4294903900, p=0x7fffffffc75c, size=4) at src/mem/port_proxy.hh:192
192	    writeBlob(Addr addr, const void *p, int size) const
>>> writeBlob call: this=0x7fffffffc710, addr=0xffff085c, p=0x7fffffffc75c, size=4
Error in testing breakpoint condition:
No frame is currently executing in block gem5::PortProxy::writeBlob(unsigned long, void const*, int) const.

Breakpoint 1, gem5::PortProxy::writeBlob (this=0x7fffffffc710, addr=4294903904, p=0x7fffffffc75c, size=4) at src/mem/port_proxy.hh:192
192	    writeBlob(Addr addr, const void *p, int size) const
>>> writeBlob call: this=0x7fffffffc710, addr=0xffff0860, p=0x7fffffffc75c, size=4
Error in testing breakpoint condition:
No frame is currently executing in block gem5::PortProxy::writeBlob(unsigned long, void const*, int) const.

Breakpoint 1, gem5::PortProxy::writeBlob (this=0x7fffffffc710, addr=4294903908, p=0x7fffffffc75c, size=4) at src/mem/port_proxy.hh:192
192	    writeBlob(Addr addr, const void *p, int size) const
>>> writeBlob call: this=0x7fffffffc710, addr=0xffff0864, p=0x7fffffffc75c, size=4
Error in testing breakpoint condition:
No frame is currently executing in block gem5::PortProxy::writeBlob(unsigned long, void const*, int) const.

Breakpoint 1, gem5::PortProxy::writeBlob (this=0x7fffffffc710, addr=4294903912, p=0x7fffffffc75c, size=4) at src/mem/port_proxy.hh:192
192	    writeBlob(Addr addr, const void *p, int size) const
>>> writeBlob call: this=0x7fffffffc710, addr=0xffff0868, p=0x7fffffffc75c, size=4
Error in testing breakpoint condition:
No frame is currently executing in block gem5::PortProxy::writeBlob(unsigned long, void const*, int) const.

Breakpoint 1, gem5::PortProxy::writeBlob (this=0x7fffffffc710, addr=4294903916, p=0x7fffffffc75c, size=4) at src/mem/port_proxy.hh:192
192	    writeBlob(Addr addr, const void *p, int size) const
>>> writeBlob call: this=0x7fffffffc710, addr=0xffff086c, p=0x7fffffffc75c, size=4
Error in testing breakpoint condition:
No frame is currently executing in block gem5::PortProxy::writeBlob(unsigned long, void const*, int) const.

Breakpoint 1, gem5::PortProxy::writeBlob (this=0x7fffffffc710, addr=4294903920, p=0x7fffffffc75c, size=4) at src/mem/port_proxy.hh:192
192	    writeBlob(Addr addr, const void *p, int size) const
>>> writeBlob call: this=0x7fffffffc710, addr=0xffff0870, p=0x7fffffffc75c, size=4
Error in testing breakpoint condition:
No frame is currently executing in block gem5::PortProxy::writeBlob(unsigned long, void const*, int) const.

Breakpoint 1, gem5::PortProxy::writeBlob (this=0x7fffffffc710, addr=4294903924, p=0x7fffffffc75c, size=4) at src/mem/port_proxy.hh:192
192	    writeBlob(Addr addr, const void *p, int size) const
>>> writeBlob call: this=0x7fffffffc710, addr=0xffff0874, p=0x7fffffffc75c, size=4
Error in testing breakpoint condition:
No frame is currently executing in block gem5::PortProxy::writeBlob(unsigned long, void const*, int) const.

Breakpoint 1, gem5::PortProxy::writeBlob (this=0x7fffffffc710, addr=4294903928, p=0x7fffffffc75c, size=4) at src/mem/port_proxy.hh:192
192	    writeBlob(Addr addr, const void *p, int size) const
>>> writeBlob call: this=0x7fffffffc710, addr=0xffff0878, p=0x7fffffffc75c, size=4
Error in testing breakpoint condition:
No frame is currently executing in block gem5::PortProxy::writeBlob(unsigned long, void const*, int) const.

Breakpoint 1, gem5::PortProxy::writeBlob (this=0x7fffffffc710, addr=4294903932, p=0x7fffffffc75c, size=4) at src/mem/port_proxy.hh:192
192	    writeBlob(Addr addr, const void *p, int size) const
>>> writeBlob call: this=0x7fffffffc710, addr=0xffff087c, p=0x7fffffffc75c, size=4
Error in testing breakpoint condition:
No frame is currently executing in block gem5::PortProxy::writeBlob(unsigned long, void const*, int) const.

Breakpoint 1, gem5::PortProxy::writeBlob (this=0x7fffffffc710, addr=4294903936, p=0x7fffffffc75c, size=4) at src/mem/port_proxy.hh:192
192	    writeBlob(Addr addr, const void *p, int size) const
>>> writeBlob call: this=0x7fffffffc710, addr=0xffff0880, p=0x7fffffffc75c, size=4
Error in testing breakpoint condition:
No frame is currently executing in block gem5::PortProxy::writeBlob(unsigned long, void const*, int) const.

Breakpoint 1, gem5::PortProxy::writeBlob (this=0x7fffffffc710, addr=4294903940, p=0x7fffffffc75c, size=4) at src/mem/port_proxy.hh:192
192	    writeBlob(Addr addr, const void *p, int size) const
>>> writeBlob call: this=0x7fffffffc710, addr=0xffff0884, p=0x7fffffffc75c, size=4
Error in testing breakpoint condition:
No frame is currently executing in block gem5::PortProxy::writeBlob(unsigned long, void const*, int) const.

Breakpoint 1, gem5::PortProxy::writeBlob (this=0x7fffffffc710, addr=4294903944, p=0x7fffffffc75c, size=4) at src/mem/port_proxy.hh:192
192	    writeBlob(Addr addr, const void *p, int size) const
>>> writeBlob call: this=0x7fffffffc710, addr=0xffff0888, p=0x7fffffffc75c, size=4
Error in testing breakpoint condition:
No frame is currently executing in block gem5::PortProxy::writeBlob(unsigned long, void const*, int) const.

Breakpoint 1, gem5::PortProxy::writeBlob (this=0x7fffffffc710, addr=4294903948, p=0x7fffffffc75c, size=4) at src/mem/port_proxy.hh:192
192	    writeBlob(Addr addr, const void *p, int size) const
>>> writeBlob call: this=0x7fffffffc710, addr=0xffff088c, p=0x7fffffffc75c, size=4
Error in testing breakpoint condition:
No frame is currently executing in block gem5::PortProxy::writeBlob(unsigned long, void const*, int) const.

Breakpoint 1, gem5::PortProxy::writeBlob (this=0x7fffffffc710, addr=4294903952, p=0x7fffffffc75c, size=4) at src/mem/port_proxy.hh:192
192	    writeBlob(Addr addr, const void *p, int size) const
>>> writeBlob call: this=0x7fffffffc710, addr=0xffff0890, p=0x7fffffffc75c, size=4
Error in testing breakpoint condition:
No frame is currently executing in block gem5::PortProxy::writeBlob(unsigned long, void const*, int) const.

Breakpoint 1, gem5::PortProxy::writeBlob (this=0x7fffffffc710, addr=4294903956, p=0x7fffffffc75c, size=4) at src/mem/port_proxy.hh:192
192	    writeBlob(Addr addr, const void *p, int size) const
>>> writeBlob call: this=0x7fffffffc710, addr=0xffff0894, p=0x7fffffffc75c, size=4
Error in testing breakpoint condition:
No frame is currently executing in block gem5::PortProxy::writeBlob(unsigned long, void const*, int) const.

Breakpoint 1, gem5::PortProxy::writeBlob (this=0x7fffffffc710, addr=4294903960, p=0x7fffffffc75c, size=4) at src/mem/port_proxy.hh:192
192	    writeBlob(Addr addr, const void *p, int size) const
>>> writeBlob call: this=0x7fffffffc710, addr=0xffff0898, p=0x7fffffffc75c, size=4
Error in testing breakpoint condition:
No frame is currently executing in block gem5::PortProxy::writeBlob(unsigned long, void const*, int) const.

Breakpoint 1, gem5::PortProxy::writeBlob (this=0x7fffffffc710, addr=4294903964, p=0x7fffffffc75c, size=4) at src/mem/port_proxy.hh:192
192	    writeBlob(Addr addr, const void *p, int size) const
>>> writeBlob call: this=0x7fffffffc710, addr=0xffff089c, p=0x7fffffffc75c, size=4
Error in testing breakpoint condition:
No frame is currently executing in block gem5::PortProxy::writeBlob(unsigned long, void const*, int) const.

Breakpoint 1, gem5::PortProxy::writeBlob (this=0x7fffffffc710, addr=4294903968, p=0x7fffffffc75c, size=4) at src/mem/port_proxy.hh:192
192	    writeBlob(Addr addr, const void *p, int size) const
>>> writeBlob call: this=0x7fffffffc710, addr=0xffff08a0, p=0x7fffffffc75c, size=4
Error in testing breakpoint condition:
No frame is currently executing in block gem5::PortProxy::writeBlob(unsigned long, void const*, int) const.

Breakpoint 1, gem5::PortProxy::writeBlob (this=0x7fffffffc710, addr=4294903972, p=0x7fffffffc75c, size=4) at src/mem/port_proxy.hh:192
192	    writeBlob(Addr addr, const void *p, int size) const
>>> writeBlob call: this=0x7fffffffc710, addr=0xffff08a4, p=0x7fffffffc75c, size=4
Error in testing breakpoint condition:
No frame is currently executing in block gem5::PortProxy::writeBlob(unsigned long, void const*, int) const.

Breakpoint 1, gem5::PortProxy::writeBlob (this=0x7fffffffc710, addr=4294903976, p=0x7fffffffc75c, size=4) at src/mem/port_proxy.hh:192
192	    writeBlob(Addr addr, const void *p, int size) const
>>> writeBlob call: this=0x7fffffffc710, addr=0xffff08a8, p=0x7fffffffc75c, size=4
Error in testing breakpoint condition:
No frame is currently executing in block gem5::PortProxy::writeBlob(unsigned long, void const*, int) const.

Breakpoint 1, gem5::PortProxy::writeBlob (this=0x7fffffffc710, addr=4294903980, p=0x7fffffffc75c, size=4) at src/mem/port_proxy.hh:192
192	    writeBlob(Addr addr, const void *p, int size) const
>>> writeBlob call: this=0x7fffffffc710, addr=0xffff08ac, p=0x7fffffffc75c, size=4
Error in testing breakpoint condition:
No frame is currently executing in block gem5::PortProxy::writeBlob(unsigned long, void const*, int) const.

Breakpoint 1, gem5::PortProxy::writeBlob (this=0x7fffffffc710, addr=4294903984, p=0x7fffffffc75c, size=4) at src/mem/port_proxy.hh:192
192	    writeBlob(Addr addr, const void *p, int size) const
>>> writeBlob call: this=0x7fffffffc710, addr=0xffff08b0, p=0x7fffffffc75c, size=4
Error in testing breakpoint condition:
No frame is currently executing in block gem5::PortProxy::writeBlob(unsigned long, void const*, int) const.

Breakpoint 1, gem5::PortProxy::writeBlob (this=0x7fffffffc710, addr=4294903988, p=0x7fffffffc75c, size=4) at src/mem/port_proxy.hh:192
192	    writeBlob(Addr addr, const void *p, int size) const
>>> writeBlob call: this=0x7fffffffc710, addr=0xffff08b4, p=0x7fffffffc75c, size=4
Error in testing breakpoint condition:
No frame is currently executing in block gem5::PortProxy::writeBlob(unsigned long, void const*, int) const.

Breakpoint 1, gem5::PortProxy::writeBlob (this=0x7fffffffc710, addr=4294903992, p=0x7fffffffc75c, size=4) at src/mem/port_proxy.hh:192
192	    writeBlob(Addr addr, const void *p, int size) const
>>> writeBlob call: this=0x7fffffffc710, addr=0xffff08b8, p=0x7fffffffc75c, size=4
Error in testing breakpoint condition:
No frame is currently executing in block gem5::PortProxy::writeBlob(unsigned long, void const*, int) const.

Breakpoint 1, gem5::PortProxy::writeBlob (this=0x7fffffffc710, addr=4294903996, p=0x7fffffffc75c, size=4) at src/mem/port_proxy.hh:192
192	    writeBlob(Addr addr, const void *p, int size) const
>>> writeBlob call: this=0x7fffffffc710, addr=0xffff08bc, p=0x7fffffffc75c, size=4
Error in testing breakpoint condition:
No frame is currently executing in block gem5::PortProxy::writeBlob(unsigned long, void const*, int) const.

Breakpoint 1, gem5::PortProxy::writeBlob (this=0x7fffffffc710, addr=4294904000, p=0x7fffffffc75c, size=4) at src/mem/port_proxy.hh:192
192	    writeBlob(Addr addr, const void *p, int size) const
>>> writeBlob call: this=0x7fffffffc710, addr=0xffff08c0, p=0x7fffffffc75c, size=4
Error in testing breakpoint condition:
No frame is currently executing in block gem5::PortProxy::writeBlob(unsigned long, void const*, int) const.

Breakpoint 1, gem5::PortProxy::writeBlob (this=0x7fffffffc710, addr=4294904004, p=0x7fffffffc75c, size=4) at src/mem/port_proxy.hh:192
192	    writeBlob(Addr addr, const void *p, int size) const
>>> writeBlob call: this=0x7fffffffc710, addr=0xffff08c4, p=0x7fffffffc75c, size=4
Error in testing breakpoint condition:
No frame is currently executing in block gem5::PortProxy::writeBlob(unsigned long, void const*, int) const.

Breakpoint 1, gem5::PortProxy::writeBlob (this=0x7fffffffc710, addr=4294904008, p=0x7fffffffc75c, size=4) at src/mem/port_proxy.hh:192
192	    writeBlob(Addr addr, const void *p, int size) const
>>> writeBlob call: this=0x7fffffffc710, addr=0xffff08c8, p=0x7fffffffc75c, size=4
Error in testing breakpoint condition:
No frame is currently executing in block gem5::PortProxy::writeBlob(unsigned long, void const*, int) const.

Breakpoint 1, gem5::PortProxy::writeBlob (this=0x7fffffffc710, addr=4294904012, p=0x7fffffffc75c, size=4) at src/mem/port_proxy.hh:192
192	    writeBlob(Addr addr, const void *p, int size) const
>>> writeBlob call: this=0x7fffffffc710, addr=0xffff08cc, p=0x7fffffffc75c, size=4
Error in testing breakpoint condition:
No frame is currently executing in block gem5::PortProxy::writeBlob(unsigned long, void const*, int) const.

Breakpoint 1, gem5::PortProxy::writeBlob (this=0x7fffffffc710, addr=4294904016, p=0x7fffffffc75c, size=4) at src/mem/port_proxy.hh:192
192	    writeBlob(Addr addr, const void *p, int size) const
>>> writeBlob call: this=0x7fffffffc710, addr=0xffff08d0, p=0x7fffffffc75c, size=4
Error in testing breakpoint condition:
No frame is currently executing in block gem5::PortProxy::writeBlob(unsigned long, void const*, int) const.

Breakpoint 1, gem5::PortProxy::writeBlob (this=0x7fffffffc710, addr=4294904020, p=0x7fffffffc75c, size=4) at src/mem/port_proxy.hh:192
192	    writeBlob(Addr addr, const void *p, int size) const
>>> writeBlob call: this=0x7fffffffc710, addr=0xffff08d4, p=0x7fffffffc75c, size=4
Error in testing breakpoint condition:
No frame is currently executing in block gem5::PortProxy::writeBlob(unsigned long, void const*, int) const.

Breakpoint 1, gem5::PortProxy::writeBlob (this=0x7fffffffc710, addr=4294904024, p=0x7fffffffc75c, size=4) at src/mem/port_proxy.hh:192
192	    writeBlob(Addr addr, const void *p, int size) const
>>> writeBlob call: this=0x7fffffffc710, addr=0xffff08d8, p=0x7fffffffc75c, size=4
Error in testing breakpoint condition:
No frame is currently executing in block gem5::PortProxy::writeBlob(unsigned long, void const*, int) const.

Breakpoint 1, gem5::PortProxy::writeBlob (this=0x7fffffffc710, addr=4294904028, p=0x7fffffffc75c, size=4) at src/mem/port_proxy.hh:192
192	    writeBlob(Addr addr, const void *p, int size) const
>>> writeBlob call: this=0x7fffffffc710, addr=0xffff08dc, p=0x7fffffffc75c, size=4
Error in testing breakpoint condition:
No frame is currently executing in block gem5::PortProxy::writeBlob(unsigned long, void const*, int) const.

Breakpoint 1, gem5::PortProxy::writeBlob (this=0x7fffffffc710, addr=4294904032, p=0x7fffffffc75c, size=4) at src/mem/port_proxy.hh:192
192	    writeBlob(Addr addr, const void *p, int size) const
>>> writeBlob call: this=0x7fffffffc710, addr=0xffff08e0, p=0x7fffffffc75c, size=4
Error in testing breakpoint condition:
No frame is currently executing in block gem5::PortProxy::writeBlob(unsigned long, void const*, int) const.

Breakpoint 1, gem5::PortProxy::writeBlob (this=0x7fffffffc710, addr=4294904036, p=0x7fffffffc75c, size=4) at src/mem/port_proxy.hh:192
192	    writeBlob(Addr addr, const void *p, int size) const
>>> writeBlob call: this=0x7fffffffc710, addr=0xffff08e4, p=0x7fffffffc75c, size=4
Error in testing breakpoint condition:
No frame is currently executing in block gem5::PortProxy::writeBlob(unsigned long, void const*, int) const.

Breakpoint 1, gem5::PortProxy::writeBlob (this=0x7fffffffc710, addr=4294904040, p=0x7fffffffc75c, size=4) at src/mem/port_proxy.hh:192
192	    writeBlob(Addr addr, const void *p, int size) const
>>> writeBlob call: this=0x7fffffffc710, addr=0xffff08e8, p=0x7fffffffc75c, size=4
Error in testing breakpoint condition:
No frame is currently executing in block gem5::PortProxy::writeBlob(unsigned long, void const*, int) const.

Breakpoint 1, gem5::PortProxy::writeBlob (this=0x7fffffffc710, addr=4294904044, p=0x7fffffffc75c, size=4) at src/mem/port_proxy.hh:192
192	    writeBlob(Addr addr, const void *p, int size) const
>>> writeBlob call: this=0x7fffffffc710, addr=0xffff08ec, p=0x7fffffffc75c, size=4
Error in testing breakpoint condition:
No frame is currently executing in block gem5::PortProxy::writeBlob(unsigned long, void const*, int) const.

Breakpoint 1, gem5::PortProxy::writeBlob (this=0x7fffffffc710, addr=4294904048, p=0x7fffffffc75c, size=4) at src/mem/port_proxy.hh:192
192	    writeBlob(Addr addr, const void *p, int size) const
>>> writeBlob call: this=0x7fffffffc710, addr=0xffff08f0, p=0x7fffffffc75c, size=4
Error in testing breakpoint condition:
No frame is currently executing in block gem5::PortProxy::writeBlob(unsigned long, void const*, int) const.

Breakpoint 1, gem5::PortProxy::writeBlob (this=0x7fffffffc710, addr=4294904052, p=0x7fffffffc75c, size=4) at src/mem/port_proxy.hh:192
192	    writeBlob(Addr addr, const void *p, int size) const
>>> writeBlob call: this=0x7fffffffc710, addr=0xffff08f4, p=0x7fffffffc75c, size=4
Error in testing breakpoint condition:
No frame is currently executing in block gem5::PortProxy::writeBlob(unsigned long, void const*, int) const.

Breakpoint 1, gem5::PortProxy::writeBlob (this=0x7fffffffc710, addr=4294904056, p=0x7fffffffc75c, size=4) at src/mem/port_proxy.hh:192
192	    writeBlob(Addr addr, const void *p, int size) const
>>> writeBlob call: this=0x7fffffffc710, addr=0xffff08f8, p=0x7fffffffc75c, size=4
Error in testing breakpoint condition:
No frame is currently executing in block gem5::PortProxy::writeBlob(unsigned long, void const*, int) const.

Breakpoint 1, gem5::PortProxy::writeBlob (this=0x7fffffffc710, addr=4294904060, p=0x7fffffffc75c, size=4) at src/mem/port_proxy.hh:192
192	    writeBlob(Addr addr, const void *p, int size) const
>>> writeBlob call: this=0x7fffffffc710, addr=0xffff08fc, p=0x7fffffffc75c, size=4
Error in testing breakpoint condition:
No frame is currently executing in block gem5::PortProxy::writeBlob(unsigned long, void const*, int) const.

Breakpoint 1, gem5::PortProxy::writeBlob (this=0x7fffffffc710, addr=4294904064, p=0x7fffffffc75c, size=4) at src/mem/port_proxy.hh:192
192	    writeBlob(Addr addr, const void *p, int size) const
>>> writeBlob call: this=0x7fffffffc710, addr=0xffff0900, p=0x7fffffffc75c, size=4
Error in testing breakpoint condition:
No frame is currently executing in block gem5::PortProxy::writeBlob(unsigned long, void const*, int) const.

Breakpoint 1, gem5::PortProxy::writeBlob (this=0x7fffffffc710, addr=4294904068, p=0x7fffffffc75c, size=4) at src/mem/port_proxy.hh:192
192	    writeBlob(Addr addr, const void *p, int size) const
>>> writeBlob call: this=0x7fffffffc710, addr=0xffff0904, p=0x7fffffffc75c, size=4
Error in testing breakpoint condition:
No frame is currently executing in block gem5::PortProxy::writeBlob(unsigned long, void const*, int) const.

Breakpoint 1, gem5::PortProxy::writeBlob (this=0x7fffffffc710, addr=4294904072, p=0x7fffffffc75c, size=4) at src/mem/port_proxy.hh:192
192	    writeBlob(Addr addr, const void *p, int size) const
>>> writeBlob call: this=0x7fffffffc710, addr=0xffff0908, p=0x7fffffffc75c, size=4
Error in testing breakpoint condition:
No frame is currently executing in block gem5::PortProxy::writeBlob(unsigned long, void const*, int) const.

Breakpoint 1, gem5::PortProxy::writeBlob (this=0x7fffffffc710, addr=4294904076, p=0x7fffffffc75c, size=4) at src/mem/port_proxy.hh:192
192	    writeBlob(Addr addr, const void *p, int size) const
>>> writeBlob call: this=0x7fffffffc710, addr=0xffff090c, p=0x7fffffffc75c, size=4
Error in testing breakpoint condition:
No frame is currently executing in block gem5::PortProxy::writeBlob(unsigned long, void const*, int) const.

Breakpoint 1, gem5::PortProxy::writeBlob (this=0x7fffffffc710, addr=4294904080, p=0x7fffffffc75c, size=4) at src/mem/port_proxy.hh:192
192	    writeBlob(Addr addr, const void *p, int size) const
>>> writeBlob call: this=0x7fffffffc710, addr=0xffff0910, p=0x7fffffffc75c, size=4
Error in testing breakpoint condition:
No frame is currently executing in block gem5::PortProxy::writeBlob(unsigned long, void const*, int) const.

Breakpoint 1, gem5::PortProxy::writeBlob (this=0x7fffffffc710, addr=4294904084, p=0x7fffffffc75c, size=4) at src/mem/port_proxy.hh:192
192	    writeBlob(Addr addr, const void *p, int size) const
>>> writeBlob call: this=0x7fffffffc710, addr=0xffff0914, p=0x7fffffffc75c, size=4
Error in testing breakpoint condition:
No frame is currently executing in block gem5::PortProxy::writeBlob(unsigned long, void const*, int) const.

Breakpoint 1, gem5::PortProxy::writeBlob (this=0x7fffffffc710, addr=4294904088, p=0x7fffffffc75c, size=4) at src/mem/port_proxy.hh:192
192	    writeBlob(Addr addr, const void *p, int size) const
>>> writeBlob call: this=0x7fffffffc710, addr=0xffff0918, p=0x7fffffffc75c, size=4
Error in testing breakpoint condition:
No frame is currently executing in block gem5::PortProxy::writeBlob(unsigned long, void const*, int) const.

Breakpoint 1, gem5::PortProxy::writeBlob (this=0x7fffffffc710, addr=4294904092, p=0x7fffffffc75c, size=4) at src/mem/port_proxy.hh:192
192	    writeBlob(Addr addr, const void *p, int size) const
>>> writeBlob call: this=0x7fffffffc710, addr=0xffff091c, p=0x7fffffffc75c, size=4
Error in testing breakpoint condition:
No frame is currently executing in block gem5::PortProxy::writeBlob(unsigned long, void const*, int) const.

Breakpoint 1, gem5::PortProxy::writeBlob (this=0x7fffffffc710, addr=4294904096, p=0x7fffffffc75c, size=4) at src/mem/port_proxy.hh:192
192	    writeBlob(Addr addr, const void *p, int size) const
>>> writeBlob call: this=0x7fffffffc710, addr=0xffff0920, p=0x7fffffffc75c, size=4
Error in testing breakpoint condition:
No frame is currently executing in block gem5::PortProxy::writeBlob(unsigned long, void const*, int) const.

Breakpoint 1, gem5::PortProxy::writeBlob (this=0x7fffffffc710, addr=4294904100, p=0x7fffffffc75c, size=4) at src/mem/port_proxy.hh:192
192	    writeBlob(Addr addr, const void *p, int size) const
>>> writeBlob call: this=0x7fffffffc710, addr=0xffff0924, p=0x7fffffffc75c, size=4
Error in testing breakpoint condition:
No frame is currently executing in block gem5::PortProxy::writeBlob(unsigned long, void const*, int) const.

Breakpoint 1, gem5::PortProxy::writeBlob (this=0x7fffffffc710, addr=4294904104, p=0x7fffffffc75c, size=4) at src/mem/port_proxy.hh:192
192	    writeBlob(Addr addr, const void *p, int size) const
>>> writeBlob call: this=0x7fffffffc710, addr=0xffff0928, p=0x7fffffffc75c, size=4
Error in testing breakpoint condition:
No frame is currently executing in block gem5::PortProxy::writeBlob(unsigned long, void const*, int) const.

Breakpoint 1, gem5::PortProxy::writeBlob (this=0x7fffffffc710, addr=4294904108, p=0x7fffffffc75c, size=4) at src/mem/port_proxy.hh:192
192	    writeBlob(Addr addr, const void *p, int size) const
>>> writeBlob call: this=0x7fffffffc710, addr=0xffff092c, p=0x7fffffffc75c, size=4
Error in testing breakpoint condition:
No frame is currently executing in block gem5::PortProxy::writeBlob(unsigned long, void const*, int) const.

Breakpoint 1, gem5::PortProxy::writeBlob (this=0x7fffffffc710, addr=4294904112, p=0x7fffffffc75c, size=4) at src/mem/port_proxy.hh:192
192	    writeBlob(Addr addr, const void *p, int size) const
>>> writeBlob call: this=0x7fffffffc710, addr=0xffff0930, p=0x7fffffffc75c, size=4
Error in testing breakpoint condition:
No frame is currently executing in block gem5::PortProxy::writeBlob(unsigned long, void const*, int) const.

Breakpoint 1, gem5::PortProxy::writeBlob (this=0x7fffffffc710, addr=4294904116, p=0x7fffffffc75c, size=4) at src/mem/port_proxy.hh:192
192	    writeBlob(Addr addr, const void *p, int size) const
>>> writeBlob call: this=0x7fffffffc710, addr=0xffff0934, p=0x7fffffffc75c, size=4
Error in testing breakpoint condition:
No frame is currently executing in block gem5::PortProxy::writeBlob(unsigned long, void const*, int) const.

Breakpoint 1, gem5::PortProxy::writeBlob (this=0x7fffffffc710, addr=4294904120, p=0x7fffffffc75c, size=4) at src/mem/port_proxy.hh:192
192	    writeBlob(Addr addr, const void *p, int size) const
>>> writeBlob call: this=0x7fffffffc710, addr=0xffff0938, p=0x7fffffffc75c, size=4
Error in testing breakpoint condition:
No frame is currently executing in block gem5::PortProxy::writeBlob(unsigned long, void const*, int) const.

Breakpoint 1, gem5::PortProxy::writeBlob (this=0x7fffffffc710, addr=4294904124, p=0x7fffffffc75c, size=4) at src/mem/port_proxy.hh:192
192	    writeBlob(Addr addr, const void *p, int size) const
>>> writeBlob call: this=0x7fffffffc710, addr=0xffff093c, p=0x7fffffffc75c, size=4
Error in testing breakpoint condition:
No frame is currently executing in block gem5::PortProxy::writeBlob(unsigned long, void const*, int) const.

Breakpoint 1, gem5::PortProxy::writeBlob (this=0x7fffffffc710, addr=4294904128, p=0x7fffffffc75c, size=4) at src/mem/port_proxy.hh:192
192	    writeBlob(Addr addr, const void *p, int size) const
>>> writeBlob call: this=0x7fffffffc710, addr=0xffff0940, p=0x7fffffffc75c, size=4
Error in testing breakpoint condition:
No frame is currently executing in block gem5::PortProxy::writeBlob(unsigned long, void const*, int) const.

Breakpoint 1, gem5::PortProxy::writeBlob (this=0x7fffffffc710, addr=4294904132, p=0x7fffffffc75c, size=4) at src/mem/port_proxy.hh:192
192	    writeBlob(Addr addr, const void *p, int size) const
>>> writeBlob call: this=0x7fffffffc710, addr=0xffff0944, p=0x7fffffffc75c, size=4
Error in testing breakpoint condition:
No frame is currently executing in block gem5::PortProxy::writeBlob(unsigned long, void const*, int) const.

Breakpoint 1, gem5::PortProxy::writeBlob (this=0x7fffffffc710, addr=4294904136, p=0x7fffffffc75c, size=4) at src/mem/port_proxy.hh:192
192	    writeBlob(Addr addr, const void *p, int size) const
>>> writeBlob call: this=0x7fffffffc710, addr=0xffff0948, p=0x7fffffffc75c, size=4
Error in testing breakpoint condition:
No frame is currently executing in block gem5::PortProxy::writeBlob(unsigned long, void const*, int) const.

Breakpoint 1, gem5::PortProxy::writeBlob (this=0x7fffffffc710, addr=4294904140, p=0x7fffffffc75c, size=4) at src/mem/port_proxy.hh:192
192	    writeBlob(Addr addr, const void *p, int size) const
>>> writeBlob call: this=0x7fffffffc710, addr=0xffff094c, p=0x7fffffffc75c, size=4
Error in testing breakpoint condition:
No frame is currently executing in block gem5::PortProxy::writeBlob(unsigned long, void const*, int) const.

Breakpoint 1, gem5::PortProxy::writeBlob (this=0x7fffffffc710, addr=4294904144, p=0x7fffffffc75c, size=4) at src/mem/port_proxy.hh:192
192	    writeBlob(Addr addr, const void *p, int size) const
>>> writeBlob call: this=0x7fffffffc710, addr=0xffff0950, p=0x7fffffffc75c, size=4
Error in testing breakpoint condition:
No frame is currently executing in block gem5::PortProxy::writeBlob(unsigned long, void const*, int) const.

Breakpoint 1, gem5::PortProxy::writeBlob (this=0x7fffffffc710, addr=4294904148, p=0x7fffffffc75c, size=4) at src/mem/port_proxy.hh:192
192	    writeBlob(Addr addr, const void *p, int size) const
>>> writeBlob call: this=0x7fffffffc710, addr=0xffff0954, p=0x7fffffffc75c, size=4
Error in testing breakpoint condition:
No frame is currently executing in block gem5::PortProxy::writeBlob(unsigned long, void const*, int) const.

Breakpoint 1, gem5::PortProxy::writeBlob (this=0x7fffffffc710, addr=4294904152, p=0x7fffffffc75c, size=4) at src/mem/port_proxy.hh:192
192	    writeBlob(Addr addr, const void *p, int size) const
>>> writeBlob call: this=0x7fffffffc710, addr=0xffff0958, p=0x7fffffffc75c, size=4
Error in testing breakpoint condition:
No frame is currently executing in block gem5::PortProxy::writeBlob(unsigned long, void const*, int) const.

Breakpoint 1, gem5::PortProxy::writeBlob (this=0x7fffffffc710, addr=4294904156, p=0x7fffffffc75c, size=4) at src/mem/port_proxy.hh:192
192	    writeBlob(Addr addr, const void *p, int size) const
>>> writeBlob call: this=0x7fffffffc710, addr=0xffff095c, p=0x7fffffffc75c, size=4
Error in testing breakpoint condition:
No frame is currently executing in block gem5::PortProxy::writeBlob(unsigned long, void const*, int) const.

Breakpoint 1, gem5::PortProxy::writeBlob (this=0x7fffffffc710, addr=4294904160, p=0x7fffffffc75c, size=4) at src/mem/port_proxy.hh:192
192	    writeBlob(Addr addr, const void *p, int size) const
>>> writeBlob call: this=0x7fffffffc710, addr=0xffff0960, p=0x7fffffffc75c, size=4
Error in testing breakpoint condition:
No frame is currently executing in block gem5::PortProxy::writeBlob(unsigned long, void const*, int) const.

Breakpoint 1, gem5::PortProxy::writeBlob (this=0x7fffffffc710, addr=4294904164, p=0x7fffffffc75c, size=4) at src/mem/port_proxy.hh:192
192	    writeBlob(Addr addr, const void *p, int size) const
>>> writeBlob call: this=0x7fffffffc710, addr=0xffff0964, p=0x7fffffffc75c, size=4
Error in testing breakpoint condition:
No frame is currently executing in block gem5::PortProxy::writeBlob(unsigned long, void const*, int) const.

Breakpoint 1, gem5::PortProxy::writeBlob (this=0x7fffffffc710, addr=4294904168, p=0x7fffffffc75c, size=4) at src/mem/port_proxy.hh:192
192	    writeBlob(Addr addr, const void *p, int size) const
>>> writeBlob call: this=0x7fffffffc710, addr=0xffff0968, p=0x7fffffffc75c, size=4
Error in testing breakpoint condition:
No frame is currently executing in block gem5::PortProxy::writeBlob(unsigned long, void const*, int) const.

Breakpoint 1, gem5::PortProxy::writeBlob (this=0x7fffffffc710, addr=4294904172, p=0x7fffffffc75c, size=4) at src/mem/port_proxy.hh:192
192	    writeBlob(Addr addr, const void *p, int size) const
>>> writeBlob call: this=0x7fffffffc710, addr=0xffff096c, p=0x7fffffffc75c, size=4
Error in testing breakpoint condition:
No frame is currently executing in block gem5::PortProxy::writeBlob(unsigned long, void const*, int) const.

Breakpoint 1, gem5::PortProxy::writeBlob (this=0x7fffffffc710, addr=4294904176, p=0x7fffffffc75c, size=4) at src/mem/port_proxy.hh:192
192	    writeBlob(Addr addr, const void *p, int size) const
>>> writeBlob call: this=0x7fffffffc710, addr=0xffff0970, p=0x7fffffffc75c, size=4
Error in testing breakpoint condition:
No frame is currently executing in block gem5::PortProxy::writeBlob(unsigned long, void const*, int) const.

Breakpoint 1, gem5::PortProxy::writeBlob (this=0x7fffffffc710, addr=4294904180, p=0x7fffffffc75c, size=4) at src/mem/port_proxy.hh:192
192	    writeBlob(Addr addr, const void *p, int size) const
>>> writeBlob call: this=0x7fffffffc710, addr=0xffff0974, p=0x7fffffffc75c, size=4
Error in testing breakpoint condition:
No frame is currently executing in block gem5::PortProxy::writeBlob(unsigned long, void const*, int) const.

Breakpoint 1, gem5::PortProxy::writeBlob (this=0x7fffffffc710, addr=4294904184, p=0x7fffffffc75c, size=4) at src/mem/port_proxy.hh:192
192	    writeBlob(Addr addr, const void *p, int size) const
>>> writeBlob call: this=0x7fffffffc710, addr=0xffff0978, p=0x7fffffffc75c, size=4
Error in testing breakpoint condition:
No frame is currently executing in block gem5::PortProxy::writeBlob(unsigned long, void const*, int) const.

Breakpoint 1, gem5::PortProxy::writeBlob (this=0x7fffffffc710, addr=4294904188, p=0x7fffffffc75c, size=4) at src/mem/port_proxy.hh:192
192	    writeBlob(Addr addr, const void *p, int size) const
>>> writeBlob call: this=0x7fffffffc710, addr=0xffff097c, p=0x7fffffffc75c, size=4
Error in testing breakpoint condition:
No frame is currently executing in block gem5::PortProxy::writeBlob(unsigned long, void const*, int) const.

Breakpoint 1, gem5::PortProxy::writeBlob (this=0x7fffffffc710, addr=4294904192, p=0x7fffffffc75c, size=4) at src/mem/port_proxy.hh:192
192	    writeBlob(Addr addr, const void *p, int size) const
>>> writeBlob call: this=0x7fffffffc710, addr=0xffff0980, p=0x7fffffffc75c, size=4
Error in testing breakpoint condition:
No frame is currently executing in block gem5::PortProxy::writeBlob(unsigned long, void const*, int) const.

Breakpoint 1, gem5::PortProxy::writeBlob (this=0x7fffffffc710, addr=4294904196, p=0x7fffffffc75c, size=4) at src/mem/port_proxy.hh:192
192	    writeBlob(Addr addr, const void *p, int size) const
>>> writeBlob call: this=0x7fffffffc710, addr=0xffff0984, p=0x7fffffffc75c, size=4
Error in testing breakpoint condition:
No frame is currently executing in block gem5::PortProxy::writeBlob(unsigned long, void const*, int) const.

Breakpoint 1, gem5::PortProxy::writeBlob (this=0x7fffffffc710, addr=4294904200, p=0x7fffffffc75c, size=4) at src/mem/port_proxy.hh:192
192	    writeBlob(Addr addr, const void *p, int size) const
>>> writeBlob call: this=0x7fffffffc710, addr=0xffff0988, p=0x7fffffffc75c, size=4
Error in testing breakpoint condition:
No frame is currently executing in block gem5::PortProxy::writeBlob(unsigned long, void const*, int) const.

Breakpoint 1, gem5::PortProxy::writeBlob (this=0x7fffffffc710, addr=4294904204, p=0x7fffffffc75c, size=4) at src/mem/port_proxy.hh:192
192	    writeBlob(Addr addr, const void *p, int size) const
>>> writeBlob call: this=0x7fffffffc710, addr=0xffff098c, p=0x7fffffffc75c, size=4
Error in testing breakpoint condition:
No frame is currently executing in block gem5::PortProxy::writeBlob(unsigned long, void const*, int) const.

Breakpoint 1, gem5::PortProxy::writeBlob (this=0x7fffffffc710, addr=4294904208, p=0x7fffffffc75c, size=4) at src/mem/port_proxy.hh:192
192	    writeBlob(Addr addr, const void *p, int size) const
>>> writeBlob call: this=0x7fffffffc710, addr=0xffff0990, p=0x7fffffffc75c, size=4
Error in testing breakpoint condition:
No frame is currently executing in block gem5::PortProxy::writeBlob(unsigned long, void const*, int) const.

Breakpoint 1, gem5::PortProxy::writeBlob (this=0x7fffffffc710, addr=4294904212, p=0x7fffffffc75c, size=4) at src/mem/port_proxy.hh:192
192	    writeBlob(Addr addr, const void *p, int size) const
>>> writeBlob call: this=0x7fffffffc710, addr=0xffff0994, p=0x7fffffffc75c, size=4
Error in testing breakpoint condition:
No frame is currently executing in block gem5::PortProxy::writeBlob(unsigned long, void const*, int) const.

Breakpoint 1, gem5::PortProxy::writeBlob (this=0x7fffffffc710, addr=4294904216, p=0x7fffffffc75c, size=4) at src/mem/port_proxy.hh:192
192	    writeBlob(Addr addr, const void *p, int size) const
>>> writeBlob call: this=0x7fffffffc710, addr=0xffff0998, p=0x7fffffffc75c, size=4
Error in testing breakpoint condition:
No frame is currently executing in block gem5::PortProxy::writeBlob(unsigned long, void const*, int) const.

Breakpoint 1, gem5::PortProxy::writeBlob (this=0x7fffffffc710, addr=4294904220, p=0x7fffffffc75c, size=4) at src/mem/port_proxy.hh:192
192	    writeBlob(Addr addr, const void *p, int size) const
>>> writeBlob call: this=0x7fffffffc710, addr=0xffff099c, p=0x7fffffffc75c, size=4
Error in testing breakpoint condition:
No frame is currently executing in block gem5::PortProxy::writeBlob(unsigned long, void const*, int) const.

Breakpoint 1, gem5::PortProxy::writeBlob (this=0x7fffffffc710, addr=4294904224, p=0x7fffffffc75c, size=4) at src/mem/port_proxy.hh:192
192	    writeBlob(Addr addr, const void *p, int size) const
>>> writeBlob call: this=0x7fffffffc710, addr=0xffff09a0, p=0x7fffffffc75c, size=4
Error in testing breakpoint condition:
No frame is currently executing in block gem5::PortProxy::writeBlob(unsigned long, void const*, int) const.

Breakpoint 1, gem5::PortProxy::writeBlob (this=0x7fffffffc710, addr=4294904228, p=0x7fffffffc75c, size=4) at src/mem/port_proxy.hh:192
192	    writeBlob(Addr addr, const void *p, int size) const
>>> writeBlob call: this=0x7fffffffc710, addr=0xffff09a4, p=0x7fffffffc75c, size=4
Error in testing breakpoint condition:
No frame is currently executing in block gem5::PortProxy::writeBlob(unsigned long, void const*, int) const.

Breakpoint 1, gem5::PortProxy::writeBlob (this=0x7fffffffc710, addr=4294904232, p=0x7fffffffc75c, size=4) at src/mem/port_proxy.hh:192
192	    writeBlob(Addr addr, const void *p, int size) const
>>> writeBlob call: this=0x7fffffffc710, addr=0xffff09a8, p=0x7fffffffc75c, size=4
Error in testing breakpoint condition:
No frame is currently executing in block gem5::PortProxy::writeBlob(unsigned long, void const*, int) const.

Breakpoint 1, gem5::PortProxy::writeBlob (this=0x7fffffffc710, addr=4294904236, p=0x7fffffffc75c, size=4) at src/mem/port_proxy.hh:192
192	    writeBlob(Addr addr, const void *p, int size) const
>>> writeBlob call: this=0x7fffffffc710, addr=0xffff09ac, p=0x7fffffffc75c, size=4
Error in testing breakpoint condition:
No frame is currently executing in block gem5::PortProxy::writeBlob(unsigned long, void const*, int) const.

Breakpoint 1, gem5::PortProxy::writeBlob (this=0x7fffffffc710, addr=4294904240, p=0x7fffffffc75c, size=4) at src/mem/port_proxy.hh:192
192	    writeBlob(Addr addr, const void *p, int size) const
>>> writeBlob call: this=0x7fffffffc710, addr=0xffff09b0, p=0x7fffffffc75c, size=4
Error in testing breakpoint condition:
No frame is currently executing in block gem5::PortProxy::writeBlob(unsigned long, void const*, int) const.

Breakpoint 1, gem5::PortProxy::writeBlob (this=0x7fffffffc710, addr=4294904244, p=0x7fffffffc75c, size=4) at src/mem/port_proxy.hh:192
192	    writeBlob(Addr addr, const void *p, int size) const
>>> writeBlob call: this=0x7fffffffc710, addr=0xffff09b4, p=0x7fffffffc75c, size=4
Error in testing breakpoint condition:
No frame is currently executing in block gem5::PortProxy::writeBlob(unsigned long, void const*, int) const.

Breakpoint 1, gem5::PortProxy::writeBlob (this=0x7fffffffc710, addr=4294904248, p=0x7fffffffc75c, size=4) at src/mem/port_proxy.hh:192
192	    writeBlob(Addr addr, const void *p, int size) const
>>> writeBlob call: this=0x7fffffffc710, addr=0xffff09b8, p=0x7fffffffc75c, size=4
Error in testing breakpoint condition:
No frame is currently executing in block gem5::PortProxy::writeBlob(unsigned long, void const*, int) const.

Breakpoint 1, gem5::PortProxy::writeBlob (this=0x7fffffffc710, addr=4294904252, p=0x7fffffffc75c, size=4) at src/mem/port_proxy.hh:192
192	    writeBlob(Addr addr, const void *p, int size) const
>>> writeBlob call: this=0x7fffffffc710, addr=0xffff09bc, p=0x7fffffffc75c, size=4
Error in testing breakpoint condition:
No frame is currently executing in block gem5::PortProxy::writeBlob(unsigned long, void const*, int) const.

Breakpoint 1, gem5::PortProxy::writeBlob (this=0x7fffffffc710, addr=4294904256, p=0x7fffffffc75c, size=4) at src/mem/port_proxy.hh:192
192	    writeBlob(Addr addr, const void *p, int size) const
>>> writeBlob call: this=0x7fffffffc710, addr=0xffff09c0, p=0x7fffffffc75c, size=4
Error in testing breakpoint condition:
No frame is currently executing in block gem5::PortProxy::writeBlob(unsigned long, void const*, int) const.

Breakpoint 1, gem5::PortProxy::writeBlob (this=0x7fffffffc710, addr=4294904260, p=0x7fffffffc75c, size=4) at src/mem/port_proxy.hh:192
192	    writeBlob(Addr addr, const void *p, int size) const
>>> writeBlob call: this=0x7fffffffc710, addr=0xffff09c4, p=0x7fffffffc75c, size=4
Error in testing breakpoint condition:
No frame is currently executing in block gem5::PortProxy::writeBlob(unsigned long, void const*, int) const.

Breakpoint 1, gem5::PortProxy::writeBlob (this=0x7fffffffc710, addr=4294904264, p=0x7fffffffc75c, size=4) at src/mem/port_proxy.hh:192
192	    writeBlob(Addr addr, const void *p, int size) const
>>> writeBlob call: this=0x7fffffffc710, addr=0xffff09c8, p=0x7fffffffc75c, size=4
Error in testing breakpoint condition:
No frame is currently executing in block gem5::PortProxy::writeBlob(unsigned long, void const*, int) const.

Breakpoint 1, gem5::PortProxy::writeBlob (this=0x7fffffffc710, addr=4294904268, p=0x7fffffffc75c, size=4) at src/mem/port_proxy.hh:192
192	    writeBlob(Addr addr, const void *p, int size) const
>>> writeBlob call: this=0x7fffffffc710, addr=0xffff09cc, p=0x7fffffffc75c, size=4
Error in testing breakpoint condition:
No frame is currently executing in block gem5::PortProxy::writeBlob(unsigned long, void const*, int) const.

Breakpoint 1, gem5::PortProxy::writeBlob (this=0x7fffffffc710, addr=4294904272, p=0x7fffffffc75c, size=4) at src/mem/port_proxy.hh:192
192	    writeBlob(Addr addr, const void *p, int size) const
>>> writeBlob call: this=0x7fffffffc710, addr=0xffff09d0, p=0x7fffffffc75c, size=4
Error in testing breakpoint condition:
No frame is currently executing in block gem5::PortProxy::writeBlob(unsigned long, void const*, int) const.

Breakpoint 1, gem5::PortProxy::writeBlob (this=0x7fffffffc710, addr=4294904276, p=0x7fffffffc75c, size=4) at src/mem/port_proxy.hh:192
192	    writeBlob(Addr addr, const void *p, int size) const
>>> writeBlob call: this=0x7fffffffc710, addr=0xffff09d4, p=0x7fffffffc75c, size=4
Error in testing breakpoint condition:
No frame is currently executing in block gem5::PortProxy::writeBlob(unsigned long, void const*, int) const.

Breakpoint 1, gem5::PortProxy::writeBlob (this=0x7fffffffc710, addr=4294904280, p=0x7fffffffc75c, size=4) at src/mem/port_proxy.hh:192
192	    writeBlob(Addr addr, const void *p, int size) const
>>> writeBlob call: this=0x7fffffffc710, addr=0xffff09d8, p=0x7fffffffc75c, size=4
Error in testing breakpoint condition:
No frame is currently executing in block gem5::PortProxy::writeBlob(unsigned long, void const*, int) const.

Breakpoint 1, gem5::PortProxy::writeBlob (this=0x7fffffffc710, addr=4294904284, p=0x7fffffffc75c, size=4) at src/mem/port_proxy.hh:192
192	    writeBlob(Addr addr, const void *p, int size) const
>>> writeBlob call: this=0x7fffffffc710, addr=0xffff09dc, p=0x7fffffffc75c, size=4
Error in testing breakpoint condition:
No frame is currently executing in block gem5::PortProxy::writeBlob(unsigned long, void const*, int) const.

Breakpoint 1, gem5::PortProxy::writeBlob (this=0x7fffffffc710, addr=4294904288, p=0x7fffffffc75c, size=4) at src/mem/port_proxy.hh:192
192	    writeBlob(Addr addr, const void *p, int size) const
>>> writeBlob call: this=0x7fffffffc710, addr=0xffff09e0, p=0x7fffffffc75c, size=4
Error in testing breakpoint condition:
No frame is currently executing in block gem5::PortProxy::writeBlob(unsigned long, void const*, int) const.

Breakpoint 1, gem5::PortProxy::writeBlob (this=0x7fffffffc710, addr=4294904292, p=0x7fffffffc75c, size=4) at src/mem/port_proxy.hh:192
192	    writeBlob(Addr addr, const void *p, int size) const
>>> writeBlob call: this=0x7fffffffc710, addr=0xffff09e4, p=0x7fffffffc75c, size=4
Error in testing breakpoint condition:
No frame is currently executing in block gem5::PortProxy::writeBlob(unsigned long, void const*, int) const.

Breakpoint 1, gem5::PortProxy::writeBlob (this=0x7fffffffc710, addr=4294904296, p=0x7fffffffc75c, size=4) at src/mem/port_proxy.hh:192
192	    writeBlob(Addr addr, const void *p, int size) const
>>> writeBlob call: this=0x7fffffffc710, addr=0xffff09e8, p=0x7fffffffc75c, size=4
Error in testing breakpoint condition:
No frame is currently executing in block gem5::PortProxy::writeBlob(unsigned long, void const*, int) const.

Breakpoint 1, gem5::PortProxy::writeBlob (this=0x7fffffffc710, addr=4294904300, p=0x7fffffffc75c, size=4) at src/mem/port_proxy.hh:192
192	    writeBlob(Addr addr, const void *p, int size) const
>>> writeBlob call: this=0x7fffffffc710, addr=0xffff09ec, p=0x7fffffffc75c, size=4
Error in testing breakpoint condition:
No frame is currently executing in block gem5::PortProxy::writeBlob(unsigned long, void const*, int) const.

Breakpoint 1, gem5::PortProxy::writeBlob (this=0x7fffffffc710, addr=4294904304, p=0x7fffffffc75c, size=4) at src/mem/port_proxy.hh:192
192	    writeBlob(Addr addr, const void *p, int size) const
>>> writeBlob call: this=0x7fffffffc710, addr=0xffff09f0, p=0x7fffffffc75c, size=4
Error in testing breakpoint condition:
No frame is currently executing in block gem5::PortProxy::writeBlob(unsigned long, void const*, int) const.

Breakpoint 1, gem5::PortProxy::writeBlob (this=0x7fffffffc710, addr=4294904308, p=0x7fffffffc75c, size=4) at src/mem/port_proxy.hh:192
192	    writeBlob(Addr addr, const void *p, int size) const
>>> writeBlob call: this=0x7fffffffc710, addr=0xffff09f4, p=0x7fffffffc75c, size=4
Error in testing breakpoint condition:
No frame is currently executing in block gem5::PortProxy::writeBlob(unsigned long, void const*, int) const.

Breakpoint 1, gem5::PortProxy::writeBlob (this=0x7fffffffc710, addr=4294904312, p=0x7fffffffc75c, size=4) at src/mem/port_proxy.hh:192
192	    writeBlob(Addr addr, const void *p, int size) const
>>> writeBlob call: this=0x7fffffffc710, addr=0xffff09f8, p=0x7fffffffc75c, size=4
Error in testing breakpoint condition:
No frame is currently executing in block gem5::PortProxy::writeBlob(unsigned long, void const*, int) const.

Breakpoint 1, gem5::PortProxy::writeBlob (this=0x7fffffffc710, addr=4294904316, p=0x7fffffffc75c, size=4) at src/mem/port_proxy.hh:192
192	    writeBlob(Addr addr, const void *p, int size) const
>>> writeBlob call: this=0x7fffffffc710, addr=0xffff09fc, p=0x7fffffffc75c, size=4
Error in testing breakpoint condition:
No frame is currently executing in block gem5::PortProxy::writeBlob(unsigned long, void const*, int) const.

Breakpoint 1, gem5::PortProxy::writeBlob (this=0x7fffffffc710, addr=4294904320, p=0x7fffffffc75c, size=4) at src/mem/port_proxy.hh:192
192	    writeBlob(Addr addr, const void *p, int size) const
>>> writeBlob call: this=0x7fffffffc710, addr=0xffff0a00, p=0x7fffffffc75c, size=4
Error in testing breakpoint condition:
No frame is currently executing in block gem5::PortProxy::writeBlob(unsigned long, void const*, int) const.

Breakpoint 1, gem5::PortProxy::writeBlob (this=0x7fffffffc710, addr=4294904324, p=0x7fffffffc75c, size=4) at src/mem/port_proxy.hh:192
192	    writeBlob(Addr addr, const void *p, int size) const
>>> writeBlob call: this=0x7fffffffc710, addr=0xffff0a04, p=0x7fffffffc75c, size=4
Error in testing breakpoint condition:
No frame is currently executing in block gem5::PortProxy::writeBlob(unsigned long, void const*, int) const.

Breakpoint 1, gem5::PortProxy::writeBlob (this=0x7fffffffc710, addr=4294904328, p=0x7fffffffc75c, size=4) at src/mem/port_proxy.hh:192
192	    writeBlob(Addr addr, const void *p, int size) const
>>> writeBlob call: this=0x7fffffffc710, addr=0xffff0a08, p=0x7fffffffc75c, size=4
Error in testing breakpoint condition:
No frame is currently executing in block gem5::PortProxy::writeBlob(unsigned long, void const*, int) const.

Breakpoint 1, gem5::PortProxy::writeBlob (this=0x7fffffffc710, addr=4294904332, p=0x7fffffffc75c, size=4) at src/mem/port_proxy.hh:192
192	    writeBlob(Addr addr, const void *p, int size) const
>>> writeBlob call: this=0x7fffffffc710, addr=0xffff0a0c, p=0x7fffffffc75c, size=4
Error in testing breakpoint condition:
No frame is currently executing in block gem5::PortProxy::writeBlob(unsigned long, void const*, int) const.

Breakpoint 1, gem5::PortProxy::writeBlob (this=0x7fffffffc710, addr=4294904336, p=0x7fffffffc75c, size=4) at src/mem/port_proxy.hh:192
192	    writeBlob(Addr addr, const void *p, int size) const
>>> writeBlob call: this=0x7fffffffc710, addr=0xffff0a10, p=0x7fffffffc75c, size=4
Error in testing breakpoint condition:
No frame is currently executing in block gem5::PortProxy::writeBlob(unsigned long, void const*, int) const.

Breakpoint 1, gem5::PortProxy::writeBlob (this=0x7fffffffc710, addr=4294904340, p=0x7fffffffc75c, size=4) at src/mem/port_proxy.hh:192
192	    writeBlob(Addr addr, const void *p, int size) const
>>> writeBlob call: this=0x7fffffffc710, addr=0xffff0a14, p=0x7fffffffc75c, size=4
Error in testing breakpoint condition:
No frame is currently executing in block gem5::PortProxy::writeBlob(unsigned long, void const*, int) const.

Breakpoint 1, gem5::PortProxy::writeBlob (this=0x7fffffffc710, addr=4294904344, p=0x7fffffffc75c, size=4) at src/mem/port_proxy.hh:192
192	    writeBlob(Addr addr, const void *p, int size) const
>>> writeBlob call: this=0x7fffffffc710, addr=0xffff0a18, p=0x7fffffffc75c, size=4
Error in testing breakpoint condition:
No frame is currently executing in block gem5::PortProxy::writeBlob(unsigned long, void const*, int) const.

Breakpoint 1, gem5::PortProxy::writeBlob (this=0x7fffffffc710, addr=4294904348, p=0x7fffffffc75c, size=4) at src/mem/port_proxy.hh:192
192	    writeBlob(Addr addr, const void *p, int size) const
>>> writeBlob call: this=0x7fffffffc710, addr=0xffff0a1c, p=0x7fffffffc75c, size=4
Error in testing breakpoint condition:
No frame is currently executing in block gem5::PortProxy::writeBlob(unsigned long, void const*, int) const.

Breakpoint 1, gem5::PortProxy::writeBlob (this=0x7fffffffc710, addr=4294904352, p=0x7fffffffc75c, size=4) at src/mem/port_proxy.hh:192
192	    writeBlob(Addr addr, const void *p, int size) const
>>> writeBlob call: this=0x7fffffffc710, addr=0xffff0a20, p=0x7fffffffc75c, size=4
Error in testing breakpoint condition:
No frame is currently executing in block gem5::PortProxy::writeBlob(unsigned long, void const*, int) const.

Breakpoint 1, gem5::PortProxy::writeBlob (this=0x7fffffffc710, addr=4294904356, p=0x7fffffffc75c, size=4) at src/mem/port_proxy.hh:192
192	    writeBlob(Addr addr, const void *p, int size) const
>>> writeBlob call: this=0x7fffffffc710, addr=0xffff0a24, p=0x7fffffffc75c, size=4
Error in testing breakpoint condition:
No frame is currently executing in block gem5::PortProxy::writeBlob(unsigned long, void const*, int) const.

Breakpoint 1, gem5::PortProxy::writeBlob (this=0x7fffffffc710, addr=4294904360, p=0x7fffffffc75c, size=4) at src/mem/port_proxy.hh:192
192	    writeBlob(Addr addr, const void *p, int size) const
>>> writeBlob call: this=0x7fffffffc710, addr=0xffff0a28, p=0x7fffffffc75c, size=4
Error in testing breakpoint condition:
No frame is currently executing in block gem5::PortProxy::writeBlob(unsigned long, void const*, int) const.

Breakpoint 1, gem5::PortProxy::writeBlob (this=0x7fffffffc710, addr=4294904364, p=0x7fffffffc75c, size=4) at src/mem/port_proxy.hh:192
192	    writeBlob(Addr addr, const void *p, int size) const
>>> writeBlob call: this=0x7fffffffc710, addr=0xffff0a2c, p=0x7fffffffc75c, size=4
Error in testing breakpoint condition:
No frame is currently executing in block gem5::PortProxy::writeBlob(unsigned long, void const*, int) const.

Breakpoint 1, gem5::PortProxy::writeBlob (this=0x7fffffffc710, addr=4294904368, p=0x7fffffffc75c, size=4) at src/mem/port_proxy.hh:192
192	    writeBlob(Addr addr, const void *p, int size) const
>>> writeBlob call: this=0x7fffffffc710, addr=0xffff0a30, p=0x7fffffffc75c, size=4
Error in testing breakpoint condition:
No frame is currently executing in block gem5::PortProxy::writeBlob(unsigned long, void const*, int) const.

Breakpoint 1, gem5::PortProxy::writeBlob (this=0x7fffffffc710, addr=4294904372, p=0x7fffffffc75c, size=4) at src/mem/port_proxy.hh:192
192	    writeBlob(Addr addr, const void *p, int size) const
>>> writeBlob call: this=0x7fffffffc710, addr=0xffff0a34, p=0x7fffffffc75c, size=4
Error in testing breakpoint condition:
No frame is currently executing in block gem5::PortProxy::writeBlob(unsigned long, void const*, int) const.

Breakpoint 1, gem5::PortProxy::writeBlob (this=0x7fffffffc710, addr=4294904376, p=0x7fffffffc75c, size=4) at src/mem/port_proxy.hh:192
192	    writeBlob(Addr addr, const void *p, int size) const
>>> writeBlob call: this=0x7fffffffc710, addr=0xffff0a38, p=0x7fffffffc75c, size=4
Error in testing breakpoint condition:
No frame is currently executing in block gem5::PortProxy::writeBlob(unsigned long, void const*, int) const.

Breakpoint 1, gem5::PortProxy::writeBlob (this=0x7fffffffc710, addr=4294904380, p=0x7fffffffc75c, size=4) at src/mem/port_proxy.hh:192
192	    writeBlob(Addr addr, const void *p, int size) const
>>> writeBlob call: this=0x7fffffffc710, addr=0xffff0a3c, p=0x7fffffffc75c, size=4
Error in testing breakpoint condition:
No frame is currently executing in block gem5::PortProxy::writeBlob(unsigned long, void const*, int) const.

Breakpoint 1, gem5::PortProxy::writeBlob (this=0x7fffffffc710, addr=4294904384, p=0x7fffffffc75c, size=4) at src/mem/port_proxy.hh:192
192	    writeBlob(Addr addr, const void *p, int size) const
>>> writeBlob call: this=0x7fffffffc710, addr=0xffff0a40, p=0x7fffffffc75c, size=4
Error in testing breakpoint condition:
No frame is currently executing in block gem5::PortProxy::writeBlob(unsigned long, void const*, int) const.

Breakpoint 1, gem5::PortProxy::writeBlob (this=0x7fffffffc710, addr=4294904388, p=0x7fffffffc75c, size=4) at src/mem/port_proxy.hh:192
192	    writeBlob(Addr addr, const void *p, int size) const
>>> writeBlob call: this=0x7fffffffc710, addr=0xffff0a44, p=0x7fffffffc75c, size=4
Error in testing breakpoint condition:
No frame is currently executing in block gem5::PortProxy::writeBlob(unsigned long, void const*, int) const.

Breakpoint 1, gem5::PortProxy::writeBlob (this=0x7fffffffc710, addr=4294904392, p=0x7fffffffc75c, size=4) at src/mem/port_proxy.hh:192
192	    writeBlob(Addr addr, const void *p, int size) const
>>> writeBlob call: this=0x7fffffffc710, addr=0xffff0a48, p=0x7fffffffc75c, size=4
Error in testing breakpoint condition:
No frame is currently executing in block gem5::PortProxy::writeBlob(unsigned long, void const*, int) const.

Breakpoint 1, gem5::PortProxy::writeBlob (this=0x7fffffffc710, addr=4294904396, p=0x7fffffffc75c, size=4) at src/mem/port_proxy.hh:192
192	    writeBlob(Addr addr, const void *p, int size) const
>>> writeBlob call: this=0x7fffffffc710, addr=0xffff0a4c, p=0x7fffffffc75c, size=4
Error in testing breakpoint condition:
No frame is currently executing in block gem5::PortProxy::writeBlob(unsigned long, void const*, int) const.

Breakpoint 1, gem5::PortProxy::writeBlob (this=0x7fffffffc710, addr=4294904400, p=0x7fffffffc75c, size=4) at src/mem/port_proxy.hh:192
192	    writeBlob(Addr addr, const void *p, int size) const
>>> writeBlob call: this=0x7fffffffc710, addr=0xffff0a50, p=0x7fffffffc75c, size=4
Error in testing breakpoint condition:
No frame is currently executing in block gem5::PortProxy::writeBlob(unsigned long, void const*, int) const.

Breakpoint 1, gem5::PortProxy::writeBlob (this=0x7fffffffc710, addr=4294904404, p=0x7fffffffc75c, size=4) at src/mem/port_proxy.hh:192
192	    writeBlob(Addr addr, const void *p, int size) const
>>> writeBlob call: this=0x7fffffffc710, addr=0xffff0a54, p=0x7fffffffc75c, size=4
Error in testing breakpoint condition:
No frame is currently executing in block gem5::PortProxy::writeBlob(unsigned long, void const*, int) const.

Breakpoint 1, gem5::PortProxy::writeBlob (this=0x7fffffffc710, addr=4294904408, p=0x7fffffffc75c, size=4) at src/mem/port_proxy.hh:192
192	    writeBlob(Addr addr, const void *p, int size) const
>>> writeBlob call: this=0x7fffffffc710, addr=0xffff0a58, p=0x7fffffffc75c, size=4
Error in testing breakpoint condition:
No frame is currently executing in block gem5::PortProxy::writeBlob(unsigned long, void const*, int) const.

Breakpoint 1, gem5::PortProxy::writeBlob (this=0x7fffffffc710, addr=4294904412, p=0x7fffffffc75c, size=4) at src/mem/port_proxy.hh:192
192	    writeBlob(Addr addr, const void *p, int size) const
>>> writeBlob call: this=0x7fffffffc710, addr=0xffff0a5c, p=0x7fffffffc75c, size=4
Error in testing breakpoint condition:
No frame is currently executing in block gem5::PortProxy::writeBlob(unsigned long, void const*, int) const.

Breakpoint 1, gem5::PortProxy::writeBlob (this=0x7fffffffc710, addr=4294904416, p=0x7fffffffc75c, size=4) at src/mem/port_proxy.hh:192
192	    writeBlob(Addr addr, const void *p, int size) const
>>> writeBlob call: this=0x7fffffffc710, addr=0xffff0a60, p=0x7fffffffc75c, size=4
Error in testing breakpoint condition:
No frame is currently executing in block gem5::PortProxy::writeBlob(unsigned long, void const*, int) const.

Breakpoint 1, gem5::PortProxy::writeBlob (this=0x7fffffffc710, addr=4294904420, p=0x7fffffffc75c, size=4) at src/mem/port_proxy.hh:192
192	    writeBlob(Addr addr, const void *p, int size) const
>>> writeBlob call: this=0x7fffffffc710, addr=0xffff0a64, p=0x7fffffffc75c, size=4
Error in testing breakpoint condition:
No frame is currently executing in block gem5::PortProxy::writeBlob(unsigned long, void const*, int) const.

Breakpoint 1, gem5::PortProxy::writeBlob (this=0x7fffffffc710, addr=4294904424, p=0x7fffffffc75c, size=4) at src/mem/port_proxy.hh:192
192	    writeBlob(Addr addr, const void *p, int size) const
>>> writeBlob call: this=0x7fffffffc710, addr=0xffff0a68, p=0x7fffffffc75c, size=4
Error in testing breakpoint condition:
No frame is currently executing in block gem5::PortProxy::writeBlob(unsigned long, void const*, int) const.

Breakpoint 1, gem5::PortProxy::writeBlob (this=0x7fffffffc710, addr=4294904428, p=0x7fffffffc75c, size=4) at src/mem/port_proxy.hh:192
192	    writeBlob(Addr addr, const void *p, int size) const
>>> writeBlob call: this=0x7fffffffc710, addr=0xffff0a6c, p=0x7fffffffc75c, size=4
Error in testing breakpoint condition:
No frame is currently executing in block gem5::PortProxy::writeBlob(unsigned long, void const*, int) const.

Breakpoint 1, gem5::PortProxy::writeBlob (this=0x7fffffffc710, addr=4294904432, p=0x7fffffffc75c, size=4) at src/mem/port_proxy.hh:192
192	    writeBlob(Addr addr, const void *p, int size) const
>>> writeBlob call: this=0x7fffffffc710, addr=0xffff0a70, p=0x7fffffffc75c, size=4
Error in testing breakpoint condition:
No frame is currently executing in block gem5::PortProxy::writeBlob(unsigned long, void const*, int) const.

Breakpoint 1, gem5::PortProxy::writeBlob (this=0x7fffffffc710, addr=4294904436, p=0x7fffffffc75c, size=4) at src/mem/port_proxy.hh:192
192	    writeBlob(Addr addr, const void *p, int size) const
>>> writeBlob call: this=0x7fffffffc710, addr=0xffff0a74, p=0x7fffffffc75c, size=4
Error in testing breakpoint condition:
No frame is currently executing in block gem5::PortProxy::writeBlob(unsigned long, void const*, int) const.

Breakpoint 1, gem5::PortProxy::writeBlob (this=0x7fffffffc710, addr=4294904440, p=0x7fffffffc75c, size=4) at src/mem/port_proxy.hh:192
192	    writeBlob(Addr addr, const void *p, int size) const
>>> writeBlob call: this=0x7fffffffc710, addr=0xffff0a78, p=0x7fffffffc75c, size=4
Error in testing breakpoint condition:
No frame is currently executing in block gem5::PortProxy::writeBlob(unsigned long, void const*, int) const.

Breakpoint 1, gem5::PortProxy::writeBlob (this=0x7fffffffc710, addr=4294904444, p=0x7fffffffc75c, size=4) at src/mem/port_proxy.hh:192
192	    writeBlob(Addr addr, const void *p, int size) const
>>> writeBlob call: this=0x7fffffffc710, addr=0xffff0a7c, p=0x7fffffffc75c, size=4
Error in testing breakpoint condition:
No frame is currently executing in block gem5::PortProxy::writeBlob(unsigned long, void const*, int) const.

Breakpoint 1, gem5::PortProxy::writeBlob (this=0x7fffffffc710, addr=4294904448, p=0x7fffffffc75c, size=4) at src/mem/port_proxy.hh:192
192	    writeBlob(Addr addr, const void *p, int size) const
>>> writeBlob call: this=0x7fffffffc710, addr=0xffff0a80, p=0x7fffffffc75c, size=4
Error in testing breakpoint condition:
No frame is currently executing in block gem5::PortProxy::writeBlob(unsigned long, void const*, int) const.

Breakpoint 1, gem5::PortProxy::writeBlob (this=0x7fffffffc710, addr=4294904452, p=0x7fffffffc75c, size=4) at src/mem/port_proxy.hh:192
192	    writeBlob(Addr addr, const void *p, int size) const
>>> writeBlob call: this=0x7fffffffc710, addr=0xffff0a84, p=0x7fffffffc75c, size=4
Error in testing breakpoint condition:
No frame is currently executing in block gem5::PortProxy::writeBlob(unsigned long, void const*, int) const.

Breakpoint 1, gem5::PortProxy::writeBlob (this=0x7fffffffc710, addr=4294904456, p=0x7fffffffc75c, size=4) at src/mem/port_proxy.hh:192
192	    writeBlob(Addr addr, const void *p, int size) const
>>> writeBlob call: this=0x7fffffffc710, addr=0xffff0a88, p=0x7fffffffc75c, size=4
Error in testing breakpoint condition:
No frame is currently executing in block gem5::PortProxy::writeBlob(unsigned long, void const*, int) const.

Breakpoint 1, gem5::PortProxy::writeBlob (this=0x7fffffffc710, addr=4294904460, p=0x7fffffffc75c, size=4) at src/mem/port_proxy.hh:192
192	    writeBlob(Addr addr, const void *p, int size) const
>>> writeBlob call: this=0x7fffffffc710, addr=0xffff0a8c, p=0x7fffffffc75c, size=4
Error in testing breakpoint condition:
No frame is currently executing in block gem5::PortProxy::writeBlob(unsigned long, void const*, int) const.

Breakpoint 1, gem5::PortProxy::writeBlob (this=0x7fffffffc710, addr=4294904464, p=0x7fffffffc75c, size=4) at src/mem/port_proxy.hh:192
192	    writeBlob(Addr addr, const void *p, int size) const
>>> writeBlob call: this=0x7fffffffc710, addr=0xffff0a90, p=0x7fffffffc75c, size=4
Error in testing breakpoint condition:
No frame is currently executing in block gem5::PortProxy::writeBlob(unsigned long, void const*, int) const.

Breakpoint 1, gem5::PortProxy::writeBlob (this=0x7fffffffc710, addr=4294904468, p=0x7fffffffc75c, size=4) at src/mem/port_proxy.hh:192
192	    writeBlob(Addr addr, const void *p, int size) const
>>> writeBlob call: this=0x7fffffffc710, addr=0xffff0a94, p=0x7fffffffc75c, size=4
Error in testing breakpoint condition:
No frame is currently executing in block gem5::PortProxy::writeBlob(unsigned long, void const*, int) const.

Breakpoint 1, gem5::PortProxy::writeBlob (this=0x7fffffffc710, addr=4294904472, p=0x7fffffffc75c, size=4) at src/mem/port_proxy.hh:192
192	    writeBlob(Addr addr, const void *p, int size) const
>>> writeBlob call: this=0x7fffffffc710, addr=0xffff0a98, p=0x7fffffffc75c, size=4
Error in testing breakpoint condition:
No frame is currently executing in block gem5::PortProxy::writeBlob(unsigned long, void const*, int) const.

Breakpoint 1, gem5::PortProxy::writeBlob (this=0x7fffffffc710, addr=4294904476, p=0x7fffffffc75c, size=4) at src/mem/port_proxy.hh:192
192	    writeBlob(Addr addr, const void *p, int size) const
>>> writeBlob call: this=0x7fffffffc710, addr=0xffff0a9c, p=0x7fffffffc75c, size=4
Error in testing breakpoint condition:
No frame is currently executing in block gem5::PortProxy::writeBlob(unsigned long, void const*, int) const.

Breakpoint 1, gem5::PortProxy::writeBlob (this=0x7fffffffc710, addr=4294904480, p=0x7fffffffc75c, size=4) at src/mem/port_proxy.hh:192
192	    writeBlob(Addr addr, const void *p, int size) const
>>> writeBlob call: this=0x7fffffffc710, addr=0xffff0aa0, p=0x7fffffffc75c, size=4
Error in testing breakpoint condition:
No frame is currently executing in block gem5::PortProxy::writeBlob(unsigned long, void const*, int) const.

Breakpoint 1, gem5::PortProxy::writeBlob (this=0x7fffffffc710, addr=4294904484, p=0x7fffffffc75c, size=4) at src/mem/port_proxy.hh:192
192	    writeBlob(Addr addr, const void *p, int size) const
>>> writeBlob call: this=0x7fffffffc710, addr=0xffff0aa4, p=0x7fffffffc75c, size=4
Error in testing breakpoint condition:
No frame is currently executing in block gem5::PortProxy::writeBlob(unsigned long, void const*, int) const.

Breakpoint 1, gem5::PortProxy::writeBlob (this=0x7fffffffc710, addr=4294904488, p=0x7fffffffc75c, size=4) at src/mem/port_proxy.hh:192
192	    writeBlob(Addr addr, const void *p, int size) const
>>> writeBlob call: this=0x7fffffffc710, addr=0xffff0aa8, p=0x7fffffffc75c, size=4
Error in testing breakpoint condition:
No frame is currently executing in block gem5::PortProxy::writeBlob(unsigned long, void const*, int) const.

Breakpoint 1, gem5::PortProxy::writeBlob (this=0x7fffffffc710, addr=4294904492, p=0x7fffffffc75c, size=4) at src/mem/port_proxy.hh:192
192	    writeBlob(Addr addr, const void *p, int size) const
>>> writeBlob call: this=0x7fffffffc710, addr=0xffff0aac, p=0x7fffffffc75c, size=4
Error in testing breakpoint condition:
No frame is currently executing in block gem5::PortProxy::writeBlob(unsigned long, void const*, int) const.

Breakpoint 1, gem5::PortProxy::writeBlob (this=0x7fffffffc710, addr=4294904496, p=0x7fffffffc75c, size=4) at src/mem/port_proxy.hh:192
192	    writeBlob(Addr addr, const void *p, int size) const
>>> writeBlob call: this=0x7fffffffc710, addr=0xffff0ab0, p=0x7fffffffc75c, size=4
Error in testing breakpoint condition:
No frame is currently executing in block gem5::PortProxy::writeBlob(unsigned long, void const*, int) const.

Breakpoint 1, gem5::PortProxy::writeBlob (this=0x7fffffffc710, addr=4294904500, p=0x7fffffffc75c, size=4) at src/mem/port_proxy.hh:192
192	    writeBlob(Addr addr, const void *p, int size) const
>>> writeBlob call: this=0x7fffffffc710, addr=0xffff0ab4, p=0x7fffffffc75c, size=4
Error in testing breakpoint condition:
No frame is currently executing in block gem5::PortProxy::writeBlob(unsigned long, void const*, int) const.

Breakpoint 1, gem5::PortProxy::writeBlob (this=0x7fffffffc710, addr=4294904504, p=0x7fffffffc75c, size=4) at src/mem/port_proxy.hh:192
192	    writeBlob(Addr addr, const void *p, int size) const
>>> writeBlob call: this=0x7fffffffc710, addr=0xffff0ab8, p=0x7fffffffc75c, size=4
Error in testing breakpoint condition:
No frame is currently executing in block gem5::PortProxy::writeBlob(unsigned long, void const*, int) const.

Breakpoint 1, gem5::PortProxy::writeBlob (this=0x7fffffffc710, addr=4294904508, p=0x7fffffffc75c, size=4) at src/mem/port_proxy.hh:192
192	    writeBlob(Addr addr, const void *p, int size) const
>>> writeBlob call: this=0x7fffffffc710, addr=0xffff0abc, p=0x7fffffffc75c, size=4
Error in testing breakpoint condition:
No frame is currently executing in block gem5::PortProxy::writeBlob(unsigned long, void const*, int) const.

Breakpoint 1, gem5::PortProxy::writeBlob (this=0x7fffffffc710, addr=4294904512, p=0x7fffffffc75c, size=4) at src/mem/port_proxy.hh:192
192	    writeBlob(Addr addr, const void *p, int size) const
>>> writeBlob call: this=0x7fffffffc710, addr=0xffff0ac0, p=0x7fffffffc75c, size=4
Error in testing breakpoint condition:
No frame is currently executing in block gem5::PortProxy::writeBlob(unsigned long, void const*, int) const.

Breakpoint 1, gem5::PortProxy::writeBlob (this=0x7fffffffc710, addr=4294904516, p=0x7fffffffc75c, size=4) at src/mem/port_proxy.hh:192
192	    writeBlob(Addr addr, const void *p, int size) const
>>> writeBlob call: this=0x7fffffffc710, addr=0xffff0ac4, p=0x7fffffffc75c, size=4
Error in testing breakpoint condition:
No frame is currently executing in block gem5::PortProxy::writeBlob(unsigned long, void const*, int) const.

Breakpoint 1, gem5::PortProxy::writeBlob (this=0x7fffffffc710, addr=4294904520, p=0x7fffffffc75c, size=4) at src/mem/port_proxy.hh:192
192	    writeBlob(Addr addr, const void *p, int size) const
>>> writeBlob call: this=0x7fffffffc710, addr=0xffff0ac8, p=0x7fffffffc75c, size=4
Error in testing breakpoint condition:
No frame is currently executing in block gem5::PortProxy::writeBlob(unsigned long, void const*, int) const.

Breakpoint 1, gem5::PortProxy::writeBlob (this=0x7fffffffc710, addr=4294904524, p=0x7fffffffc75c, size=4) at src/mem/port_proxy.hh:192
192	    writeBlob(Addr addr, const void *p, int size) const
>>> writeBlob call: this=0x7fffffffc710, addr=0xffff0acc, p=0x7fffffffc75c, size=4
Error in testing breakpoint condition:
No frame is currently executing in block gem5::PortProxy::writeBlob(unsigned long, void const*, int) const.

Breakpoint 1, gem5::PortProxy::writeBlob (this=0x7fffffffc710, addr=4294904528, p=0x7fffffffc75c, size=4) at src/mem/port_proxy.hh:192
192	    writeBlob(Addr addr, const void *p, int size) const
>>> writeBlob call: this=0x7fffffffc710, addr=0xffff0ad0, p=0x7fffffffc75c, size=4
Error in testing breakpoint condition:
No frame is currently executing in block gem5::PortProxy::writeBlob(unsigned long, void const*, int) const.

Breakpoint 1, gem5::PortProxy::writeBlob (this=0x7fffffffc710, addr=4294904532, p=0x7fffffffc75c, size=4) at src/mem/port_proxy.hh:192
192	    writeBlob(Addr addr, const void *p, int size) const
>>> writeBlob call: this=0x7fffffffc710, addr=0xffff0ad4, p=0x7fffffffc75c, size=4
Error in testing breakpoint condition:
No frame is currently executing in block gem5::PortProxy::writeBlob(unsigned long, void const*, int) const.

Breakpoint 1, gem5::PortProxy::writeBlob (this=0x7fffffffc710, addr=4294904536, p=0x7fffffffc75c, size=4) at src/mem/port_proxy.hh:192
192	    writeBlob(Addr addr, const void *p, int size) const
>>> writeBlob call: this=0x7fffffffc710, addr=0xffff0ad8, p=0x7fffffffc75c, size=4
Error in testing breakpoint condition:
No frame is currently executing in block gem5::PortProxy::writeBlob(unsigned long, void const*, int) const.

Breakpoint 1, gem5::PortProxy::writeBlob (this=0x7fffffffc710, addr=4294904540, p=0x7fffffffc75c, size=4) at src/mem/port_proxy.hh:192
192	    writeBlob(Addr addr, const void *p, int size) const
>>> writeBlob call: this=0x7fffffffc710, addr=0xffff0adc, p=0x7fffffffc75c, size=4
Error in testing breakpoint condition:
No frame is currently executing in block gem5::PortProxy::writeBlob(unsigned long, void const*, int) const.

Breakpoint 1, gem5::PortProxy::writeBlob (this=0x7fffffffc710, addr=4294904544, p=0x7fffffffc75c, size=4) at src/mem/port_proxy.hh:192
192	    writeBlob(Addr addr, const void *p, int size) const
>>> writeBlob call: this=0x7fffffffc710, addr=0xffff0ae0, p=0x7fffffffc75c, size=4
Error in testing breakpoint condition:
No frame is currently executing in block gem5::PortProxy::writeBlob(unsigned long, void const*, int) const.

Breakpoint 1, gem5::PortProxy::writeBlob (this=0x7fffffffc710, addr=4294904548, p=0x7fffffffc75c, size=4) at src/mem/port_proxy.hh:192
192	    writeBlob(Addr addr, const void *p, int size) const
>>> writeBlob call: this=0x7fffffffc710, addr=0xffff0ae4, p=0x7fffffffc75c, size=4
Error in testing breakpoint condition:
No frame is currently executing in block gem5::PortProxy::writeBlob(unsigned long, void const*, int) const.

Breakpoint 1, gem5::PortProxy::writeBlob (this=0x7fffffffc710, addr=4294904552, p=0x7fffffffc75c, size=4) at src/mem/port_proxy.hh:192
192	    writeBlob(Addr addr, const void *p, int size) const
>>> writeBlob call: this=0x7fffffffc710, addr=0xffff0ae8, p=0x7fffffffc75c, size=4
Error in testing breakpoint condition:
No frame is currently executing in block gem5::PortProxy::writeBlob(unsigned long, void const*, int) const.

Breakpoint 1, gem5::PortProxy::writeBlob (this=0x7fffffffc710, addr=4294904556, p=0x7fffffffc75c, size=4) at src/mem/port_proxy.hh:192
192	    writeBlob(Addr addr, const void *p, int size) const
>>> writeBlob call: this=0x7fffffffc710, addr=0xffff0aec, p=0x7fffffffc75c, size=4
Error in testing breakpoint condition:
No frame is currently executing in block gem5::PortProxy::writeBlob(unsigned long, void const*, int) const.

Breakpoint 1, gem5::PortProxy::writeBlob (this=0x7fffffffc710, addr=4294904560, p=0x7fffffffc75c, size=4) at src/mem/port_proxy.hh:192
192	    writeBlob(Addr addr, const void *p, int size) const
>>> writeBlob call: this=0x7fffffffc710, addr=0xffff0af0, p=0x7fffffffc75c, size=4
Error in testing breakpoint condition:
No frame is currently executing in block gem5::PortProxy::writeBlob(unsigned long, void const*, int) const.

Breakpoint 1, gem5::PortProxy::writeBlob (this=0x7fffffffc710, addr=4294904564, p=0x7fffffffc75c, size=4) at src/mem/port_proxy.hh:192
192	    writeBlob(Addr addr, const void *p, int size) const
>>> writeBlob call: this=0x7fffffffc710, addr=0xffff0af4, p=0x7fffffffc75c, size=4
Error in testing breakpoint condition:
No frame is currently executing in block gem5::PortProxy::writeBlob(unsigned long, void const*, int) const.

Breakpoint 1, gem5::PortProxy::writeBlob (this=0x7fffffffc710, addr=4294904568, p=0x7fffffffc75c, size=4) at src/mem/port_proxy.hh:192
192	    writeBlob(Addr addr, const void *p, int size) const
>>> writeBlob call: this=0x7fffffffc710, addr=0xffff0af8, p=0x7fffffffc75c, size=4
Error in testing breakpoint condition:
No frame is currently executing in block gem5::PortProxy::writeBlob(unsigned long, void const*, int) const.

Breakpoint 1, gem5::PortProxy::writeBlob (this=0x7fffffffc710, addr=4294904572, p=0x7fffffffc75c, size=4) at src/mem/port_proxy.hh:192
192	    writeBlob(Addr addr, const void *p, int size) const
>>> writeBlob call: this=0x7fffffffc710, addr=0xffff0afc, p=0x7fffffffc75c, size=4
Error in testing breakpoint condition:
No frame is currently executing in block gem5::PortProxy::writeBlob(unsigned long, void const*, int) const.

Breakpoint 1, gem5::PortProxy::writeBlob (this=0x7fffffffc710, addr=4294904576, p=0x7fffffffc75c, size=4) at src/mem/port_proxy.hh:192
192	    writeBlob(Addr addr, const void *p, int size) const
>>> writeBlob call: this=0x7fffffffc710, addr=0xffff0b00, p=0x7fffffffc75c, size=4
Error in testing breakpoint condition:
No frame is currently executing in block gem5::PortProxy::writeBlob(unsigned long, void const*, int) const.

Breakpoint 1, gem5::PortProxy::writeBlob (this=0x7fffffffc710, addr=4294904580, p=0x7fffffffc75c, size=4) at src/mem/port_proxy.hh:192
192	    writeBlob(Addr addr, const void *p, int size) const
>>> writeBlob call: this=0x7fffffffc710, addr=0xffff0b04, p=0x7fffffffc75c, size=4
Error in testing breakpoint condition:
No frame is currently executing in block gem5::PortProxy::writeBlob(unsigned long, void const*, int) const.

Breakpoint 1, gem5::PortProxy::writeBlob (this=0x7fffffffc710, addr=4294904584, p=0x7fffffffc75c, size=4) at src/mem/port_proxy.hh:192
192	    writeBlob(Addr addr, const void *p, int size) const
>>> writeBlob call: this=0x7fffffffc710, addr=0xffff0b08, p=0x7fffffffc75c, size=4
Error in testing breakpoint condition:
No frame is currently executing in block gem5::PortProxy::writeBlob(unsigned long, void const*, int) const.

Breakpoint 1, gem5::PortProxy::writeBlob (this=0x7fffffffc710, addr=4294904588, p=0x7fffffffc75c, size=4) at src/mem/port_proxy.hh:192
192	    writeBlob(Addr addr, const void *p, int size) const
>>> writeBlob call: this=0x7fffffffc710, addr=0xffff0b0c, p=0x7fffffffc75c, size=4
Error in testing breakpoint condition:
No frame is currently executing in block gem5::PortProxy::writeBlob(unsigned long, void const*, int) const.

Breakpoint 1, gem5::PortProxy::writeBlob (this=0x7fffffffc710, addr=4294904592, p=0x7fffffffc75c, size=4) at src/mem/port_proxy.hh:192
192	    writeBlob(Addr addr, const void *p, int size) const
>>> writeBlob call: this=0x7fffffffc710, addr=0xffff0b10, p=0x7fffffffc75c, size=4
Error in testing breakpoint condition:
No frame is currently executing in block gem5::PortProxy::writeBlob(unsigned long, void const*, int) const.

Breakpoint 1, gem5::PortProxy::writeBlob (this=0x7fffffffc710, addr=4294904596, p=0x7fffffffc75c, size=4) at src/mem/port_proxy.hh:192
192	    writeBlob(Addr addr, const void *p, int size) const
>>> writeBlob call: this=0x7fffffffc710, addr=0xffff0b14, p=0x7fffffffc75c, size=4
Error in testing breakpoint condition:
No frame is currently executing in block gem5::PortProxy::writeBlob(unsigned long, void const*, int) const.

Breakpoint 1, gem5::PortProxy::writeBlob (this=0x7fffffffc710, addr=4294904600, p=0x7fffffffc75c, size=4) at src/mem/port_proxy.hh:192
192	    writeBlob(Addr addr, const void *p, int size) const
>>> writeBlob call: this=0x7fffffffc710, addr=0xffff0b18, p=0x7fffffffc75c, size=4
Error in testing breakpoint condition:
No frame is currently executing in block gem5::PortProxy::writeBlob(unsigned long, void const*, int) const.

Breakpoint 1, gem5::PortProxy::writeBlob (this=0x7fffffffc710, addr=4294904604, p=0x7fffffffc75c, size=4) at src/mem/port_proxy.hh:192
192	    writeBlob(Addr addr, const void *p, int size) const
>>> writeBlob call: this=0x7fffffffc710, addr=0xffff0b1c, p=0x7fffffffc75c, size=4
Error in testing breakpoint condition:
No frame is currently executing in block gem5::PortProxy::writeBlob(unsigned long, void const*, int) const.

Breakpoint 1, gem5::PortProxy::writeBlob (this=0x7fffffffc710, addr=4294904608, p=0x7fffffffc75c, size=4) at src/mem/port_proxy.hh:192
192	    writeBlob(Addr addr, const void *p, int size) const
>>> writeBlob call: this=0x7fffffffc710, addr=0xffff0b20, p=0x7fffffffc75c, size=4
Error in testing breakpoint condition:
No frame is currently executing in block gem5::PortProxy::writeBlob(unsigned long, void const*, int) const.

Breakpoint 1, gem5::PortProxy::writeBlob (this=0x7fffffffc710, addr=4294904612, p=0x7fffffffc75c, size=4) at src/mem/port_proxy.hh:192
192	    writeBlob(Addr addr, const void *p, int size) const
>>> writeBlob call: this=0x7fffffffc710, addr=0xffff0b24, p=0x7fffffffc75c, size=4
Error in testing breakpoint condition:
No frame is currently executing in block gem5::PortProxy::writeBlob(unsigned long, void const*, int) const.

Breakpoint 1, gem5::PortProxy::writeBlob (this=0x7fffffffc710, addr=4294904616, p=0x7fffffffc75c, size=4) at src/mem/port_proxy.hh:192
192	    writeBlob(Addr addr, const void *p, int size) const
>>> writeBlob call: this=0x7fffffffc710, addr=0xffff0b28, p=0x7fffffffc75c, size=4
Error in testing breakpoint condition:
No frame is currently executing in block gem5::PortProxy::writeBlob(unsigned long, void const*, int) const.

Breakpoint 1, gem5::PortProxy::writeBlob (this=0x7fffffffc710, addr=4294904620, p=0x7fffffffc75c, size=4) at src/mem/port_proxy.hh:192
192	    writeBlob(Addr addr, const void *p, int size) const
>>> writeBlob call: this=0x7fffffffc710, addr=0xffff0b2c, p=0x7fffffffc75c, size=4
Error in testing breakpoint condition:
No frame is currently executing in block gem5::PortProxy::writeBlob(unsigned long, void const*, int) const.

Breakpoint 1, gem5::PortProxy::writeBlob (this=0x7fffffffc710, addr=4294904624, p=0x7fffffffc75c, size=4) at src/mem/port_proxy.hh:192
192	    writeBlob(Addr addr, const void *p, int size) const
>>> writeBlob call: this=0x7fffffffc710, addr=0xffff0b30, p=0x7fffffffc75c, size=4
Error in testing breakpoint condition:
No frame is currently executing in block gem5::PortProxy::writeBlob(unsigned long, void const*, int) const.

Breakpoint 1, gem5::PortProxy::writeBlob (this=0x7fffffffc710, addr=4294904628, p=0x7fffffffc75c, size=4) at src/mem/port_proxy.hh:192
192	    writeBlob(Addr addr, const void *p, int size) const
>>> writeBlob call: this=0x7fffffffc710, addr=0xffff0b34, p=0x7fffffffc75c, size=4
Error in testing breakpoint condition:
No frame is currently executing in block gem5::PortProxy::writeBlob(unsigned long, void const*, int) const.

Breakpoint 1, gem5::PortProxy::writeBlob (this=0x7fffffffc710, addr=4294904632, p=0x7fffffffc75c, size=4) at src/mem/port_proxy.hh:192
192	    writeBlob(Addr addr, const void *p, int size) const
>>> writeBlob call: this=0x7fffffffc710, addr=0xffff0b38, p=0x7fffffffc75c, size=4
Error in testing breakpoint condition:
No frame is currently executing in block gem5::PortProxy::writeBlob(unsigned long, void const*, int) const.

Breakpoint 1, gem5::PortProxy::writeBlob (this=0x7fffffffc710, addr=4294904636, p=0x7fffffffc75c, size=4) at src/mem/port_proxy.hh:192
192	    writeBlob(Addr addr, const void *p, int size) const
>>> writeBlob call: this=0x7fffffffc710, addr=0xffff0b3c, p=0x7fffffffc75c, size=4
Error in testing breakpoint condition:
No frame is currently executing in block gem5::PortProxy::writeBlob(unsigned long, void const*, int) const.

Breakpoint 1, gem5::PortProxy::writeBlob (this=0x7fffffffc710, addr=4294904640, p=0x7fffffffc75c, size=4) at src/mem/port_proxy.hh:192
192	    writeBlob(Addr addr, const void *p, int size) const
>>> writeBlob call: this=0x7fffffffc710, addr=0xffff0b40, p=0x7fffffffc75c, size=4
Error in testing breakpoint condition:
No frame is currently executing in block gem5::PortProxy::writeBlob(unsigned long, void const*, int) const.

Breakpoint 1, gem5::PortProxy::writeBlob (this=0x7fffffffc710, addr=4294904644, p=0x7fffffffc75c, size=4) at src/mem/port_proxy.hh:192
192	    writeBlob(Addr addr, const void *p, int size) const
>>> writeBlob call: this=0x7fffffffc710, addr=0xffff0b44, p=0x7fffffffc75c, size=4
Error in testing breakpoint condition:
No frame is currently executing in block gem5::PortProxy::writeBlob(unsigned long, void const*, int) const.

Breakpoint 1, gem5::PortProxy::writeBlob (this=0x7fffffffc710, addr=4294904648, p=0x7fffffffc75c, size=4) at src/mem/port_proxy.hh:192
192	    writeBlob(Addr addr, const void *p, int size) const
>>> writeBlob call: this=0x7fffffffc710, addr=0xffff0b48, p=0x7fffffffc75c, size=4
Error in testing breakpoint condition:
No frame is currently executing in block gem5::PortProxy::writeBlob(unsigned long, void const*, int) const.

Breakpoint 1, gem5::PortProxy::writeBlob (this=0x7fffffffc710, addr=4294904652, p=0x7fffffffc75c, size=4) at src/mem/port_proxy.hh:192
192	    writeBlob(Addr addr, const void *p, int size) const
>>> writeBlob call: this=0x7fffffffc710, addr=0xffff0b4c, p=0x7fffffffc75c, size=4
Error in testing breakpoint condition:
No frame is currently executing in block gem5::PortProxy::writeBlob(unsigned long, void const*, int) const.

Breakpoint 1, gem5::PortProxy::writeBlob (this=0x7fffffffc710, addr=4294904656, p=0x7fffffffc75c, size=4) at src/mem/port_proxy.hh:192
192	    writeBlob(Addr addr, const void *p, int size) const
>>> writeBlob call: this=0x7fffffffc710, addr=0xffff0b50, p=0x7fffffffc75c, size=4
Error in testing breakpoint condition:
No frame is currently executing in block gem5::PortProxy::writeBlob(unsigned long, void const*, int) const.

Breakpoint 1, gem5::PortProxy::writeBlob (this=0x7fffffffc710, addr=4294904660, p=0x7fffffffc75c, size=4) at src/mem/port_proxy.hh:192
192	    writeBlob(Addr addr, const void *p, int size) const
>>> writeBlob call: this=0x7fffffffc710, addr=0xffff0b54, p=0x7fffffffc75c, size=4
Error in testing breakpoint condition:
No frame is currently executing in block gem5::PortProxy::writeBlob(unsigned long, void const*, int) const.

Breakpoint 1, gem5::PortProxy::writeBlob (this=0x7fffffffc710, addr=4294904664, p=0x7fffffffc75c, size=4) at src/mem/port_proxy.hh:192
192	    writeBlob(Addr addr, const void *p, int size) const
>>> writeBlob call: this=0x7fffffffc710, addr=0xffff0b58, p=0x7fffffffc75c, size=4
Error in testing breakpoint condition:
No frame is currently executing in block gem5::PortProxy::writeBlob(unsigned long, void const*, int) const.

Breakpoint 1, gem5::PortProxy::writeBlob (this=0x7fffffffc710, addr=4294904668, p=0x7fffffffc75c, size=4) at src/mem/port_proxy.hh:192
192	    writeBlob(Addr addr, const void *p, int size) const
>>> writeBlob call: this=0x7fffffffc710, addr=0xffff0b5c, p=0x7fffffffc75c, size=4
Error in testing breakpoint condition:
No frame is currently executing in block gem5::PortProxy::writeBlob(unsigned long, void const*, int) const.

Breakpoint 1, gem5::PortProxy::writeBlob (this=0x7fffffffc710, addr=4294904672, p=0x7fffffffc75c, size=4) at src/mem/port_proxy.hh:192
192	    writeBlob(Addr addr, const void *p, int size) const
>>> writeBlob call: this=0x7fffffffc710, addr=0xffff0b60, p=0x7fffffffc75c, size=4
Error in testing breakpoint condition:
No frame is currently executing in block gem5::PortProxy::writeBlob(unsigned long, void const*, int) const.

Breakpoint 1, gem5::PortProxy::writeBlob (this=0x7fffffffc710, addr=4294904676, p=0x7fffffffc75c, size=4) at src/mem/port_proxy.hh:192
192	    writeBlob(Addr addr, const void *p, int size) const
>>> writeBlob call: this=0x7fffffffc710, addr=0xffff0b64, p=0x7fffffffc75c, size=4
Error in testing breakpoint condition:
No frame is currently executing in block gem5::PortProxy::writeBlob(unsigned long, void const*, int) const.

Breakpoint 1, gem5::PortProxy::writeBlob (this=0x7fffffffc710, addr=4294904680, p=0x7fffffffc75c, size=4) at src/mem/port_proxy.hh:192
192	    writeBlob(Addr addr, const void *p, int size) const
>>> writeBlob call: this=0x7fffffffc710, addr=0xffff0b68, p=0x7fffffffc75c, size=4
Error in testing breakpoint condition:
No frame is currently executing in block gem5::PortProxy::writeBlob(unsigned long, void const*, int) const.

Breakpoint 1, gem5::PortProxy::writeBlob (this=0x7fffffffc710, addr=4294904684, p=0x7fffffffc75c, size=4) at src/mem/port_proxy.hh:192
192	    writeBlob(Addr addr, const void *p, int size) const
>>> writeBlob call: this=0x7fffffffc710, addr=0xffff0b6c, p=0x7fffffffc75c, size=4
Error in testing breakpoint condition:
No frame is currently executing in block gem5::PortProxy::writeBlob(unsigned long, void const*, int) const.

Breakpoint 1, gem5::PortProxy::writeBlob (this=0x7fffffffc710, addr=4294904688, p=0x7fffffffc75c, size=4) at src/mem/port_proxy.hh:192
192	    writeBlob(Addr addr, const void *p, int size) const
>>> writeBlob call: this=0x7fffffffc710, addr=0xffff0b70, p=0x7fffffffc75c, size=4
Error in testing breakpoint condition:
No frame is currently executing in block gem5::PortProxy::writeBlob(unsigned long, void const*, int) const.

Breakpoint 1, gem5::PortProxy::writeBlob (this=0x7fffffffc710, addr=4294904692, p=0x7fffffffc75c, size=4) at src/mem/port_proxy.hh:192
192	    writeBlob(Addr addr, const void *p, int size) const
>>> writeBlob call: this=0x7fffffffc710, addr=0xffff0b74, p=0x7fffffffc75c, size=4
Error in testing breakpoint condition:
No frame is currently executing in block gem5::PortProxy::writeBlob(unsigned long, void const*, int) const.

Breakpoint 1, gem5::PortProxy::writeBlob (this=0x7fffffffc710, addr=4294904696, p=0x7fffffffc75c, size=4) at src/mem/port_proxy.hh:192
192	    writeBlob(Addr addr, const void *p, int size) const
>>> writeBlob call: this=0x7fffffffc710, addr=0xffff0b78, p=0x7fffffffc75c, size=4
Error in testing breakpoint condition:
No frame is currently executing in block gem5::PortProxy::writeBlob(unsigned long, void const*, int) const.

Breakpoint 1, gem5::PortProxy::writeBlob (this=0x7fffffffc710, addr=4294904700, p=0x7fffffffc75c, size=4) at src/mem/port_proxy.hh:192
192	    writeBlob(Addr addr, const void *p, int size) const
>>> writeBlob call: this=0x7fffffffc710, addr=0xffff0b7c, p=0x7fffffffc75c, size=4
Error in testing breakpoint condition:
No frame is currently executing in block gem5::PortProxy::writeBlob(unsigned long, void const*, int) const.

Breakpoint 1, gem5::PortProxy::writeBlob (this=0x7fffffffc710, addr=4294904704, p=0x7fffffffc75c, size=4) at src/mem/port_proxy.hh:192
192	    writeBlob(Addr addr, const void *p, int size) const
>>> writeBlob call: this=0x7fffffffc710, addr=0xffff0b80, p=0x7fffffffc75c, size=4
Error in testing breakpoint condition:
No frame is currently executing in block gem5::PortProxy::writeBlob(unsigned long, void const*, int) const.

Breakpoint 1, gem5::PortProxy::writeBlob (this=0x7fffffffc710, addr=4294904708, p=0x7fffffffc75c, size=4) at src/mem/port_proxy.hh:192
192	    writeBlob(Addr addr, const void *p, int size) const
>>> writeBlob call: this=0x7fffffffc710, addr=0xffff0b84, p=0x7fffffffc75c, size=4
Error in testing breakpoint condition:
No frame is currently executing in block gem5::PortProxy::writeBlob(unsigned long, void const*, int) const.

Breakpoint 1, gem5::PortProxy::writeBlob (this=0x7fffffffc710, addr=4294904712, p=0x7fffffffc75c, size=4) at src/mem/port_proxy.hh:192
192	    writeBlob(Addr addr, const void *p, int size) const
>>> writeBlob call: this=0x7fffffffc710, addr=0xffff0b88, p=0x7fffffffc75c, size=4
Error in testing breakpoint condition:
No frame is currently executing in block gem5::PortProxy::writeBlob(unsigned long, void const*, int) const.

Breakpoint 1, gem5::PortProxy::writeBlob (this=0x7fffffffc710, addr=4294904716, p=0x7fffffffc75c, size=4) at src/mem/port_proxy.hh:192
192	    writeBlob(Addr addr, const void *p, int size) const
>>> writeBlob call: this=0x7fffffffc710, addr=0xffff0b8c, p=0x7fffffffc75c, size=4
Error in testing breakpoint condition:
No frame is currently executing in block gem5::PortProxy::writeBlob(unsigned long, void const*, int) const.

Breakpoint 1, gem5::PortProxy::writeBlob (this=0x7fffffffc710, addr=4294904720, p=0x7fffffffc75c, size=4) at src/mem/port_proxy.hh:192
192	    writeBlob(Addr addr, const void *p, int size) const
>>> writeBlob call: this=0x7fffffffc710, addr=0xffff0b90, p=0x7fffffffc75c, size=4
Error in testing breakpoint condition:
No frame is currently executing in block gem5::PortProxy::writeBlob(unsigned long, void const*, int) const.

Breakpoint 1, gem5::PortProxy::writeBlob (this=0x7fffffffc710, addr=4294904724, p=0x7fffffffc75c, size=4) at src/mem/port_proxy.hh:192
192	    writeBlob(Addr addr, const void *p, int size) const
>>> writeBlob call: this=0x7fffffffc710, addr=0xffff0b94, p=0x7fffffffc75c, size=4
Error in testing breakpoint condition:
No frame is currently executing in block gem5::PortProxy::writeBlob(unsigned long, void const*, int) const.

Breakpoint 1, gem5::PortProxy::writeBlob (this=0x7fffffffc710, addr=4294904728, p=0x7fffffffc75c, size=4) at src/mem/port_proxy.hh:192
192	    writeBlob(Addr addr, const void *p, int size) const
>>> writeBlob call: this=0x7fffffffc710, addr=0xffff0b98, p=0x7fffffffc75c, size=4
Error in testing breakpoint condition:
No frame is currently executing in block gem5::PortProxy::writeBlob(unsigned long, void const*, int) const.

Breakpoint 1, gem5::PortProxy::writeBlob (this=0x7fffffffc710, addr=4294904732, p=0x7fffffffc75c, size=4) at src/mem/port_proxy.hh:192
192	    writeBlob(Addr addr, const void *p, int size) const
>>> writeBlob call: this=0x7fffffffc710, addr=0xffff0b9c, p=0x7fffffffc75c, size=4
Error in testing breakpoint condition:
No frame is currently executing in block gem5::PortProxy::writeBlob(unsigned long, void const*, int) const.

Breakpoint 1, gem5::PortProxy::writeBlob (this=0x7fffffffc710, addr=4294904736, p=0x7fffffffc75c, size=4) at src/mem/port_proxy.hh:192
192	    writeBlob(Addr addr, const void *p, int size) const
>>> writeBlob call: this=0x7fffffffc710, addr=0xffff0ba0, p=0x7fffffffc75c, size=4
Error in testing breakpoint condition:
No frame is currently executing in block gem5::PortProxy::writeBlob(unsigned long, void const*, int) const.

Breakpoint 1, gem5::PortProxy::writeBlob (this=0x7fffffffc710, addr=4294904740, p=0x7fffffffc75c, size=4) at src/mem/port_proxy.hh:192
192	    writeBlob(Addr addr, const void *p, int size) const
>>> writeBlob call: this=0x7fffffffc710, addr=0xffff0ba4, p=0x7fffffffc75c, size=4
Error in testing breakpoint condition:
No frame is currently executing in block gem5::PortProxy::writeBlob(unsigned long, void const*, int) const.

Breakpoint 1, gem5::PortProxy::writeBlob (this=0x7fffffffc710, addr=4294904744, p=0x7fffffffc75c, size=4) at src/mem/port_proxy.hh:192
192	    writeBlob(Addr addr, const void *p, int size) const
>>> writeBlob call: this=0x7fffffffc710, addr=0xffff0ba8, p=0x7fffffffc75c, size=4
Error in testing breakpoint condition:
No frame is currently executing in block gem5::PortProxy::writeBlob(unsigned long, void const*, int) const.

Breakpoint 1, gem5::PortProxy::writeBlob (this=0x7fffffffc710, addr=4294904748, p=0x7fffffffc75c, size=4) at src/mem/port_proxy.hh:192
192	    writeBlob(Addr addr, const void *p, int size) const
>>> writeBlob call: this=0x7fffffffc710, addr=0xffff0bac, p=0x7fffffffc75c, size=4
Error in testing breakpoint condition:
No frame is currently executing in block gem5::PortProxy::writeBlob(unsigned long, void const*, int) const.

Breakpoint 1, gem5::PortProxy::writeBlob (this=0x7fffffffc710, addr=4294904752, p=0x7fffffffc75c, size=4) at src/mem/port_proxy.hh:192
192	    writeBlob(Addr addr, const void *p, int size) const
>>> writeBlob call: this=0x7fffffffc710, addr=0xffff0bb0, p=0x7fffffffc75c, size=4
Error in testing breakpoint condition:
No frame is currently executing in block gem5::PortProxy::writeBlob(unsigned long, void const*, int) const.

Breakpoint 1, gem5::PortProxy::writeBlob (this=0x7fffffffc710, addr=4294904756, p=0x7fffffffc75c, size=4) at src/mem/port_proxy.hh:192
192	    writeBlob(Addr addr, const void *p, int size) const
>>> writeBlob call: this=0x7fffffffc710, addr=0xffff0bb4, p=0x7fffffffc75c, size=4
Error in testing breakpoint condition:
No frame is currently executing in block gem5::PortProxy::writeBlob(unsigned long, void const*, int) const.

Breakpoint 1, gem5::PortProxy::writeBlob (this=0x7fffffffc710, addr=4294904760, p=0x7fffffffc75c, size=4) at src/mem/port_proxy.hh:192
192	    writeBlob(Addr addr, const void *p, int size) const
>>> writeBlob call: this=0x7fffffffc710, addr=0xffff0bb8, p=0x7fffffffc75c, size=4
Error in testing breakpoint condition:
No frame is currently executing in block gem5::PortProxy::writeBlob(unsigned long, void const*, int) const.

Breakpoint 1, gem5::PortProxy::writeBlob (this=0x7fffffffc710, addr=4294904764, p=0x7fffffffc75c, size=4) at src/mem/port_proxy.hh:192
192	    writeBlob(Addr addr, const void *p, int size) const
>>> writeBlob call: this=0x7fffffffc710, addr=0xffff0bbc, p=0x7fffffffc75c, size=4
Error in testing breakpoint condition:
No frame is currently executing in block gem5::PortProxy::writeBlob(unsigned long, void const*, int) const.

Breakpoint 1, gem5::PortProxy::writeBlob (this=0x7fffffffc710, addr=4294904768, p=0x7fffffffc75c, size=4) at src/mem/port_proxy.hh:192
192	    writeBlob(Addr addr, const void *p, int size) const
>>> writeBlob call: this=0x7fffffffc710, addr=0xffff0bc0, p=0x7fffffffc75c, size=4
Error in testing breakpoint condition:
No frame is currently executing in block gem5::PortProxy::writeBlob(unsigned long, void const*, int) const.

Breakpoint 1, gem5::PortProxy::writeBlob (this=0x7fffffffc710, addr=4294904772, p=0x7fffffffc75c, size=4) at src/mem/port_proxy.hh:192
192	    writeBlob(Addr addr, const void *p, int size) const
>>> writeBlob call: this=0x7fffffffc710, addr=0xffff0bc4, p=0x7fffffffc75c, size=4
Error in testing breakpoint condition:
No frame is currently executing in block gem5::PortProxy::writeBlob(unsigned long, void const*, int) const.

Breakpoint 1, gem5::PortProxy::writeBlob (this=0x7fffffffc710, addr=4294904776, p=0x7fffffffc75c, size=4) at src/mem/port_proxy.hh:192
192	    writeBlob(Addr addr, const void *p, int size) const
>>> writeBlob call: this=0x7fffffffc710, addr=0xffff0bc8, p=0x7fffffffc75c, size=4
Error in testing breakpoint condition:
No frame is currently executing in block gem5::PortProxy::writeBlob(unsigned long, void const*, int) const.

Breakpoint 1, gem5::PortProxy::writeBlob (this=0x7fffffffc710, addr=4294904780, p=0x7fffffffc75c, size=4) at src/mem/port_proxy.hh:192
192	    writeBlob(Addr addr, const void *p, int size) const
>>> writeBlob call: this=0x7fffffffc710, addr=0xffff0bcc, p=0x7fffffffc75c, size=4
Error in testing breakpoint condition:
No frame is currently executing in block gem5::PortProxy::writeBlob(unsigned long, void const*, int) const.

Breakpoint 1, gem5::PortProxy::writeBlob (this=0x7fffffffc710, addr=4294904784, p=0x7fffffffc75c, size=4) at src/mem/port_proxy.hh:192
192	    writeBlob(Addr addr, const void *p, int size) const
>>> writeBlob call: this=0x7fffffffc710, addr=0xffff0bd0, p=0x7fffffffc75c, size=4
Error in testing breakpoint condition:
No frame is currently executing in block gem5::PortProxy::writeBlob(unsigned long, void const*, int) const.

Breakpoint 1, gem5::PortProxy::writeBlob (this=0x7fffffffc710, addr=4294904788, p=0x7fffffffc75c, size=4) at src/mem/port_proxy.hh:192
192	    writeBlob(Addr addr, const void *p, int size) const
>>> writeBlob call: this=0x7fffffffc710, addr=0xffff0bd4, p=0x7fffffffc75c, size=4
Error in testing breakpoint condition:
No frame is currently executing in block gem5::PortProxy::writeBlob(unsigned long, void const*, int) const.

Breakpoint 1, gem5::PortProxy::writeBlob (this=0x7fffffffc710, addr=4294904792, p=0x7fffffffc75c, size=4) at src/mem/port_proxy.hh:192
192	    writeBlob(Addr addr, const void *p, int size) const
>>> writeBlob call: this=0x7fffffffc710, addr=0xffff0bd8, p=0x7fffffffc75c, size=4
Error in testing breakpoint condition:
No frame is currently executing in block gem5::PortProxy::writeBlob(unsigned long, void const*, int) const.

Breakpoint 1, gem5::PortProxy::writeBlob (this=0x7fffffffc710, addr=4294904796, p=0x7fffffffc75c, size=4) at src/mem/port_proxy.hh:192
192	    writeBlob(Addr addr, const void *p, int size) const
>>> writeBlob call: this=0x7fffffffc710, addr=0xffff0bdc, p=0x7fffffffc75c, size=4
Error in testing breakpoint condition:
No frame is currently executing in block gem5::PortProxy::writeBlob(unsigned long, void const*, int) const.

Breakpoint 1, gem5::PortProxy::writeBlob (this=0x7fffffffc710, addr=4294904800, p=0x7fffffffc75c, size=4) at src/mem/port_proxy.hh:192
192	    writeBlob(Addr addr, const void *p, int size) const
>>> writeBlob call: this=0x7fffffffc710, addr=0xffff0be0, p=0x7fffffffc75c, size=4
Error in testing breakpoint condition:
No frame is currently executing in block gem5::PortProxy::writeBlob(unsigned long, void const*, int) const.

Breakpoint 1, gem5::PortProxy::writeBlob (this=0x7fffffffc710, addr=4294904804, p=0x7fffffffc75c, size=4) at src/mem/port_proxy.hh:192
192	    writeBlob(Addr addr, const void *p, int size) const
>>> writeBlob call: this=0x7fffffffc710, addr=0xffff0be4, p=0x7fffffffc75c, size=4
Error in testing breakpoint condition:
No frame is currently executing in block gem5::PortProxy::writeBlob(unsigned long, void const*, int) const.

Breakpoint 1, gem5::PortProxy::writeBlob (this=0x7fffffffc710, addr=4294904808, p=0x7fffffffc75c, size=4) at src/mem/port_proxy.hh:192
192	    writeBlob(Addr addr, const void *p, int size) const
>>> writeBlob call: this=0x7fffffffc710, addr=0xffff0be8, p=0x7fffffffc75c, size=4
Error in testing breakpoint condition:
No frame is currently executing in block gem5::PortProxy::writeBlob(unsigned long, void const*, int) const.

Breakpoint 1, gem5::PortProxy::writeBlob (this=0x7fffffffc710, addr=4294904812, p=0x7fffffffc75c, size=4) at src/mem/port_proxy.hh:192
192	    writeBlob(Addr addr, const void *p, int size) const
>>> writeBlob call: this=0x7fffffffc710, addr=0xffff0bec, p=0x7fffffffc75c, size=4
Error in testing breakpoint condition:
No frame is currently executing in block gem5::PortProxy::writeBlob(unsigned long, void const*, int) const.

Breakpoint 1, gem5::PortProxy::writeBlob (this=0x7fffffffc710, addr=4294904816, p=0x7fffffffc75c, size=4) at src/mem/port_proxy.hh:192
192	    writeBlob(Addr addr, const void *p, int size) const
>>> writeBlob call: this=0x7fffffffc710, addr=0xffff0bf0, p=0x7fffffffc75c, size=4
Error in testing breakpoint condition:
No frame is currently executing in block gem5::PortProxy::writeBlob(unsigned long, void const*, int) const.

Breakpoint 1, gem5::PortProxy::writeBlob (this=0x7fffffffc710, addr=4294904820, p=0x7fffffffc75c, size=4) at src/mem/port_proxy.hh:192
192	    writeBlob(Addr addr, const void *p, int size) const
>>> writeBlob call: this=0x7fffffffc710, addr=0xffff0bf4, p=0x7fffffffc75c, size=4
Error in testing breakpoint condition:
No frame is currently executing in block gem5::PortProxy::writeBlob(unsigned long, void const*, int) const.

Breakpoint 1, gem5::PortProxy::writeBlob (this=0x7fffffffc710, addr=4294904824, p=0x7fffffffc75c, size=4) at src/mem/port_proxy.hh:192
192	    writeBlob(Addr addr, const void *p, int size) const
>>> writeBlob call: this=0x7fffffffc710, addr=0xffff0bf8, p=0x7fffffffc75c, size=4
Error in testing breakpoint condition:
No frame is currently executing in block gem5::PortProxy::writeBlob(unsigned long, void const*, int) const.

Breakpoint 1, gem5::PortProxy::writeBlob (this=0x7fffffffc710, addr=4294904828, p=0x7fffffffc75c, size=4) at src/mem/port_proxy.hh:192
192	    writeBlob(Addr addr, const void *p, int size) const
>>> writeBlob call: this=0x7fffffffc710, addr=0xffff0bfc, p=0x7fffffffc75c, size=4
Error in testing breakpoint condition:
No frame is currently executing in block gem5::PortProxy::writeBlob(unsigned long, void const*, int) const.

Breakpoint 1, gem5::PortProxy::writeBlob (this=0x7fffffffc710, addr=4294904832, p=0x7fffffffc75c, size=4) at src/mem/port_proxy.hh:192
192	    writeBlob(Addr addr, const void *p, int size) const
>>> writeBlob call: this=0x7fffffffc710, addr=0xffff0c00, p=0x7fffffffc75c, size=4
Error in testing breakpoint condition:
No frame is currently executing in block gem5::PortProxy::writeBlob(unsigned long, void const*, int) const.

Breakpoint 1, gem5::PortProxy::writeBlob (this=0x7fffffffc710, addr=4294904836, p=0x7fffffffc75c, size=4) at src/mem/port_proxy.hh:192
192	    writeBlob(Addr addr, const void *p, int size) const
>>> writeBlob call: this=0x7fffffffc710, addr=0xffff0c04, p=0x7fffffffc75c, size=4
Error in testing breakpoint condition:
No frame is currently executing in block gem5::PortProxy::writeBlob(unsigned long, void const*, int) const.

Breakpoint 1, gem5::PortProxy::writeBlob (this=0x7fffffffc710, addr=4294904840, p=0x7fffffffc75c, size=4) at src/mem/port_proxy.hh:192
192	    writeBlob(Addr addr, const void *p, int size) const
>>> writeBlob call: this=0x7fffffffc710, addr=0xffff0c08, p=0x7fffffffc75c, size=4
Error in testing breakpoint condition:
No frame is currently executing in block gem5::PortProxy::writeBlob(unsigned long, void const*, int) const.

Breakpoint 1, gem5::PortProxy::writeBlob (this=0x7fffffffc710, addr=4294904844, p=0x7fffffffc75c, size=4) at src/mem/port_proxy.hh:192
192	    writeBlob(Addr addr, const void *p, int size) const
>>> writeBlob call: this=0x7fffffffc710, addr=0xffff0c0c, p=0x7fffffffc75c, size=4
Error in testing breakpoint condition:
No frame is currently executing in block gem5::PortProxy::writeBlob(unsigned long, void const*, int) const.

Breakpoint 1, gem5::PortProxy::writeBlob (this=0x7fffffffc710, addr=4294904848, p=0x7fffffffc75c, size=4) at src/mem/port_proxy.hh:192
192	    writeBlob(Addr addr, const void *p, int size) const
>>> writeBlob call: this=0x7fffffffc710, addr=0xffff0c10, p=0x7fffffffc75c, size=4
Error in testing breakpoint condition:
No frame is currently executing in block gem5::PortProxy::writeBlob(unsigned long, void const*, int) const.

Breakpoint 1, gem5::PortProxy::writeBlob (this=0x7fffffffc710, addr=4294904852, p=0x7fffffffc75c, size=4) at src/mem/port_proxy.hh:192
192	    writeBlob(Addr addr, const void *p, int size) const
>>> writeBlob call: this=0x7fffffffc710, addr=0xffff0c14, p=0x7fffffffc75c, size=4
Error in testing breakpoint condition:
No frame is currently executing in block gem5::PortProxy::writeBlob(unsigned long, void const*, int) const.

Breakpoint 1, gem5::PortProxy::writeBlob (this=0x7fffffffc710, addr=4294904856, p=0x7fffffffc75c, size=4) at src/mem/port_proxy.hh:192
192	    writeBlob(Addr addr, const void *p, int size) const
>>> writeBlob call: this=0x7fffffffc710, addr=0xffff0c18, p=0x7fffffffc75c, size=4
Error in testing breakpoint condition:
No frame is currently executing in block gem5::PortProxy::writeBlob(unsigned long, void const*, int) const.

Breakpoint 1, gem5::PortProxy::writeBlob (this=0x7fffffffc710, addr=4294904860, p=0x7fffffffc75c, size=4) at src/mem/port_proxy.hh:192
192	    writeBlob(Addr addr, const void *p, int size) const
>>> writeBlob call: this=0x7fffffffc710, addr=0xffff0c1c, p=0x7fffffffc75c, size=4
Error in testing breakpoint condition:
No frame is currently executing in block gem5::PortProxy::writeBlob(unsigned long, void const*, int) const.

Breakpoint 1, gem5::PortProxy::writeBlob (this=0x7fffffffc710, addr=4294904864, p=0x7fffffffc75c, size=4) at src/mem/port_proxy.hh:192
192	    writeBlob(Addr addr, const void *p, int size) const
>>> writeBlob call: this=0x7fffffffc710, addr=0xffff0c20, p=0x7fffffffc75c, size=4
Error in testing breakpoint condition:
No frame is currently executing in block gem5::PortProxy::writeBlob(unsigned long, void const*, int) const.

Breakpoint 1, gem5::PortProxy::writeBlob (this=0x7fffffffc710, addr=4294904868, p=0x7fffffffc75c, size=4) at src/mem/port_proxy.hh:192
192	    writeBlob(Addr addr, const void *p, int size) const
>>> writeBlob call: this=0x7fffffffc710, addr=0xffff0c24, p=0x7fffffffc75c, size=4
Error in testing breakpoint condition:
No frame is currently executing in block gem5::PortProxy::writeBlob(unsigned long, void const*, int) const.

Breakpoint 1, gem5::PortProxy::writeBlob (this=0x7fffffffc710, addr=4294904872, p=0x7fffffffc75c, size=4) at src/mem/port_proxy.hh:192
192	    writeBlob(Addr addr, const void *p, int size) const
>>> writeBlob call: this=0x7fffffffc710, addr=0xffff0c28, p=0x7fffffffc75c, size=4
Error in testing breakpoint condition:
No frame is currently executing in block gem5::PortProxy::writeBlob(unsigned long, void const*, int) const.

Breakpoint 1, gem5::PortProxy::writeBlob (this=0x7fffffffc710, addr=4294904876, p=0x7fffffffc75c, size=4) at src/mem/port_proxy.hh:192
192	    writeBlob(Addr addr, const void *p, int size) const
>>> writeBlob call: this=0x7fffffffc710, addr=0xffff0c2c, p=0x7fffffffc75c, size=4
Error in testing breakpoint condition:
No frame is currently executing in block gem5::PortProxy::writeBlob(unsigned long, void const*, int) const.

Breakpoint 1, gem5::PortProxy::writeBlob (this=0x7fffffffc710, addr=4294904880, p=0x7fffffffc75c, size=4) at src/mem/port_proxy.hh:192
192	    writeBlob(Addr addr, const void *p, int size) const
>>> writeBlob call: this=0x7fffffffc710, addr=0xffff0c30, p=0x7fffffffc75c, size=4
Error in testing breakpoint condition:
No frame is currently executing in block gem5::PortProxy::writeBlob(unsigned long, void const*, int) const.

Breakpoint 1, gem5::PortProxy::writeBlob (this=0x7fffffffc710, addr=4294904884, p=0x7fffffffc75c, size=4) at src/mem/port_proxy.hh:192
192	    writeBlob(Addr addr, const void *p, int size) const
>>> writeBlob call: this=0x7fffffffc710, addr=0xffff0c34, p=0x7fffffffc75c, size=4
Error in testing breakpoint condition:
No frame is currently executing in block gem5::PortProxy::writeBlob(unsigned long, void const*, int) const.

Breakpoint 1, gem5::PortProxy::writeBlob (this=0x7fffffffc710, addr=4294904888, p=0x7fffffffc75c, size=4) at src/mem/port_proxy.hh:192
192	    writeBlob(Addr addr, const void *p, int size) const
>>> writeBlob call: this=0x7fffffffc710, addr=0xffff0c38, p=0x7fffffffc75c, size=4
Error in testing breakpoint condition:
No frame is currently executing in block gem5::PortProxy::writeBlob(unsigned long, void const*, int) const.

Breakpoint 1, gem5::PortProxy::writeBlob (this=0x7fffffffc710, addr=4294904892, p=0x7fffffffc75c, size=4) at src/mem/port_proxy.hh:192
192	    writeBlob(Addr addr, const void *p, int size) const
>>> writeBlob call: this=0x7fffffffc710, addr=0xffff0c3c, p=0x7fffffffc75c, size=4
Error in testing breakpoint condition:
No frame is currently executing in block gem5::PortProxy::writeBlob(unsigned long, void const*, int) const.

Breakpoint 1, gem5::PortProxy::writeBlob (this=0x7fffffffc710, addr=4294904896, p=0x7fffffffc75c, size=4) at src/mem/port_proxy.hh:192
192	    writeBlob(Addr addr, const void *p, int size) const
>>> writeBlob call: this=0x7fffffffc710, addr=0xffff0c40, p=0x7fffffffc75c, size=4
Error in testing breakpoint condition:
No frame is currently executing in block gem5::PortProxy::writeBlob(unsigned long, void const*, int) const.

Breakpoint 1, gem5::PortProxy::writeBlob (this=0x7fffffffc710, addr=4294904900, p=0x7fffffffc75c, size=4) at src/mem/port_proxy.hh:192
192	    writeBlob(Addr addr, const void *p, int size) const
>>> writeBlob call: this=0x7fffffffc710, addr=0xffff0c44, p=0x7fffffffc75c, size=4
Error in testing breakpoint condition:
No frame is currently executing in block gem5::PortProxy::writeBlob(unsigned long, void const*, int) const.

Breakpoint 1, gem5::PortProxy::writeBlob (this=0x7fffffffc710, addr=4294904904, p=0x7fffffffc75c, size=4) at src/mem/port_proxy.hh:192
192	    writeBlob(Addr addr, const void *p, int size) const
>>> writeBlob call: this=0x7fffffffc710, addr=0xffff0c48, p=0x7fffffffc75c, size=4
Error in testing breakpoint condition:
No frame is currently executing in block gem5::PortProxy::writeBlob(unsigned long, void const*, int) const.

Breakpoint 1, gem5::PortProxy::writeBlob (this=0x7fffffffc710, addr=4294904908, p=0x7fffffffc75c, size=4) at src/mem/port_proxy.hh:192
192	    writeBlob(Addr addr, const void *p, int size) const
>>> writeBlob call: this=0x7fffffffc710, addr=0xffff0c4c, p=0x7fffffffc75c, size=4
Error in testing breakpoint condition:
No frame is currently executing in block gem5::PortProxy::writeBlob(unsigned long, void const*, int) const.

Breakpoint 1, gem5::PortProxy::writeBlob (this=0x7fffffffc710, addr=4294904912, p=0x7fffffffc75c, size=4) at src/mem/port_proxy.hh:192
192	    writeBlob(Addr addr, const void *p, int size) const
>>> writeBlob call: this=0x7fffffffc710, addr=0xffff0c50, p=0x7fffffffc75c, size=4
Error in testing breakpoint condition:
No frame is currently executing in block gem5::PortProxy::writeBlob(unsigned long, void const*, int) const.

Breakpoint 1, gem5::PortProxy::writeBlob (this=0x7fffffffc710, addr=4294904916, p=0x7fffffffc75c, size=4) at src/mem/port_proxy.hh:192
192	    writeBlob(Addr addr, const void *p, int size) const
>>> writeBlob call: this=0x7fffffffc710, addr=0xffff0c54, p=0x7fffffffc75c, size=4
Error in testing breakpoint condition:
No frame is currently executing in block gem5::PortProxy::writeBlob(unsigned long, void const*, int) const.

Breakpoint 1, gem5::PortProxy::writeBlob (this=0x7fffffffc710, addr=4294904920, p=0x7fffffffc75c, size=4) at src/mem/port_proxy.hh:192
192	    writeBlob(Addr addr, const void *p, int size) const
>>> writeBlob call: this=0x7fffffffc710, addr=0xffff0c58, p=0x7fffffffc75c, size=4
Error in testing breakpoint condition:
No frame is currently executing in block gem5::PortProxy::writeBlob(unsigned long, void const*, int) const.

Breakpoint 1, gem5::PortProxy::writeBlob (this=0x7fffffffc710, addr=4294904924, p=0x7fffffffc75c, size=4) at src/mem/port_proxy.hh:192
192	    writeBlob(Addr addr, const void *p, int size) const
>>> writeBlob call: this=0x7fffffffc710, addr=0xffff0c5c, p=0x7fffffffc75c, size=4
Error in testing breakpoint condition:
No frame is currently executing in block gem5::PortProxy::writeBlob(unsigned long, void const*, int) const.

Breakpoint 1, gem5::PortProxy::writeBlob (this=0x7fffffffc710, addr=4294904928, p=0x7fffffffc75c, size=4) at src/mem/port_proxy.hh:192
192	    writeBlob(Addr addr, const void *p, int size) const
>>> writeBlob call: this=0x7fffffffc710, addr=0xffff0c60, p=0x7fffffffc75c, size=4
Error in testing breakpoint condition:
No frame is currently executing in block gem5::PortProxy::writeBlob(unsigned long, void const*, int) const.

Breakpoint 1, gem5::PortProxy::writeBlob (this=0x7fffffffc710, addr=4294904932, p=0x7fffffffc75c, size=4) at src/mem/port_proxy.hh:192
192	    writeBlob(Addr addr, const void *p, int size) const
>>> writeBlob call: this=0x7fffffffc710, addr=0xffff0c64, p=0x7fffffffc75c, size=4
Error in testing breakpoint condition:
No frame is currently executing in block gem5::PortProxy::writeBlob(unsigned long, void const*, int) const.

Breakpoint 1, gem5::PortProxy::writeBlob (this=0x7fffffffc710, addr=4294904936, p=0x7fffffffc75c, size=4) at src/mem/port_proxy.hh:192
192	    writeBlob(Addr addr, const void *p, int size) const
>>> writeBlob call: this=0x7fffffffc710, addr=0xffff0c68, p=0x7fffffffc75c, size=4
Error in testing breakpoint condition:
No frame is currently executing in block gem5::PortProxy::writeBlob(unsigned long, void const*, int) const.

Breakpoint 1, gem5::PortProxy::writeBlob (this=0x7fffffffc710, addr=4294904940, p=0x7fffffffc75c, size=4) at src/mem/port_proxy.hh:192
192	    writeBlob(Addr addr, const void *p, int size) const
>>> writeBlob call: this=0x7fffffffc710, addr=0xffff0c6c, p=0x7fffffffc75c, size=4
Error in testing breakpoint condition:
No frame is currently executing in block gem5::PortProxy::writeBlob(unsigned long, void const*, int) const.

Breakpoint 1, gem5::PortProxy::writeBlob (this=0x7fffffffc710, addr=4294904944, p=0x7fffffffc75c, size=4) at src/mem/port_proxy.hh:192
192	    writeBlob(Addr addr, const void *p, int size) const
>>> writeBlob call: this=0x7fffffffc710, addr=0xffff0c70, p=0x7fffffffc75c, size=4
Error in testing breakpoint condition:
No frame is currently executing in block gem5::PortProxy::writeBlob(unsigned long, void const*, int) const.

Breakpoint 1, gem5::PortProxy::writeBlob (this=0x7fffffffc710, addr=4294904948, p=0x7fffffffc75c, size=4) at src/mem/port_proxy.hh:192
192	    writeBlob(Addr addr, const void *p, int size) const
>>> writeBlob call: this=0x7fffffffc710, addr=0xffff0c74, p=0x7fffffffc75c, size=4
Error in testing breakpoint condition:
No frame is currently executing in block gem5::PortProxy::writeBlob(unsigned long, void const*, int) const.

Breakpoint 1, gem5::PortProxy::writeBlob (this=0x7fffffffc710, addr=4294904952, p=0x7fffffffc75c, size=4) at src/mem/port_proxy.hh:192
192	    writeBlob(Addr addr, const void *p, int size) const
>>> writeBlob call: this=0x7fffffffc710, addr=0xffff0c78, p=0x7fffffffc75c, size=4
Error in testing breakpoint condition:
No frame is currently executing in block gem5::PortProxy::writeBlob(unsigned long, void const*, int) const.

Breakpoint 1, gem5::PortProxy::writeBlob (this=0x7fffffffc710, addr=4294904956, p=0x7fffffffc75c, size=4) at src/mem/port_proxy.hh:192
192	    writeBlob(Addr addr, const void *p, int size) const
>>> writeBlob call: this=0x7fffffffc710, addr=0xffff0c7c, p=0x7fffffffc75c, size=4
Error in testing breakpoint condition:
No frame is currently executing in block gem5::PortProxy::writeBlob(unsigned long, void const*, int) const.

Breakpoint 1, gem5::PortProxy::writeBlob (this=0x7fffffffc710, addr=4294904960, p=0x7fffffffc75c, size=4) at src/mem/port_proxy.hh:192
192	    writeBlob(Addr addr, const void *p, int size) const
>>> writeBlob call: this=0x7fffffffc710, addr=0xffff0c80, p=0x7fffffffc75c, size=4
Error in testing breakpoint condition:
No frame is currently executing in block gem5::PortProxy::writeBlob(unsigned long, void const*, int) const.

Breakpoint 1, gem5::PortProxy::writeBlob (this=0x7fffffffc710, addr=4294904964, p=0x7fffffffc75c, size=4) at src/mem/port_proxy.hh:192
192	    writeBlob(Addr addr, const void *p, int size) const
>>> writeBlob call: this=0x7fffffffc710, addr=0xffff0c84, p=0x7fffffffc75c, size=4
Error in testing breakpoint condition:
No frame is currently executing in block gem5::PortProxy::writeBlob(unsigned long, void const*, int) const.

Breakpoint 1, gem5::PortProxy::writeBlob (this=0x7fffffffc710, addr=4294904968, p=0x7fffffffc75c, size=4) at src/mem/port_proxy.hh:192
192	    writeBlob(Addr addr, const void *p, int size) const
>>> writeBlob call: this=0x7fffffffc710, addr=0xffff0c88, p=0x7fffffffc75c, size=4
Error in testing breakpoint condition:
No frame is currently executing in block gem5::PortProxy::writeBlob(unsigned long, void const*, int) const.

Breakpoint 1, gem5::PortProxy::writeBlob (this=0x7fffffffc710, addr=4294904972, p=0x7fffffffc75c, size=4) at src/mem/port_proxy.hh:192
192	    writeBlob(Addr addr, const void *p, int size) const
>>> writeBlob call: this=0x7fffffffc710, addr=0xffff0c8c, p=0x7fffffffc75c, size=4
Error in testing breakpoint condition:
No frame is currently executing in block gem5::PortProxy::writeBlob(unsigned long, void const*, int) const.

Breakpoint 1, gem5::PortProxy::writeBlob (this=0x7fffffffc710, addr=4294904976, p=0x7fffffffc75c, size=4) at src/mem/port_proxy.hh:192
192	    writeBlob(Addr addr, const void *p, int size) const
>>> writeBlob call: this=0x7fffffffc710, addr=0xffff0c90, p=0x7fffffffc75c, size=4
Error in testing breakpoint condition:
No frame is currently executing in block gem5::PortProxy::writeBlob(unsigned long, void const*, int) const.

Breakpoint 1, gem5::PortProxy::writeBlob (this=0x7fffffffc710, addr=4294904980, p=0x7fffffffc75c, size=4) at src/mem/port_proxy.hh:192
192	    writeBlob(Addr addr, const void *p, int size) const
>>> writeBlob call: this=0x7fffffffc710, addr=0xffff0c94, p=0x7fffffffc75c, size=4
Error in testing breakpoint condition:
No frame is currently executing in block gem5::PortProxy::writeBlob(unsigned long, void const*, int) const.

Breakpoint 1, gem5::PortProxy::writeBlob (this=0x7fffffffc710, addr=4294904984, p=0x7fffffffc75c, size=4) at src/mem/port_proxy.hh:192
192	    writeBlob(Addr addr, const void *p, int size) const
>>> writeBlob call: this=0x7fffffffc710, addr=0xffff0c98, p=0x7fffffffc75c, size=4
Error in testing breakpoint condition:
No frame is currently executing in block gem5::PortProxy::writeBlob(unsigned long, void const*, int) const.

Breakpoint 1, gem5::PortProxy::writeBlob (this=0x7fffffffc710, addr=4294904988, p=0x7fffffffc75c, size=4) at src/mem/port_proxy.hh:192
192	    writeBlob(Addr addr, const void *p, int size) const
>>> writeBlob call: this=0x7fffffffc710, addr=0xffff0c9c, p=0x7fffffffc75c, size=4
Error in testing breakpoint condition:
No frame is currently executing in block gem5::PortProxy::writeBlob(unsigned long, void const*, int) const.

Breakpoint 1, gem5::PortProxy::writeBlob (this=0x7fffffffc710, addr=4294904992, p=0x7fffffffc75c, size=4) at src/mem/port_proxy.hh:192
192	    writeBlob(Addr addr, const void *p, int size) const
>>> writeBlob call: this=0x7fffffffc710, addr=0xffff0ca0, p=0x7fffffffc75c, size=4
Error in testing breakpoint condition:
No frame is currently executing in block gem5::PortProxy::writeBlob(unsigned long, void const*, int) const.

Breakpoint 1, gem5::PortProxy::writeBlob (this=0x7fffffffc710, addr=4294904996, p=0x7fffffffc75c, size=4) at src/mem/port_proxy.hh:192
192	    writeBlob(Addr addr, const void *p, int size) const
>>> writeBlob call: this=0x7fffffffc710, addr=0xffff0ca4, p=0x7fffffffc75c, size=4
Error in testing breakpoint condition:
No frame is currently executing in block gem5::PortProxy::writeBlob(unsigned long, void const*, int) const.

Breakpoint 1, gem5::PortProxy::writeBlob (this=0x7fffffffc710, addr=4294905000, p=0x7fffffffc75c, size=4) at src/mem/port_proxy.hh:192
192	    writeBlob(Addr addr, const void *p, int size) const
>>> writeBlob call: this=0x7fffffffc710, addr=0xffff0ca8, p=0x7fffffffc75c, size=4
Error in testing breakpoint condition:
No frame is currently executing in block gem5::PortProxy::writeBlob(unsigned long, void const*, int) const.

Breakpoint 1, gem5::PortProxy::writeBlob (this=0x7fffffffc710, addr=4294905004, p=0x7fffffffc75c, size=4) at src/mem/port_proxy.hh:192
192	    writeBlob(Addr addr, const void *p, int size) const
>>> writeBlob call: this=0x7fffffffc710, addr=0xffff0cac, p=0x7fffffffc75c, size=4
Error in testing breakpoint condition:
No frame is currently executing in block gem5::PortProxy::writeBlob(unsigned long, void const*, int) const.

Breakpoint 1, gem5::PortProxy::writeBlob (this=0x7fffffffc710, addr=4294905008, p=0x7fffffffc75c, size=4) at src/mem/port_proxy.hh:192
192	    writeBlob(Addr addr, const void *p, int size) const
>>> writeBlob call: this=0x7fffffffc710, addr=0xffff0cb0, p=0x7fffffffc75c, size=4
Error in testing breakpoint condition:
No frame is currently executing in block gem5::PortProxy::writeBlob(unsigned long, void const*, int) const.

Breakpoint 1, gem5::PortProxy::writeBlob (this=0x7fffffffc710, addr=4294905012, p=0x7fffffffc75c, size=4) at src/mem/port_proxy.hh:192
192	    writeBlob(Addr addr, const void *p, int size) const
>>> writeBlob call: this=0x7fffffffc710, addr=0xffff0cb4, p=0x7fffffffc75c, size=4
Error in testing breakpoint condition:
No frame is currently executing in block gem5::PortProxy::writeBlob(unsigned long, void const*, int) const.

Breakpoint 1, gem5::PortProxy::writeBlob (this=0x7fffffffc710, addr=4294905016, p=0x7fffffffc75c, size=4) at src/mem/port_proxy.hh:192
192	    writeBlob(Addr addr, const void *p, int size) const
>>> writeBlob call: this=0x7fffffffc710, addr=0xffff0cb8, p=0x7fffffffc75c, size=4
Error in testing breakpoint condition:
No frame is currently executing in block gem5::PortProxy::writeBlob(unsigned long, void const*, int) const.

Breakpoint 1, gem5::PortProxy::writeBlob (this=0x7fffffffc710, addr=4294905020, p=0x7fffffffc75c, size=4) at src/mem/port_proxy.hh:192
192	    writeBlob(Addr addr, const void *p, int size) const
>>> writeBlob call: this=0x7fffffffc710, addr=0xffff0cbc, p=0x7fffffffc75c, size=4
Error in testing breakpoint condition:
No frame is currently executing in block gem5::PortProxy::writeBlob(unsigned long, void const*, int) const.

Breakpoint 1, gem5::PortProxy::writeBlob (this=0x7fffffffc710, addr=4294905024, p=0x7fffffffc75c, size=4) at src/mem/port_proxy.hh:192
192	    writeBlob(Addr addr, const void *p, int size) const
>>> writeBlob call: this=0x7fffffffc710, addr=0xffff0cc0, p=0x7fffffffc75c, size=4
Error in testing breakpoint condition:
No frame is currently executing in block gem5::PortProxy::writeBlob(unsigned long, void const*, int) const.

Breakpoint 1, gem5::PortProxy::writeBlob (this=0x7fffffffc710, addr=4294905028, p=0x7fffffffc75c, size=4) at src/mem/port_proxy.hh:192
192	    writeBlob(Addr addr, const void *p, int size) const
>>> writeBlob call: this=0x7fffffffc710, addr=0xffff0cc4, p=0x7fffffffc75c, size=4
Error in testing breakpoint condition:
No frame is currently executing in block gem5::PortProxy::writeBlob(unsigned long, void const*, int) const.

Breakpoint 1, gem5::PortProxy::writeBlob (this=0x7fffffffc710, addr=4294905032, p=0x7fffffffc75c, size=4) at src/mem/port_proxy.hh:192
192	    writeBlob(Addr addr, const void *p, int size) const
>>> writeBlob call: this=0x7fffffffc710, addr=0xffff0cc8, p=0x7fffffffc75c, size=4
Error in testing breakpoint condition:
No frame is currently executing in block gem5::PortProxy::writeBlob(unsigned long, void const*, int) const.

Breakpoint 1, gem5::PortProxy::writeBlob (this=0x7fffffffc710, addr=4294905036, p=0x7fffffffc75c, size=4) at src/mem/port_proxy.hh:192
192	    writeBlob(Addr addr, const void *p, int size) const
>>> writeBlob call: this=0x7fffffffc710, addr=0xffff0ccc, p=0x7fffffffc75c, size=4
Error in testing breakpoint condition:
No frame is currently executing in block gem5::PortProxy::writeBlob(unsigned long, void const*, int) const.

Breakpoint 1, gem5::PortProxy::writeBlob (this=0x7fffffffc710, addr=4294905040, p=0x7fffffffc75c, size=4) at src/mem/port_proxy.hh:192
192	    writeBlob(Addr addr, const void *p, int size) const
>>> writeBlob call: this=0x7fffffffc710, addr=0xffff0cd0, p=0x7fffffffc75c, size=4
Error in testing breakpoint condition:
No frame is currently executing in block gem5::PortProxy::writeBlob(unsigned long, void const*, int) const.

Breakpoint 1, gem5::PortProxy::writeBlob (this=0x7fffffffc710, addr=4294905044, p=0x7fffffffc75c, size=4) at src/mem/port_proxy.hh:192
192	    writeBlob(Addr addr, const void *p, int size) const
>>> writeBlob call: this=0x7fffffffc710, addr=0xffff0cd4, p=0x7fffffffc75c, size=4
Error in testing breakpoint condition:
No frame is currently executing in block gem5::PortProxy::writeBlob(unsigned long, void const*, int) const.

Breakpoint 1, gem5::PortProxy::writeBlob (this=0x7fffffffc710, addr=4294905048, p=0x7fffffffc75c, size=4) at src/mem/port_proxy.hh:192
192	    writeBlob(Addr addr, const void *p, int size) const
>>> writeBlob call: this=0x7fffffffc710, addr=0xffff0cd8, p=0x7fffffffc75c, size=4
Error in testing breakpoint condition:
No frame is currently executing in block gem5::PortProxy::writeBlob(unsigned long, void const*, int) const.

Breakpoint 1, gem5::PortProxy::writeBlob (this=0x7fffffffc710, addr=4294905052, p=0x7fffffffc75c, size=4) at src/mem/port_proxy.hh:192
192	    writeBlob(Addr addr, const void *p, int size) const
>>> writeBlob call: this=0x7fffffffc710, addr=0xffff0cdc, p=0x7fffffffc75c, size=4
Error in testing breakpoint condition:
No frame is currently executing in block gem5::PortProxy::writeBlob(unsigned long, void const*, int) const.

Breakpoint 1, gem5::PortProxy::writeBlob (this=0x7fffffffc710, addr=4294905056, p=0x7fffffffc75c, size=4) at src/mem/port_proxy.hh:192
192	    writeBlob(Addr addr, const void *p, int size) const
>>> writeBlob call: this=0x7fffffffc710, addr=0xffff0ce0, p=0x7fffffffc75c, size=4
Error in testing breakpoint condition:
No frame is currently executing in block gem5::PortProxy::writeBlob(unsigned long, void const*, int) const.

Breakpoint 1, gem5::PortProxy::writeBlob (this=0x7fffffffc710, addr=4294905060, p=0x7fffffffc75c, size=4) at src/mem/port_proxy.hh:192
192	    writeBlob(Addr addr, const void *p, int size) const
>>> writeBlob call: this=0x7fffffffc710, addr=0xffff0ce4, p=0x7fffffffc75c, size=4
Error in testing breakpoint condition:
No frame is currently executing in block gem5::PortProxy::writeBlob(unsigned long, void const*, int) const.

Breakpoint 1, gem5::PortProxy::writeBlob (this=0x7fffffffc710, addr=4294905064, p=0x7fffffffc75c, size=4) at src/mem/port_proxy.hh:192
192	    writeBlob(Addr addr, const void *p, int size) const
>>> writeBlob call: this=0x7fffffffc710, addr=0xffff0ce8, p=0x7fffffffc75c, size=4
Error in testing breakpoint condition:
No frame is currently executing in block gem5::PortProxy::writeBlob(unsigned long, void const*, int) const.

Breakpoint 1, gem5::PortProxy::writeBlob (this=0x7fffffffc710, addr=4294905068, p=0x7fffffffc75c, size=4) at src/mem/port_proxy.hh:192
192	    writeBlob(Addr addr, const void *p, int size) const
>>> writeBlob call: this=0x7fffffffc710, addr=0xffff0cec, p=0x7fffffffc75c, size=4
Error in testing breakpoint condition:
No frame is currently executing in block gem5::PortProxy::writeBlob(unsigned long, void const*, int) const.

Breakpoint 1, gem5::PortProxy::writeBlob (this=0x7fffffffc710, addr=4294905072, p=0x7fffffffc75c, size=4) at src/mem/port_proxy.hh:192
192	    writeBlob(Addr addr, const void *p, int size) const
>>> writeBlob call: this=0x7fffffffc710, addr=0xffff0cf0, p=0x7fffffffc75c, size=4
Error in testing breakpoint condition:
No frame is currently executing in block gem5::PortProxy::writeBlob(unsigned long, void const*, int) const.

Breakpoint 1, gem5::PortProxy::writeBlob (this=0x7fffffffc710, addr=4294905076, p=0x7fffffffc75c, size=4) at src/mem/port_proxy.hh:192
192	    writeBlob(Addr addr, const void *p, int size) const
>>> writeBlob call: this=0x7fffffffc710, addr=0xffff0cf4, p=0x7fffffffc75c, size=4
Error in testing breakpoint condition:
No frame is currently executing in block gem5::PortProxy::writeBlob(unsigned long, void const*, int) const.

Breakpoint 1, gem5::PortProxy::writeBlob (this=0x7fffffffc710, addr=4294905080, p=0x7fffffffc75c, size=4) at src/mem/port_proxy.hh:192
192	    writeBlob(Addr addr, const void *p, int size) const
>>> writeBlob call: this=0x7fffffffc710, addr=0xffff0cf8, p=0x7fffffffc75c, size=4
Error in testing breakpoint condition:
No frame is currently executing in block gem5::PortProxy::writeBlob(unsigned long, void const*, int) const.

Breakpoint 1, gem5::PortProxy::writeBlob (this=0x7fffffffc710, addr=4294905084, p=0x7fffffffc75c, size=4) at src/mem/port_proxy.hh:192
192	    writeBlob(Addr addr, const void *p, int size) const
>>> writeBlob call: this=0x7fffffffc710, addr=0xffff0cfc, p=0x7fffffffc75c, size=4
Error in testing breakpoint condition:
No frame is currently executing in block gem5::PortProxy::writeBlob(unsigned long, void const*, int) const.

Breakpoint 1, gem5::PortProxy::writeBlob (this=0x7fffffffc710, addr=4294905088, p=0x7fffffffc75c, size=4) at src/mem/port_proxy.hh:192
192	    writeBlob(Addr addr, const void *p, int size) const
>>> writeBlob call: this=0x7fffffffc710, addr=0xffff0d00, p=0x7fffffffc75c, size=4
Error in testing breakpoint condition:
No frame is currently executing in block gem5::PortProxy::writeBlob(unsigned long, void const*, int) const.

Breakpoint 1, gem5::PortProxy::writeBlob (this=0x7fffffffc710, addr=4294905092, p=0x7fffffffc75c, size=4) at src/mem/port_proxy.hh:192
192	    writeBlob(Addr addr, const void *p, int size) const
>>> writeBlob call: this=0x7fffffffc710, addr=0xffff0d04, p=0x7fffffffc75c, size=4
Error in testing breakpoint condition:
No frame is currently executing in block gem5::PortProxy::writeBlob(unsigned long, void const*, int) const.

Breakpoint 1, gem5::PortProxy::writeBlob (this=0x7fffffffc710, addr=4294905096, p=0x7fffffffc75c, size=4) at src/mem/port_proxy.hh:192
192	    writeBlob(Addr addr, const void *p, int size) const
>>> writeBlob call: this=0x7fffffffc710, addr=0xffff0d08, p=0x7fffffffc75c, size=4
Error in testing breakpoint condition:
No frame is currently executing in block gem5::PortProxy::writeBlob(unsigned long, void const*, int) const.

Breakpoint 1, gem5::PortProxy::writeBlob (this=0x7fffffffc710, addr=4294905100, p=0x7fffffffc75c, size=4) at src/mem/port_proxy.hh:192
192	    writeBlob(Addr addr, const void *p, int size) const
>>> writeBlob call: this=0x7fffffffc710, addr=0xffff0d0c, p=0x7fffffffc75c, size=4
Error in testing breakpoint condition:
No frame is currently executing in block gem5::PortProxy::writeBlob(unsigned long, void const*, int) const.

Breakpoint 1, gem5::PortProxy::writeBlob (this=0x7fffffffc710, addr=4294905104, p=0x7fffffffc75c, size=4) at src/mem/port_proxy.hh:192
192	    writeBlob(Addr addr, const void *p, int size) const
>>> writeBlob call: this=0x7fffffffc710, addr=0xffff0d10, p=0x7fffffffc75c, size=4
Error in testing breakpoint condition:
No frame is currently executing in block gem5::PortProxy::writeBlob(unsigned long, void const*, int) const.

Breakpoint 1, gem5::PortProxy::writeBlob (this=0x7fffffffc710, addr=4294905108, p=0x7fffffffc75c, size=4) at src/mem/port_proxy.hh:192
192	    writeBlob(Addr addr, const void *p, int size) const
>>> writeBlob call: this=0x7fffffffc710, addr=0xffff0d14, p=0x7fffffffc75c, size=4
Error in testing breakpoint condition:
No frame is currently executing in block gem5::PortProxy::writeBlob(unsigned long, void const*, int) const.

Breakpoint 1, gem5::PortProxy::writeBlob (this=0x7fffffffc710, addr=4294905112, p=0x7fffffffc75c, size=4) at src/mem/port_proxy.hh:192
192	    writeBlob(Addr addr, const void *p, int size) const
>>> writeBlob call: this=0x7fffffffc710, addr=0xffff0d18, p=0x7fffffffc75c, size=4
Error in testing breakpoint condition:
No frame is currently executing in block gem5::PortProxy::writeBlob(unsigned long, void const*, int) const.

Breakpoint 1, gem5::PortProxy::writeBlob (this=0x7fffffffc710, addr=4294905116, p=0x7fffffffc75c, size=4) at src/mem/port_proxy.hh:192
192	    writeBlob(Addr addr, const void *p, int size) const
>>> writeBlob call: this=0x7fffffffc710, addr=0xffff0d1c, p=0x7fffffffc75c, size=4
Error in testing breakpoint condition:
No frame is currently executing in block gem5::PortProxy::writeBlob(unsigned long, void const*, int) const.

Breakpoint 1, gem5::PortProxy::writeBlob (this=0x7fffffffc710, addr=4294905120, p=0x7fffffffc75c, size=4) at src/mem/port_proxy.hh:192
192	    writeBlob(Addr addr, const void *p, int size) const
>>> writeBlob call: this=0x7fffffffc710, addr=0xffff0d20, p=0x7fffffffc75c, size=4
Error in testing breakpoint condition:
No frame is currently executing in block gem5::PortProxy::writeBlob(unsigned long, void const*, int) const.

Breakpoint 1, gem5::PortProxy::writeBlob (this=0x7fffffffc710, addr=4294905124, p=0x7fffffffc75c, size=4) at src/mem/port_proxy.hh:192
192	    writeBlob(Addr addr, const void *p, int size) const
>>> writeBlob call: this=0x7fffffffc710, addr=0xffff0d24, p=0x7fffffffc75c, size=4
Error in testing breakpoint condition:
No frame is currently executing in block gem5::PortProxy::writeBlob(unsigned long, void const*, int) const.

Breakpoint 1, gem5::PortProxy::writeBlob (this=0x7fffffffc710, addr=4294905128, p=0x7fffffffc75c, size=4) at src/mem/port_proxy.hh:192
192	    writeBlob(Addr addr, const void *p, int size) const
>>> writeBlob call: this=0x7fffffffc710, addr=0xffff0d28, p=0x7fffffffc75c, size=4
Error in testing breakpoint condition:
No frame is currently executing in block gem5::PortProxy::writeBlob(unsigned long, void const*, int) const.

Breakpoint 1, gem5::PortProxy::writeBlob (this=0x7fffffffc710, addr=4294905132, p=0x7fffffffc75c, size=4) at src/mem/port_proxy.hh:192
192	    writeBlob(Addr addr, const void *p, int size) const
>>> writeBlob call: this=0x7fffffffc710, addr=0xffff0d2c, p=0x7fffffffc75c, size=4
Error in testing breakpoint condition:
No frame is currently executing in block gem5::PortProxy::writeBlob(unsigned long, void const*, int) const.

Breakpoint 1, gem5::PortProxy::writeBlob (this=0x7fffffffc710, addr=4294905136, p=0x7fffffffc75c, size=4) at src/mem/port_proxy.hh:192
192	    writeBlob(Addr addr, const void *p, int size) const
>>> writeBlob call: this=0x7fffffffc710, addr=0xffff0d30, p=0x7fffffffc75c, size=4
Error in testing breakpoint condition:
No frame is currently executing in block gem5::PortProxy::writeBlob(unsigned long, void const*, int) const.

Breakpoint 1, gem5::PortProxy::writeBlob (this=0x7fffffffc710, addr=4294905140, p=0x7fffffffc75c, size=4) at src/mem/port_proxy.hh:192
192	    writeBlob(Addr addr, const void *p, int size) const
>>> writeBlob call: this=0x7fffffffc710, addr=0xffff0d34, p=0x7fffffffc75c, size=4
Error in testing breakpoint condition:
No frame is currently executing in block gem5::PortProxy::writeBlob(unsigned long, void const*, int) const.

Breakpoint 1, gem5::PortProxy::writeBlob (this=0x7fffffffc710, addr=4294905144, p=0x7fffffffc75c, size=4) at src/mem/port_proxy.hh:192
192	    writeBlob(Addr addr, const void *p, int size) const
>>> writeBlob call: this=0x7fffffffc710, addr=0xffff0d38, p=0x7fffffffc75c, size=4
Error in testing breakpoint condition:
No frame is currently executing in block gem5::PortProxy::writeBlob(unsigned long, void const*, int) const.

Breakpoint 1, gem5::PortProxy::writeBlob (this=0x7fffffffc710, addr=4294905148, p=0x7fffffffc75c, size=4) at src/mem/port_proxy.hh:192
192	    writeBlob(Addr addr, const void *p, int size) const
>>> writeBlob call: this=0x7fffffffc710, addr=0xffff0d3c, p=0x7fffffffc75c, size=4
Error in testing breakpoint condition:
No frame is currently executing in block gem5::PortProxy::writeBlob(unsigned long, void const*, int) const.

Breakpoint 1, gem5::PortProxy::writeBlob (this=0x7fffffffc710, addr=4294905152, p=0x7fffffffc75c, size=4) at src/mem/port_proxy.hh:192
192	    writeBlob(Addr addr, const void *p, int size) const
>>> writeBlob call: this=0x7fffffffc710, addr=0xffff0d40, p=0x7fffffffc75c, size=4
Error in testing breakpoint condition:
No frame is currently executing in block gem5::PortProxy::writeBlob(unsigned long, void const*, int) const.

Breakpoint 1, gem5::PortProxy::writeBlob (this=0x7fffffffc710, addr=4294905156, p=0x7fffffffc75c, size=4) at src/mem/port_proxy.hh:192
192	    writeBlob(Addr addr, const void *p, int size) const
>>> writeBlob call: this=0x7fffffffc710, addr=0xffff0d44, p=0x7fffffffc75c, size=4
Error in testing breakpoint condition:
No frame is currently executing in block gem5::PortProxy::writeBlob(unsigned long, void const*, int) const.

Breakpoint 1, gem5::PortProxy::writeBlob (this=0x7fffffffc710, addr=4294905160, p=0x7fffffffc75c, size=4) at src/mem/port_proxy.hh:192
192	    writeBlob(Addr addr, const void *p, int size) const
>>> writeBlob call: this=0x7fffffffc710, addr=0xffff0d48, p=0x7fffffffc75c, size=4
Error in testing breakpoint condition:
No frame is currently executing in block gem5::PortProxy::writeBlob(unsigned long, void const*, int) const.

Breakpoint 1, gem5::PortProxy::writeBlob (this=0x7fffffffc710, addr=4294905164, p=0x7fffffffc75c, size=4) at src/mem/port_proxy.hh:192
192	    writeBlob(Addr addr, const void *p, int size) const
>>> writeBlob call: this=0x7fffffffc710, addr=0xffff0d4c, p=0x7fffffffc75c, size=4
Error in testing breakpoint condition:
No frame is currently executing in block gem5::PortProxy::writeBlob(unsigned long, void const*, int) const.

Breakpoint 1, gem5::PortProxy::writeBlob (this=0x7fffffffc710, addr=4294905168, p=0x7fffffffc75c, size=4) at src/mem/port_proxy.hh:192
192	    writeBlob(Addr addr, const void *p, int size) const
>>> writeBlob call: this=0x7fffffffc710, addr=0xffff0d50, p=0x7fffffffc75c, size=4
Error in testing breakpoint condition:
No frame is currently executing in block gem5::PortProxy::writeBlob(unsigned long, void const*, int) const.

Breakpoint 1, gem5::PortProxy::writeBlob (this=0x7fffffffc710, addr=4294905172, p=0x7fffffffc75c, size=4) at src/mem/port_proxy.hh:192
192	    writeBlob(Addr addr, const void *p, int size) const
>>> writeBlob call: this=0x7fffffffc710, addr=0xffff0d54, p=0x7fffffffc75c, size=4
Error in testing breakpoint condition:
No frame is currently executing in block gem5::PortProxy::writeBlob(unsigned long, void const*, int) const.

Breakpoint 1, gem5::PortProxy::writeBlob (this=0x7fffffffc710, addr=4294905176, p=0x7fffffffc75c, size=4) at src/mem/port_proxy.hh:192
192	    writeBlob(Addr addr, const void *p, int size) const
>>> writeBlob call: this=0x7fffffffc710, addr=0xffff0d58, p=0x7fffffffc75c, size=4
Error in testing breakpoint condition:
No frame is currently executing in block gem5::PortProxy::writeBlob(unsigned long, void const*, int) const.

Breakpoint 1, gem5::PortProxy::writeBlob (this=0x7fffffffc710, addr=4294905180, p=0x7fffffffc75c, size=4) at src/mem/port_proxy.hh:192
192	    writeBlob(Addr addr, const void *p, int size) const
>>> writeBlob call: this=0x7fffffffc710, addr=0xffff0d5c, p=0x7fffffffc75c, size=4
Error in testing breakpoint condition:
No frame is currently executing in block gem5::PortProxy::writeBlob(unsigned long, void const*, int) const.

Breakpoint 1, gem5::PortProxy::writeBlob (this=0x7fffffffc710, addr=4294905184, p=0x7fffffffc75c, size=4) at src/mem/port_proxy.hh:192
192	    writeBlob(Addr addr, const void *p, int size) const
>>> writeBlob call: this=0x7fffffffc710, addr=0xffff0d60, p=0x7fffffffc75c, size=4
Error in testing breakpoint condition:
No frame is currently executing in block gem5::PortProxy::writeBlob(unsigned long, void const*, int) const.

Breakpoint 1, gem5::PortProxy::writeBlob (this=0x7fffffffc710, addr=4294905188, p=0x7fffffffc75c, size=4) at src/mem/port_proxy.hh:192
192	    writeBlob(Addr addr, const void *p, int size) const
>>> writeBlob call: this=0x7fffffffc710, addr=0xffff0d64, p=0x7fffffffc75c, size=4
Error in testing breakpoint condition:
No frame is currently executing in block gem5::PortProxy::writeBlob(unsigned long, void const*, int) const.

Breakpoint 1, gem5::PortProxy::writeBlob (this=0x7fffffffc710, addr=4294905192, p=0x7fffffffc75c, size=4) at src/mem/port_proxy.hh:192
192	    writeBlob(Addr addr, const void *p, int size) const
>>> writeBlob call: this=0x7fffffffc710, addr=0xffff0d68, p=0x7fffffffc75c, size=4
Error in testing breakpoint condition:
No frame is currently executing in block gem5::PortProxy::writeBlob(unsigned long, void const*, int) const.

Breakpoint 1, gem5::PortProxy::writeBlob (this=0x7fffffffc710, addr=4294905196, p=0x7fffffffc75c, size=4) at src/mem/port_proxy.hh:192
192	    writeBlob(Addr addr, const void *p, int size) const
>>> writeBlob call: this=0x7fffffffc710, addr=0xffff0d6c, p=0x7fffffffc75c, size=4
Error in testing breakpoint condition:
No frame is currently executing in block gem5::PortProxy::writeBlob(unsigned long, void const*, int) const.

Breakpoint 1, gem5::PortProxy::writeBlob (this=0x7fffffffc710, addr=4294905200, p=0x7fffffffc75c, size=4) at src/mem/port_proxy.hh:192
192	    writeBlob(Addr addr, const void *p, int size) const
>>> writeBlob call: this=0x7fffffffc710, addr=0xffff0d70, p=0x7fffffffc75c, size=4
Error in testing breakpoint condition:
No frame is currently executing in block gem5::PortProxy::writeBlob(unsigned long, void const*, int) const.

Breakpoint 1, gem5::PortProxy::writeBlob (this=0x7fffffffc710, addr=4294905204, p=0x7fffffffc75c, size=4) at src/mem/port_proxy.hh:192
192	    writeBlob(Addr addr, const void *p, int size) const
>>> writeBlob call: this=0x7fffffffc710, addr=0xffff0d74, p=0x7fffffffc75c, size=4
Error in testing breakpoint condition:
No frame is currently executing in block gem5::PortProxy::writeBlob(unsigned long, void const*, int) const.

Breakpoint 1, gem5::PortProxy::writeBlob (this=0x7fffffffc710, addr=4294905208, p=0x7fffffffc75c, size=4) at src/mem/port_proxy.hh:192
192	    writeBlob(Addr addr, const void *p, int size) const
>>> writeBlob call: this=0x7fffffffc710, addr=0xffff0d78, p=0x7fffffffc75c, size=4
Error in testing breakpoint condition:
No frame is currently executing in block gem5::PortProxy::writeBlob(unsigned long, void const*, int) const.

Breakpoint 1, gem5::PortProxy::writeBlob (this=0x7fffffffc710, addr=4294905212, p=0x7fffffffc75c, size=4) at src/mem/port_proxy.hh:192
192	    writeBlob(Addr addr, const void *p, int size) const
>>> writeBlob call: this=0x7fffffffc710, addr=0xffff0d7c, p=0x7fffffffc75c, size=4
Error in testing breakpoint condition:
No frame is currently executing in block gem5::PortProxy::writeBlob(unsigned long, void const*, int) const.

Breakpoint 1, gem5::PortProxy::writeBlob (this=0x7fffffffc710, addr=4294905216, p=0x7fffffffc75c, size=4) at src/mem/port_proxy.hh:192
192	    writeBlob(Addr addr, const void *p, int size) const
>>> writeBlob call: this=0x7fffffffc710, addr=0xffff0d80, p=0x7fffffffc75c, size=4
Error in testing breakpoint condition:
No frame is currently executing in block gem5::PortProxy::writeBlob(unsigned long, void const*, int) const.

Breakpoint 1, gem5::PortProxy::writeBlob (this=0x7fffffffc710, addr=4294905220, p=0x7fffffffc75c, size=4) at src/mem/port_proxy.hh:192
192	    writeBlob(Addr addr, const void *p, int size) const
>>> writeBlob call: this=0x7fffffffc710, addr=0xffff0d84, p=0x7fffffffc75c, size=4
Error in testing breakpoint condition:
No frame is currently executing in block gem5::PortProxy::writeBlob(unsigned long, void const*, int) const.

Breakpoint 1, gem5::PortProxy::writeBlob (this=0x7fffffffc710, addr=4294905224, p=0x7fffffffc75c, size=4) at src/mem/port_proxy.hh:192
192	    writeBlob(Addr addr, const void *p, int size) const
>>> writeBlob call: this=0x7fffffffc710, addr=0xffff0d88, p=0x7fffffffc75c, size=4
Error in testing breakpoint condition:
No frame is currently executing in block gem5::PortProxy::writeBlob(unsigned long, void const*, int) const.

Breakpoint 1, gem5::PortProxy::writeBlob (this=0x7fffffffc710, addr=4294905228, p=0x7fffffffc75c, size=4) at src/mem/port_proxy.hh:192
192	    writeBlob(Addr addr, const void *p, int size) const
>>> writeBlob call: this=0x7fffffffc710, addr=0xffff0d8c, p=0x7fffffffc75c, size=4
Error in testing breakpoint condition:
No frame is currently executing in block gem5::PortProxy::writeBlob(unsigned long, void const*, int) const.

Breakpoint 1, gem5::PortProxy::writeBlob (this=0x7fffffffc710, addr=4294905232, p=0x7fffffffc75c, size=4) at src/mem/port_proxy.hh:192
192	    writeBlob(Addr addr, const void *p, int size) const
>>> writeBlob call: this=0x7fffffffc710, addr=0xffff0d90, p=0x7fffffffc75c, size=4
Error in testing breakpoint condition:
No frame is currently executing in block gem5::PortProxy::writeBlob(unsigned long, void const*, int) const.

Breakpoint 1, gem5::PortProxy::writeBlob (this=0x7fffffffc710, addr=4294905236, p=0x7fffffffc75c, size=4) at src/mem/port_proxy.hh:192
192	    writeBlob(Addr addr, const void *p, int size) const
>>> writeBlob call: this=0x7fffffffc710, addr=0xffff0d94, p=0x7fffffffc75c, size=4
Error in testing breakpoint condition:
No frame is currently executing in block gem5::PortProxy::writeBlob(unsigned long, void const*, int) const.

Breakpoint 1, gem5::PortProxy::writeBlob (this=0x7fffffffc710, addr=4294905240, p=0x7fffffffc75c, size=4) at src/mem/port_proxy.hh:192
192	    writeBlob(Addr addr, const void *p, int size) const
>>> writeBlob call: this=0x7fffffffc710, addr=0xffff0d98, p=0x7fffffffc75c, size=4
Error in testing breakpoint condition:
No frame is currently executing in block gem5::PortProxy::writeBlob(unsigned long, void const*, int) const.

Breakpoint 1, gem5::PortProxy::writeBlob (this=0x7fffffffc710, addr=4294905244, p=0x7fffffffc75c, size=4) at src/mem/port_proxy.hh:192
192	    writeBlob(Addr addr, const void *p, int size) const
>>> writeBlob call: this=0x7fffffffc710, addr=0xffff0d9c, p=0x7fffffffc75c, size=4
Error in testing breakpoint condition:
No frame is currently executing in block gem5::PortProxy::writeBlob(unsigned long, void const*, int) const.

Breakpoint 1, gem5::PortProxy::writeBlob (this=0x7fffffffc710, addr=4294905248, p=0x7fffffffc75c, size=4) at src/mem/port_proxy.hh:192
192	    writeBlob(Addr addr, const void *p, int size) const
>>> writeBlob call: this=0x7fffffffc710, addr=0xffff0da0, p=0x7fffffffc75c, size=4
Error in testing breakpoint condition:
No frame is currently executing in block gem5::PortProxy::writeBlob(unsigned long, void const*, int) const.

Breakpoint 1, gem5::PortProxy::writeBlob (this=0x7fffffffc710, addr=4294905252, p=0x7fffffffc75c, size=4) at src/mem/port_proxy.hh:192
192	    writeBlob(Addr addr, const void *p, int size) const
>>> writeBlob call: this=0x7fffffffc710, addr=0xffff0da4, p=0x7fffffffc75c, size=4
Error in testing breakpoint condition:
No frame is currently executing in block gem5::PortProxy::writeBlob(unsigned long, void const*, int) const.

Breakpoint 1, gem5::PortProxy::writeBlob (this=0x7fffffffc710, addr=4294905256, p=0x7fffffffc75c, size=4) at src/mem/port_proxy.hh:192
192	    writeBlob(Addr addr, const void *p, int size) const
>>> writeBlob call: this=0x7fffffffc710, addr=0xffff0da8, p=0x7fffffffc75c, size=4
Error in testing breakpoint condition:
No frame is currently executing in block gem5::PortProxy::writeBlob(unsigned long, void const*, int) const.

Breakpoint 1, gem5::PortProxy::writeBlob (this=0x7fffffffc710, addr=4294905260, p=0x7fffffffc75c, size=4) at src/mem/port_proxy.hh:192
192	    writeBlob(Addr addr, const void *p, int size) const
>>> writeBlob call: this=0x7fffffffc710, addr=0xffff0dac, p=0x7fffffffc75c, size=4
Error in testing breakpoint condition:
No frame is currently executing in block gem5::PortProxy::writeBlob(unsigned long, void const*, int) const.

Breakpoint 1, gem5::PortProxy::writeBlob (this=0x7fffffffc710, addr=4294905264, p=0x7fffffffc75c, size=4) at src/mem/port_proxy.hh:192
192	    writeBlob(Addr addr, const void *p, int size) const
>>> writeBlob call: this=0x7fffffffc710, addr=0xffff0db0, p=0x7fffffffc75c, size=4
Error in testing breakpoint condition:
No frame is currently executing in block gem5::PortProxy::writeBlob(unsigned long, void const*, int) const.

Breakpoint 1, gem5::PortProxy::writeBlob (this=0x7fffffffc710, addr=4294905268, p=0x7fffffffc75c, size=4) at src/mem/port_proxy.hh:192
192	    writeBlob(Addr addr, const void *p, int size) const
>>> writeBlob call: this=0x7fffffffc710, addr=0xffff0db4, p=0x7fffffffc75c, size=4
Error in testing breakpoint condition:
No frame is currently executing in block gem5::PortProxy::writeBlob(unsigned long, void const*, int) const.

Breakpoint 1, gem5::PortProxy::writeBlob (this=0x7fffffffc710, addr=4294905272, p=0x7fffffffc75c, size=4) at src/mem/port_proxy.hh:192
192	    writeBlob(Addr addr, const void *p, int size) const
>>> writeBlob call: this=0x7fffffffc710, addr=0xffff0db8, p=0x7fffffffc75c, size=4
Error in testing breakpoint condition:
No frame is currently executing in block gem5::PortProxy::writeBlob(unsigned long, void const*, int) const.

Breakpoint 1, gem5::PortProxy::writeBlob (this=0x7fffffffc710, addr=4294905276, p=0x7fffffffc75c, size=4) at src/mem/port_proxy.hh:192
192	    writeBlob(Addr addr, const void *p, int size) const
>>> writeBlob call: this=0x7fffffffc710, addr=0xffff0dbc, p=0x7fffffffc75c, size=4
Error in testing breakpoint condition:
No frame is currently executing in block gem5::PortProxy::writeBlob(unsigned long, void const*, int) const.

Breakpoint 1, gem5::PortProxy::writeBlob (this=0x7fffffffc710, addr=4294905280, p=0x7fffffffc75c, size=4) at src/mem/port_proxy.hh:192
192	    writeBlob(Addr addr, const void *p, int size) const
>>> writeBlob call: this=0x7fffffffc710, addr=0xffff0dc0, p=0x7fffffffc75c, size=4
Error in testing breakpoint condition:
No frame is currently executing in block gem5::PortProxy::writeBlob(unsigned long, void const*, int) const.

Breakpoint 1, gem5::PortProxy::writeBlob (this=0x7fffffffc710, addr=4294905284, p=0x7fffffffc75c, size=4) at src/mem/port_proxy.hh:192
192	    writeBlob(Addr addr, const void *p, int size) const
>>> writeBlob call: this=0x7fffffffc710, addr=0xffff0dc4, p=0x7fffffffc75c, size=4
Error in testing breakpoint condition:
No frame is currently executing in block gem5::PortProxy::writeBlob(unsigned long, void const*, int) const.

Breakpoint 1, gem5::PortProxy::writeBlob (this=0x7fffffffc710, addr=4294905288, p=0x7fffffffc75c, size=4) at src/mem/port_proxy.hh:192
192	    writeBlob(Addr addr, const void *p, int size) const
>>> writeBlob call: this=0x7fffffffc710, addr=0xffff0dc8, p=0x7fffffffc75c, size=4
Error in testing breakpoint condition:
No frame is currently executing in block gem5::PortProxy::writeBlob(unsigned long, void const*, int) const.

Breakpoint 1, gem5::PortProxy::writeBlob (this=0x7fffffffc710, addr=4294905292, p=0x7fffffffc75c, size=4) at src/mem/port_proxy.hh:192
192	    writeBlob(Addr addr, const void *p, int size) const
>>> writeBlob call: this=0x7fffffffc710, addr=0xffff0dcc, p=0x7fffffffc75c, size=4
Error in testing breakpoint condition:
No frame is currently executing in block gem5::PortProxy::writeBlob(unsigned long, void const*, int) const.

Breakpoint 1, gem5::PortProxy::writeBlob (this=0x7fffffffc710, addr=4294905296, p=0x7fffffffc75c, size=4) at src/mem/port_proxy.hh:192
192	    writeBlob(Addr addr, const void *p, int size) const
>>> writeBlob call: this=0x7fffffffc710, addr=0xffff0dd0, p=0x7fffffffc75c, size=4
Error in testing breakpoint condition:
No frame is currently executing in block gem5::PortProxy::writeBlob(unsigned long, void const*, int) const.

Breakpoint 1, gem5::PortProxy::writeBlob (this=0x7fffffffc710, addr=4294905300, p=0x7fffffffc75c, size=4) at src/mem/port_proxy.hh:192
192	    writeBlob(Addr addr, const void *p, int size) const
>>> writeBlob call: this=0x7fffffffc710, addr=0xffff0dd4, p=0x7fffffffc75c, size=4
Error in testing breakpoint condition:
No frame is currently executing in block gem5::PortProxy::writeBlob(unsigned long, void const*, int) const.

Breakpoint 1, gem5::PortProxy::writeBlob (this=0x7fffffffc710, addr=4294905304, p=0x7fffffffc75c, size=4) at src/mem/port_proxy.hh:192
192	    writeBlob(Addr addr, const void *p, int size) const
>>> writeBlob call: this=0x7fffffffc710, addr=0xffff0dd8, p=0x7fffffffc75c, size=4
Error in testing breakpoint condition:
No frame is currently executing in block gem5::PortProxy::writeBlob(unsigned long, void const*, int) const.

Breakpoint 1, gem5::PortProxy::writeBlob (this=0x7fffffffc710, addr=4294905308, p=0x7fffffffc75c, size=4) at src/mem/port_proxy.hh:192
192	    writeBlob(Addr addr, const void *p, int size) const
>>> writeBlob call: this=0x7fffffffc710, addr=0xffff0ddc, p=0x7fffffffc75c, size=4
Error in testing breakpoint condition:
No frame is currently executing in block gem5::PortProxy::writeBlob(unsigned long, void const*, int) const.

Breakpoint 1, gem5::PortProxy::writeBlob (this=0x7fffffffc710, addr=4294905312, p=0x7fffffffc75c, size=4) at src/mem/port_proxy.hh:192
192	    writeBlob(Addr addr, const void *p, int size) const
>>> writeBlob call: this=0x7fffffffc710, addr=0xffff0de0, p=0x7fffffffc75c, size=4
Error in testing breakpoint condition:
No frame is currently executing in block gem5::PortProxy::writeBlob(unsigned long, void const*, int) const.

Breakpoint 1, gem5::PortProxy::writeBlob (this=0x7fffffffc710, addr=4294905316, p=0x7fffffffc75c, size=4) at src/mem/port_proxy.hh:192
192	    writeBlob(Addr addr, const void *p, int size) const
>>> writeBlob call: this=0x7fffffffc710, addr=0xffff0de4, p=0x7fffffffc75c, size=4
Error in testing breakpoint condition:
No frame is currently executing in block gem5::PortProxy::writeBlob(unsigned long, void const*, int) const.

Breakpoint 1, gem5::PortProxy::writeBlob (this=0x7fffffffc710, addr=4294905320, p=0x7fffffffc75c, size=4) at src/mem/port_proxy.hh:192
192	    writeBlob(Addr addr, const void *p, int size) const
>>> writeBlob call: this=0x7fffffffc710, addr=0xffff0de8, p=0x7fffffffc75c, size=4
Error in testing breakpoint condition:
No frame is currently executing in block gem5::PortProxy::writeBlob(unsigned long, void const*, int) const.

Breakpoint 1, gem5::PortProxy::writeBlob (this=0x7fffffffc710, addr=4294905324, p=0x7fffffffc75c, size=4) at src/mem/port_proxy.hh:192
192	    writeBlob(Addr addr, const void *p, int size) const
>>> writeBlob call: this=0x7fffffffc710, addr=0xffff0dec, p=0x7fffffffc75c, size=4
Error in testing breakpoint condition:
No frame is currently executing in block gem5::PortProxy::writeBlob(unsigned long, void const*, int) const.

Breakpoint 1, gem5::PortProxy::writeBlob (this=0x7fffffffc710, addr=4294905328, p=0x7fffffffc75c, size=4) at src/mem/port_proxy.hh:192
192	    writeBlob(Addr addr, const void *p, int size) const
>>> writeBlob call: this=0x7fffffffc710, addr=0xffff0df0, p=0x7fffffffc75c, size=4
Error in testing breakpoint condition:
No frame is currently executing in block gem5::PortProxy::writeBlob(unsigned long, void const*, int) const.

Breakpoint 1, gem5::PortProxy::writeBlob (this=0x7fffffffc710, addr=4294905332, p=0x7fffffffc75c, size=4) at src/mem/port_proxy.hh:192
192	    writeBlob(Addr addr, const void *p, int size) const
>>> writeBlob call: this=0x7fffffffc710, addr=0xffff0df4, p=0x7fffffffc75c, size=4
Error in testing breakpoint condition:
No frame is currently executing in block gem5::PortProxy::writeBlob(unsigned long, void const*, int) const.

Breakpoint 1, gem5::PortProxy::writeBlob (this=0x7fffffffc710, addr=4294905336, p=0x7fffffffc75c, size=4) at src/mem/port_proxy.hh:192
192	    writeBlob(Addr addr, const void *p, int size) const
>>> writeBlob call: this=0x7fffffffc710, addr=0xffff0df8, p=0x7fffffffc75c, size=4
Error in testing breakpoint condition:
No frame is currently executing in block gem5::PortProxy::writeBlob(unsigned long, void const*, int) const.

Breakpoint 1, gem5::PortProxy::writeBlob (this=0x7fffffffc710, addr=4294905340, p=0x7fffffffc75c, size=4) at src/mem/port_proxy.hh:192
192	    writeBlob(Addr addr, const void *p, int size) const
>>> writeBlob call: this=0x7fffffffc710, addr=0xffff0dfc, p=0x7fffffffc75c, size=4
Error in testing breakpoint condition:
No frame is currently executing in block gem5::PortProxy::writeBlob(unsigned long, void const*, int) const.

Breakpoint 1, gem5::PortProxy::writeBlob (this=0x7fffffffc710, addr=4294905344, p=0x7fffffffc75c, size=4) at src/mem/port_proxy.hh:192
192	    writeBlob(Addr addr, const void *p, int size) const
>>> writeBlob call: this=0x7fffffffc710, addr=0xffff0e00, p=0x7fffffffc75c, size=4
Error in testing breakpoint condition:
No frame is currently executing in block gem5::PortProxy::writeBlob(unsigned long, void const*, int) const.

Breakpoint 1, gem5::PortProxy::writeBlob (this=0x7fffffffc710, addr=4294905348, p=0x7fffffffc75c, size=4) at src/mem/port_proxy.hh:192
192	    writeBlob(Addr addr, const void *p, int size) const
>>> writeBlob call: this=0x7fffffffc710, addr=0xffff0e04, p=0x7fffffffc75c, size=4
Error in testing breakpoint condition:
No frame is currently executing in block gem5::PortProxy::writeBlob(unsigned long, void const*, int) const.

Breakpoint 1, gem5::PortProxy::writeBlob (this=0x7fffffffc710, addr=4294905352, p=0x7fffffffc75c, size=4) at src/mem/port_proxy.hh:192
192	    writeBlob(Addr addr, const void *p, int size) const
>>> writeBlob call: this=0x7fffffffc710, addr=0xffff0e08, p=0x7fffffffc75c, size=4
Error in testing breakpoint condition:
No frame is currently executing in block gem5::PortProxy::writeBlob(unsigned long, void const*, int) const.

Breakpoint 1, gem5::PortProxy::writeBlob (this=0x7fffffffc710, addr=4294905356, p=0x7fffffffc75c, size=4) at src/mem/port_proxy.hh:192
192	    writeBlob(Addr addr, const void *p, int size) const
>>> writeBlob call: this=0x7fffffffc710, addr=0xffff0e0c, p=0x7fffffffc75c, size=4
Error in testing breakpoint condition:
No frame is currently executing in block gem5::PortProxy::writeBlob(unsigned long, void const*, int) const.

Breakpoint 1, gem5::PortProxy::writeBlob (this=0x7fffffffc710, addr=4294905360, p=0x7fffffffc75c, size=4) at src/mem/port_proxy.hh:192
192	    writeBlob(Addr addr, const void *p, int size) const
>>> writeBlob call: this=0x7fffffffc710, addr=0xffff0e10, p=0x7fffffffc75c, size=4
Error in testing breakpoint condition:
No frame is currently executing in block gem5::PortProxy::writeBlob(unsigned long, void const*, int) const.

Breakpoint 1, gem5::PortProxy::writeBlob (this=0x7fffffffc710, addr=4294905364, p=0x7fffffffc75c, size=4) at src/mem/port_proxy.hh:192
192	    writeBlob(Addr addr, const void *p, int size) const
>>> writeBlob call: this=0x7fffffffc710, addr=0xffff0e14, p=0x7fffffffc75c, size=4
Error in testing breakpoint condition:
No frame is currently executing in block gem5::PortProxy::writeBlob(unsigned long, void const*, int) const.

Breakpoint 1, gem5::PortProxy::writeBlob (this=0x7fffffffc710, addr=4294905368, p=0x7fffffffc75c, size=4) at src/mem/port_proxy.hh:192
192	    writeBlob(Addr addr, const void *p, int size) const
>>> writeBlob call: this=0x7fffffffc710, addr=0xffff0e18, p=0x7fffffffc75c, size=4
Error in testing breakpoint condition:
No frame is currently executing in block gem5::PortProxy::writeBlob(unsigned long, void const*, int) const.

Breakpoint 1, gem5::PortProxy::writeBlob (this=0x7fffffffc710, addr=4294905372, p=0x7fffffffc75c, size=4) at src/mem/port_proxy.hh:192
192	    writeBlob(Addr addr, const void *p, int size) const
>>> writeBlob call: this=0x7fffffffc710, addr=0xffff0e1c, p=0x7fffffffc75c, size=4
Error in testing breakpoint condition:
No frame is currently executing in block gem5::PortProxy::writeBlob(unsigned long, void const*, int) const.

Breakpoint 1, gem5::PortProxy::writeBlob (this=0x7fffffffc710, addr=4294905376, p=0x7fffffffc75c, size=4) at src/mem/port_proxy.hh:192
192	    writeBlob(Addr addr, const void *p, int size) const
>>> writeBlob call: this=0x7fffffffc710, addr=0xffff0e20, p=0x7fffffffc75c, size=4
Error in testing breakpoint condition:
No frame is currently executing in block gem5::PortProxy::writeBlob(unsigned long, void const*, int) const.

Breakpoint 1, gem5::PortProxy::writeBlob (this=0x7fffffffc710, addr=4294905380, p=0x7fffffffc75c, size=4) at src/mem/port_proxy.hh:192
192	    writeBlob(Addr addr, const void *p, int size) const
>>> writeBlob call: this=0x7fffffffc710, addr=0xffff0e24, p=0x7fffffffc75c, size=4
Error in testing breakpoint condition:
No frame is currently executing in block gem5::PortProxy::writeBlob(unsigned long, void const*, int) const.

Breakpoint 1, gem5::PortProxy::writeBlob (this=0x7fffffffc710, addr=4294905384, p=0x7fffffffc75c, size=4) at src/mem/port_proxy.hh:192
192	    writeBlob(Addr addr, const void *p, int size) const
>>> writeBlob call: this=0x7fffffffc710, addr=0xffff0e28, p=0x7fffffffc75c, size=4
Error in testing breakpoint condition:
No frame is currently executing in block gem5::PortProxy::writeBlob(unsigned long, void const*, int) const.

Breakpoint 1, gem5::PortProxy::writeBlob (this=0x7fffffffc710, addr=4294905388, p=0x7fffffffc75c, size=4) at src/mem/port_proxy.hh:192
192	    writeBlob(Addr addr, const void *p, int size) const
>>> writeBlob call: this=0x7fffffffc710, addr=0xffff0e2c, p=0x7fffffffc75c, size=4
Error in testing breakpoint condition:
No frame is currently executing in block gem5::PortProxy::writeBlob(unsigned long, void const*, int) const.

Breakpoint 1, gem5::PortProxy::writeBlob (this=0x7fffffffc710, addr=4294905392, p=0x7fffffffc75c, size=4) at src/mem/port_proxy.hh:192
192	    writeBlob(Addr addr, const void *p, int size) const
>>> writeBlob call: this=0x7fffffffc710, addr=0xffff0e30, p=0x7fffffffc75c, size=4
Error in testing breakpoint condition:
No frame is currently executing in block gem5::PortProxy::writeBlob(unsigned long, void const*, int) const.

Breakpoint 1, gem5::PortProxy::writeBlob (this=0x7fffffffc710, addr=4294905396, p=0x7fffffffc75c, size=4) at src/mem/port_proxy.hh:192
192	    writeBlob(Addr addr, const void *p, int size) const
>>> writeBlob call: this=0x7fffffffc710, addr=0xffff0e34, p=0x7fffffffc75c, size=4
Error in testing breakpoint condition:
No frame is currently executing in block gem5::PortProxy::writeBlob(unsigned long, void const*, int) const.

Breakpoint 1, gem5::PortProxy::writeBlob (this=0x7fffffffc710, addr=4294905400, p=0x7fffffffc75c, size=4) at src/mem/port_proxy.hh:192
192	    writeBlob(Addr addr, const void *p, int size) const
>>> writeBlob call: this=0x7fffffffc710, addr=0xffff0e38, p=0x7fffffffc75c, size=4
Error in testing breakpoint condition:
No frame is currently executing in block gem5::PortProxy::writeBlob(unsigned long, void const*, int) const.

Breakpoint 1, gem5::PortProxy::writeBlob (this=0x7fffffffc710, addr=4294905404, p=0x7fffffffc75c, size=4) at src/mem/port_proxy.hh:192
192	    writeBlob(Addr addr, const void *p, int size) const
>>> writeBlob call: this=0x7fffffffc710, addr=0xffff0e3c, p=0x7fffffffc75c, size=4
Error in testing breakpoint condition:
No frame is currently executing in block gem5::PortProxy::writeBlob(unsigned long, void const*, int) const.

Breakpoint 1, gem5::PortProxy::writeBlob (this=0x7fffffffc710, addr=4294905408, p=0x7fffffffc75c, size=4) at src/mem/port_proxy.hh:192
192	    writeBlob(Addr addr, const void *p, int size) const
>>> writeBlob call: this=0x7fffffffc710, addr=0xffff0e40, p=0x7fffffffc75c, size=4
Error in testing breakpoint condition:
No frame is currently executing in block gem5::PortProxy::writeBlob(unsigned long, void const*, int) const.

Breakpoint 1, gem5::PortProxy::writeBlob (this=0x7fffffffc710, addr=4294905412, p=0x7fffffffc75c, size=4) at src/mem/port_proxy.hh:192
192	    writeBlob(Addr addr, const void *p, int size) const
>>> writeBlob call: this=0x7fffffffc710, addr=0xffff0e44, p=0x7fffffffc75c, size=4
Error in testing breakpoint condition:
No frame is currently executing in block gem5::PortProxy::writeBlob(unsigned long, void const*, int) const.

Breakpoint 1, gem5::PortProxy::writeBlob (this=0x7fffffffc710, addr=4294905416, p=0x7fffffffc75c, size=4) at src/mem/port_proxy.hh:192
192	    writeBlob(Addr addr, const void *p, int size) const
>>> writeBlob call: this=0x7fffffffc710, addr=0xffff0e48, p=0x7fffffffc75c, size=4
Error in testing breakpoint condition:
No frame is currently executing in block gem5::PortProxy::writeBlob(unsigned long, void const*, int) const.

Breakpoint 1, gem5::PortProxy::writeBlob (this=0x7fffffffc710, addr=4294905420, p=0x7fffffffc75c, size=4) at src/mem/port_proxy.hh:192
192	    writeBlob(Addr addr, const void *p, int size) const
>>> writeBlob call: this=0x7fffffffc710, addr=0xffff0e4c, p=0x7fffffffc75c, size=4
Error in testing breakpoint condition:
No frame is currently executing in block gem5::PortProxy::writeBlob(unsigned long, void const*, int) const.

Breakpoint 1, gem5::PortProxy::writeBlob (this=0x7fffffffc710, addr=4294905424, p=0x7fffffffc75c, size=4) at src/mem/port_proxy.hh:192
192	    writeBlob(Addr addr, const void *p, int size) const
>>> writeBlob call: this=0x7fffffffc710, addr=0xffff0e50, p=0x7fffffffc75c, size=4
Error in testing breakpoint condition:
No frame is currently executing in block gem5::PortProxy::writeBlob(unsigned long, void const*, int) const.

Breakpoint 1, gem5::PortProxy::writeBlob (this=0x7fffffffc710, addr=4294905428, p=0x7fffffffc75c, size=4) at src/mem/port_proxy.hh:192
192	    writeBlob(Addr addr, const void *p, int size) const
>>> writeBlob call: this=0x7fffffffc710, addr=0xffff0e54, p=0x7fffffffc75c, size=4
Error in testing breakpoint condition:
No frame is currently executing in block gem5::PortProxy::writeBlob(unsigned long, void const*, int) const.

Breakpoint 1, gem5::PortProxy::writeBlob (this=0x7fffffffc710, addr=4294905432, p=0x7fffffffc75c, size=4) at src/mem/port_proxy.hh:192
192	    writeBlob(Addr addr, const void *p, int size) const
>>> writeBlob call: this=0x7fffffffc710, addr=0xffff0e58, p=0x7fffffffc75c, size=4
Error in testing breakpoint condition:
No frame is currently executing in block gem5::PortProxy::writeBlob(unsigned long, void const*, int) const.

Breakpoint 1, gem5::PortProxy::writeBlob (this=0x7fffffffc710, addr=4294905436, p=0x7fffffffc75c, size=4) at src/mem/port_proxy.hh:192
192	    writeBlob(Addr addr, const void *p, int size) const
>>> writeBlob call: this=0x7fffffffc710, addr=0xffff0e5c, p=0x7fffffffc75c, size=4
Error in testing breakpoint condition:
No frame is currently executing in block gem5::PortProxy::writeBlob(unsigned long, void const*, int) const.

Breakpoint 1, gem5::PortProxy::writeBlob (this=0x7fffffffc710, addr=4294905440, p=0x7fffffffc75c, size=4) at src/mem/port_proxy.hh:192
192	    writeBlob(Addr addr, const void *p, int size) const
>>> writeBlob call: this=0x7fffffffc710, addr=0xffff0e60, p=0x7fffffffc75c, size=4
Error in testing breakpoint condition:
No frame is currently executing in block gem5::PortProxy::writeBlob(unsigned long, void const*, int) const.

Breakpoint 1, gem5::PortProxy::writeBlob (this=0x7fffffffc710, addr=4294905444, p=0x7fffffffc75c, size=4) at src/mem/port_proxy.hh:192
192	    writeBlob(Addr addr, const void *p, int size) const
>>> writeBlob call: this=0x7fffffffc710, addr=0xffff0e64, p=0x7fffffffc75c, size=4
Error in testing breakpoint condition:
No frame is currently executing in block gem5::PortProxy::writeBlob(unsigned long, void const*, int) const.

Breakpoint 1, gem5::PortProxy::writeBlob (this=0x7fffffffc710, addr=4294905448, p=0x7fffffffc75c, size=4) at src/mem/port_proxy.hh:192
192	    writeBlob(Addr addr, const void *p, int size) const
>>> writeBlob call: this=0x7fffffffc710, addr=0xffff0e68, p=0x7fffffffc75c, size=4
Error in testing breakpoint condition:
No frame is currently executing in block gem5::PortProxy::writeBlob(unsigned long, void const*, int) const.

Breakpoint 1, gem5::PortProxy::writeBlob (this=0x7fffffffc710, addr=4294905452, p=0x7fffffffc75c, size=4) at src/mem/port_proxy.hh:192
192	    writeBlob(Addr addr, const void *p, int size) const
>>> writeBlob call: this=0x7fffffffc710, addr=0xffff0e6c, p=0x7fffffffc75c, size=4
Error in testing breakpoint condition:
No frame is currently executing in block gem5::PortProxy::writeBlob(unsigned long, void const*, int) const.

Breakpoint 1, gem5::PortProxy::writeBlob (this=0x7fffffffc710, addr=4294905456, p=0x7fffffffc75c, size=4) at src/mem/port_proxy.hh:192
192	    writeBlob(Addr addr, const void *p, int size) const
>>> writeBlob call: this=0x7fffffffc710, addr=0xffff0e70, p=0x7fffffffc75c, size=4
Error in testing breakpoint condition:
No frame is currently executing in block gem5::PortProxy::writeBlob(unsigned long, void const*, int) const.

Breakpoint 1, gem5::PortProxy::writeBlob (this=0x7fffffffc710, addr=4294905460, p=0x7fffffffc75c, size=4) at src/mem/port_proxy.hh:192
192	    writeBlob(Addr addr, const void *p, int size) const
>>> writeBlob call: this=0x7fffffffc710, addr=0xffff0e74, p=0x7fffffffc75c, size=4
Error in testing breakpoint condition:
No frame is currently executing in block gem5::PortProxy::writeBlob(unsigned long, void const*, int) const.

Breakpoint 1, gem5::PortProxy::writeBlob (this=0x7fffffffc710, addr=4294905464, p=0x7fffffffc75c, size=4) at src/mem/port_proxy.hh:192
192	    writeBlob(Addr addr, const void *p, int size) const
>>> writeBlob call: this=0x7fffffffc710, addr=0xffff0e78, p=0x7fffffffc75c, size=4
Error in testing breakpoint condition:
No frame is currently executing in block gem5::PortProxy::writeBlob(unsigned long, void const*, int) const.

Breakpoint 1, gem5::PortProxy::writeBlob (this=0x7fffffffc710, addr=4294905468, p=0x7fffffffc75c, size=4) at src/mem/port_proxy.hh:192
192	    writeBlob(Addr addr, const void *p, int size) const
>>> writeBlob call: this=0x7fffffffc710, addr=0xffff0e7c, p=0x7fffffffc75c, size=4
Error in testing breakpoint condition:
No frame is currently executing in block gem5::PortProxy::writeBlob(unsigned long, void const*, int) const.

Breakpoint 1, gem5::PortProxy::writeBlob (this=0x7fffffffc710, addr=4294905472, p=0x7fffffffc75c, size=4) at src/mem/port_proxy.hh:192
192	    writeBlob(Addr addr, const void *p, int size) const
>>> writeBlob call: this=0x7fffffffc710, addr=0xffff0e80, p=0x7fffffffc75c, size=4
Error in testing breakpoint condition:
No frame is currently executing in block gem5::PortProxy::writeBlob(unsigned long, void const*, int) const.

Breakpoint 1, gem5::PortProxy::writeBlob (this=0x7fffffffc710, addr=4294905476, p=0x7fffffffc75c, size=4) at src/mem/port_proxy.hh:192
192	    writeBlob(Addr addr, const void *p, int size) const
>>> writeBlob call: this=0x7fffffffc710, addr=0xffff0e84, p=0x7fffffffc75c, size=4
Error in testing breakpoint condition:
No frame is currently executing in block gem5::PortProxy::writeBlob(unsigned long, void const*, int) const.

Breakpoint 1, gem5::PortProxy::writeBlob (this=0x7fffffffc710, addr=4294905480, p=0x7fffffffc75c, size=4) at src/mem/port_proxy.hh:192
192	    writeBlob(Addr addr, const void *p, int size) const
>>> writeBlob call: this=0x7fffffffc710, addr=0xffff0e88, p=0x7fffffffc75c, size=4
Error in testing breakpoint condition:
No frame is currently executing in block gem5::PortProxy::writeBlob(unsigned long, void const*, int) const.

Breakpoint 1, gem5::PortProxy::writeBlob (this=0x7fffffffc710, addr=4294905484, p=0x7fffffffc75c, size=4) at src/mem/port_proxy.hh:192
192	    writeBlob(Addr addr, const void *p, int size) const
>>> writeBlob call: this=0x7fffffffc710, addr=0xffff0e8c, p=0x7fffffffc75c, size=4
Error in testing breakpoint condition:
No frame is currently executing in block gem5::PortProxy::writeBlob(unsigned long, void const*, int) const.

Breakpoint 1, gem5::PortProxy::writeBlob (this=0x7fffffffc710, addr=4294905488, p=0x7fffffffc75c, size=4) at src/mem/port_proxy.hh:192
192	    writeBlob(Addr addr, const void *p, int size) const
>>> writeBlob call: this=0x7fffffffc710, addr=0xffff0e90, p=0x7fffffffc75c, size=4
Error in testing breakpoint condition:
No frame is currently executing in block gem5::PortProxy::writeBlob(unsigned long, void const*, int) const.

Breakpoint 1, gem5::PortProxy::writeBlob (this=0x7fffffffc710, addr=4294905492, p=0x7fffffffc75c, size=4) at src/mem/port_proxy.hh:192
192	    writeBlob(Addr addr, const void *p, int size) const
>>> writeBlob call: this=0x7fffffffc710, addr=0xffff0e94, p=0x7fffffffc75c, size=4
Error in testing breakpoint condition:
No frame is currently executing in block gem5::PortProxy::writeBlob(unsigned long, void const*, int) const.

Breakpoint 1, gem5::PortProxy::writeBlob (this=0x7fffffffc710, addr=4294905496, p=0x7fffffffc75c, size=4) at src/mem/port_proxy.hh:192
192	    writeBlob(Addr addr, const void *p, int size) const
>>> writeBlob call: this=0x7fffffffc710, addr=0xffff0e98, p=0x7fffffffc75c, size=4
Error in testing breakpoint condition:
No frame is currently executing in block gem5::PortProxy::writeBlob(unsigned long, void const*, int) const.

Breakpoint 1, gem5::PortProxy::writeBlob (this=0x7fffffffc710, addr=4294905500, p=0x7fffffffc75c, size=4) at src/mem/port_proxy.hh:192
192	    writeBlob(Addr addr, const void *p, int size) const
>>> writeBlob call: this=0x7fffffffc710, addr=0xffff0e9c, p=0x7fffffffc75c, size=4
Error in testing breakpoint condition:
No frame is currently executing in block gem5::PortProxy::writeBlob(unsigned long, void const*, int) const.

Breakpoint 1, gem5::PortProxy::writeBlob (this=0x7fffffffc710, addr=4294905504, p=0x7fffffffc75c, size=4) at src/mem/port_proxy.hh:192
192	    writeBlob(Addr addr, const void *p, int size) const
>>> writeBlob call: this=0x7fffffffc710, addr=0xffff0ea0, p=0x7fffffffc75c, size=4
Error in testing breakpoint condition:
No frame is currently executing in block gem5::PortProxy::writeBlob(unsigned long, void const*, int) const.

Breakpoint 1, gem5::PortProxy::writeBlob (this=0x7fffffffc710, addr=4294905508, p=0x7fffffffc75c, size=4) at src/mem/port_proxy.hh:192
192	    writeBlob(Addr addr, const void *p, int size) const
>>> writeBlob call: this=0x7fffffffc710, addr=0xffff0ea4, p=0x7fffffffc75c, size=4
Error in testing breakpoint condition:
No frame is currently executing in block gem5::PortProxy::writeBlob(unsigned long, void const*, int) const.

Breakpoint 1, gem5::PortProxy::writeBlob (this=0x7fffffffc710, addr=4294905512, p=0x7fffffffc75c, size=4) at src/mem/port_proxy.hh:192
192	    writeBlob(Addr addr, const void *p, int size) const
>>> writeBlob call: this=0x7fffffffc710, addr=0xffff0ea8, p=0x7fffffffc75c, size=4
Error in testing breakpoint condition:
No frame is currently executing in block gem5::PortProxy::writeBlob(unsigned long, void const*, int) const.

Breakpoint 1, gem5::PortProxy::writeBlob (this=0x7fffffffc710, addr=4294905516, p=0x7fffffffc75c, size=4) at src/mem/port_proxy.hh:192
192	    writeBlob(Addr addr, const void *p, int size) const
>>> writeBlob call: this=0x7fffffffc710, addr=0xffff0eac, p=0x7fffffffc75c, size=4
Error in testing breakpoint condition:
No frame is currently executing in block gem5::PortProxy::writeBlob(unsigned long, void const*, int) const.

Breakpoint 1, gem5::PortProxy::writeBlob (this=0x7fffffffc710, addr=4294905520, p=0x7fffffffc75c, size=4) at src/mem/port_proxy.hh:192
192	    writeBlob(Addr addr, const void *p, int size) const
>>> writeBlob call: this=0x7fffffffc710, addr=0xffff0eb0, p=0x7fffffffc75c, size=4
Error in testing breakpoint condition:
No frame is currently executing in block gem5::PortProxy::writeBlob(unsigned long, void const*, int) const.

Breakpoint 1, gem5::PortProxy::writeBlob (this=0x7fffffffc710, addr=4294905524, p=0x7fffffffc75c, size=4) at src/mem/port_proxy.hh:192
192	    writeBlob(Addr addr, const void *p, int size) const
>>> writeBlob call: this=0x7fffffffc710, addr=0xffff0eb4, p=0x7fffffffc75c, size=4
Error in testing breakpoint condition:
No frame is currently executing in block gem5::PortProxy::writeBlob(unsigned long, void const*, int) const.

Breakpoint 1, gem5::PortProxy::writeBlob (this=0x7fffffffc710, addr=4294905528, p=0x7fffffffc75c, size=4) at src/mem/port_proxy.hh:192
192	    writeBlob(Addr addr, const void *p, int size) const
>>> writeBlob call: this=0x7fffffffc710, addr=0xffff0eb8, p=0x7fffffffc75c, size=4
Error in testing breakpoint condition:
No frame is currently executing in block gem5::PortProxy::writeBlob(unsigned long, void const*, int) const.

Breakpoint 1, gem5::PortProxy::writeBlob (this=0x7fffffffc710, addr=4294905532, p=0x7fffffffc75c, size=4) at src/mem/port_proxy.hh:192
192	    writeBlob(Addr addr, const void *p, int size) const
>>> writeBlob call: this=0x7fffffffc710, addr=0xffff0ebc, p=0x7fffffffc75c, size=4
Error in testing breakpoint condition:
No frame is currently executing in block gem5::PortProxy::writeBlob(unsigned long, void const*, int) const.

Breakpoint 1, gem5::PortProxy::writeBlob (this=0x7fffffffc710, addr=4294905536, p=0x7fffffffc75c, size=4) at src/mem/port_proxy.hh:192
192	    writeBlob(Addr addr, const void *p, int size) const
>>> writeBlob call: this=0x7fffffffc710, addr=0xffff0ec0, p=0x7fffffffc75c, size=4
Error in testing breakpoint condition:
No frame is currently executing in block gem5::PortProxy::writeBlob(unsigned long, void const*, int) const.

Breakpoint 1, gem5::PortProxy::writeBlob (this=0x7fffffffc710, addr=4294905540, p=0x7fffffffc75c, size=4) at src/mem/port_proxy.hh:192
192	    writeBlob(Addr addr, const void *p, int size) const
>>> writeBlob call: this=0x7fffffffc710, addr=0xffff0ec4, p=0x7fffffffc75c, size=4
Error in testing breakpoint condition:
No frame is currently executing in block gem5::PortProxy::writeBlob(unsigned long, void const*, int) const.

Breakpoint 1, gem5::PortProxy::writeBlob (this=0x7fffffffc710, addr=4294905544, p=0x7fffffffc75c, size=4) at src/mem/port_proxy.hh:192
192	    writeBlob(Addr addr, const void *p, int size) const
>>> writeBlob call: this=0x7fffffffc710, addr=0xffff0ec8, p=0x7fffffffc75c, size=4
Error in testing breakpoint condition:
No frame is currently executing in block gem5::PortProxy::writeBlob(unsigned long, void const*, int) const.

Breakpoint 1, gem5::PortProxy::writeBlob (this=0x7fffffffc710, addr=4294905548, p=0x7fffffffc75c, size=4) at src/mem/port_proxy.hh:192
192	    writeBlob(Addr addr, const void *p, int size) const
>>> writeBlob call: this=0x7fffffffc710, addr=0xffff0ecc, p=0x7fffffffc75c, size=4
Error in testing breakpoint condition:
No frame is currently executing in block gem5::PortProxy::writeBlob(unsigned long, void const*, int) const.

Breakpoint 1, gem5::PortProxy::writeBlob (this=0x7fffffffc710, addr=4294905552, p=0x7fffffffc75c, size=4) at src/mem/port_proxy.hh:192
192	    writeBlob(Addr addr, const void *p, int size) const
>>> writeBlob call: this=0x7fffffffc710, addr=0xffff0ed0, p=0x7fffffffc75c, size=4
Error in testing breakpoint condition:
No frame is currently executing in block gem5::PortProxy::writeBlob(unsigned long, void const*, int) const.

Breakpoint 1, gem5::PortProxy::writeBlob (this=0x7fffffffc710, addr=4294905556, p=0x7fffffffc75c, size=4) at src/mem/port_proxy.hh:192
192	    writeBlob(Addr addr, const void *p, int size) const
>>> writeBlob call: this=0x7fffffffc710, addr=0xffff0ed4, p=0x7fffffffc75c, size=4
Error in testing breakpoint condition:
No frame is currently executing in block gem5::PortProxy::writeBlob(unsigned long, void const*, int) const.

Breakpoint 1, gem5::PortProxy::writeBlob (this=0x7fffffffc710, addr=4294905560, p=0x7fffffffc75c, size=4) at src/mem/port_proxy.hh:192
192	    writeBlob(Addr addr, const void *p, int size) const
>>> writeBlob call: this=0x7fffffffc710, addr=0xffff0ed8, p=0x7fffffffc75c, size=4
Error in testing breakpoint condition:
No frame is currently executing in block gem5::PortProxy::writeBlob(unsigned long, void const*, int) const.

Breakpoint 1, gem5::PortProxy::writeBlob (this=0x7fffffffc710, addr=4294905564, p=0x7fffffffc75c, size=4) at src/mem/port_proxy.hh:192
192	    writeBlob(Addr addr, const void *p, int size) const
>>> writeBlob call: this=0x7fffffffc710, addr=0xffff0edc, p=0x7fffffffc75c, size=4
Error in testing breakpoint condition:
No frame is currently executing in block gem5::PortProxy::writeBlob(unsigned long, void const*, int) const.

Breakpoint 1, gem5::PortProxy::writeBlob (this=0x7fffffffc710, addr=4294905568, p=0x7fffffffc75c, size=4) at src/mem/port_proxy.hh:192
192	    writeBlob(Addr addr, const void *p, int size) const
>>> writeBlob call: this=0x7fffffffc710, addr=0xffff0ee0, p=0x7fffffffc75c, size=4
Error in testing breakpoint condition:
No frame is currently executing in block gem5::PortProxy::writeBlob(unsigned long, void const*, int) const.

Breakpoint 1, gem5::PortProxy::writeBlob (this=0x7fffffffc710, addr=4294905572, p=0x7fffffffc75c, size=4) at src/mem/port_proxy.hh:192
192	    writeBlob(Addr addr, const void *p, int size) const
>>> writeBlob call: this=0x7fffffffc710, addr=0xffff0ee4, p=0x7fffffffc75c, size=4
Error in testing breakpoint condition:
No frame is currently executing in block gem5::PortProxy::writeBlob(unsigned long, void const*, int) const.

Breakpoint 1, gem5::PortProxy::writeBlob (this=0x7fffffffc710, addr=4294905576, p=0x7fffffffc75c, size=4) at src/mem/port_proxy.hh:192
192	    writeBlob(Addr addr, const void *p, int size) const
>>> writeBlob call: this=0x7fffffffc710, addr=0xffff0ee8, p=0x7fffffffc75c, size=4
Error in testing breakpoint condition:
No frame is currently executing in block gem5::PortProxy::writeBlob(unsigned long, void const*, int) const.

Breakpoint 1, gem5::PortProxy::writeBlob (this=0x7fffffffc710, addr=4294905580, p=0x7fffffffc75c, size=4) at src/mem/port_proxy.hh:192
192	    writeBlob(Addr addr, const void *p, int size) const
>>> writeBlob call: this=0x7fffffffc710, addr=0xffff0eec, p=0x7fffffffc75c, size=4
Error in testing breakpoint condition:
No frame is currently executing in block gem5::PortProxy::writeBlob(unsigned long, void const*, int) const.

Breakpoint 1, gem5::PortProxy::writeBlob (this=0x7fffffffc710, addr=4294905584, p=0x7fffffffc75c, size=4) at src/mem/port_proxy.hh:192
192	    writeBlob(Addr addr, const void *p, int size) const
>>> writeBlob call: this=0x7fffffffc710, addr=0xffff0ef0, p=0x7fffffffc75c, size=4
Error in testing breakpoint condition:
No frame is currently executing in block gem5::PortProxy::writeBlob(unsigned long, void const*, int) const.

Breakpoint 1, gem5::PortProxy::writeBlob (this=0x7fffffffc710, addr=4294905588, p=0x7fffffffc75c, size=4) at src/mem/port_proxy.hh:192
192	    writeBlob(Addr addr, const void *p, int size) const
>>> writeBlob call: this=0x7fffffffc710, addr=0xffff0ef4, p=0x7fffffffc75c, size=4
Error in testing breakpoint condition:
No frame is currently executing in block gem5::PortProxy::writeBlob(unsigned long, void const*, int) const.

Breakpoint 1, gem5::PortProxy::writeBlob (this=0x7fffffffc710, addr=4294905592, p=0x7fffffffc75c, size=4) at src/mem/port_proxy.hh:192
192	    writeBlob(Addr addr, const void *p, int size) const
>>> writeBlob call: this=0x7fffffffc710, addr=0xffff0ef8, p=0x7fffffffc75c, size=4
Error in testing breakpoint condition:
No frame is currently executing in block gem5::PortProxy::writeBlob(unsigned long, void const*, int) const.

Breakpoint 1, gem5::PortProxy::writeBlob (this=0x7fffffffc710, addr=4294905596, p=0x7fffffffc75c, size=4) at src/mem/port_proxy.hh:192
192	    writeBlob(Addr addr, const void *p, int size) const
>>> writeBlob call: this=0x7fffffffc710, addr=0xffff0efc, p=0x7fffffffc75c, size=4
Error in testing breakpoint condition:
No frame is currently executing in block gem5::PortProxy::writeBlob(unsigned long, void const*, int) const.

Breakpoint 1, gem5::PortProxy::writeBlob (this=0x7fffffffc710, addr=4294905600, p=0x7fffffffc75c, size=4) at src/mem/port_proxy.hh:192
192	    writeBlob(Addr addr, const void *p, int size) const
>>> writeBlob call: this=0x7fffffffc710, addr=0xffff0f00, p=0x7fffffffc75c, size=4
Error in testing breakpoint condition:
No frame is currently executing in block gem5::PortProxy::writeBlob(unsigned long, void const*, int) const.

Breakpoint 1, gem5::PortProxy::writeBlob (this=0x7fffffffc710, addr=4294905604, p=0x7fffffffc75c, size=4) at src/mem/port_proxy.hh:192
192	    writeBlob(Addr addr, const void *p, int size) const
>>> writeBlob call: this=0x7fffffffc710, addr=0xffff0f04, p=0x7fffffffc75c, size=4
Error in testing breakpoint condition:
No frame is currently executing in block gem5::PortProxy::writeBlob(unsigned long, void const*, int) const.

Breakpoint 1, gem5::PortProxy::writeBlob (this=0x7fffffffc710, addr=4294905608, p=0x7fffffffc75c, size=4) at src/mem/port_proxy.hh:192
192	    writeBlob(Addr addr, const void *p, int size) const
>>> writeBlob call: this=0x7fffffffc710, addr=0xffff0f08, p=0x7fffffffc75c, size=4
Error in testing breakpoint condition:
No frame is currently executing in block gem5::PortProxy::writeBlob(unsigned long, void const*, int) const.

Breakpoint 1, gem5::PortProxy::writeBlob (this=0x7fffffffc710, addr=4294905612, p=0x7fffffffc75c, size=4) at src/mem/port_proxy.hh:192
192	    writeBlob(Addr addr, const void *p, int size) const
>>> writeBlob call: this=0x7fffffffc710, addr=0xffff0f0c, p=0x7fffffffc75c, size=4
Error in testing breakpoint condition:
No frame is currently executing in block gem5::PortProxy::writeBlob(unsigned long, void const*, int) const.

Breakpoint 1, gem5::PortProxy::writeBlob (this=0x7fffffffc710, addr=4294905616, p=0x7fffffffc75c, size=4) at src/mem/port_proxy.hh:192
192	    writeBlob(Addr addr, const void *p, int size) const
>>> writeBlob call: this=0x7fffffffc710, addr=0xffff0f10, p=0x7fffffffc75c, size=4
Error in testing breakpoint condition:
No frame is currently executing in block gem5::PortProxy::writeBlob(unsigned long, void const*, int) const.

Breakpoint 1, gem5::PortProxy::writeBlob (this=0x7fffffffc710, addr=4294905620, p=0x7fffffffc75c, size=4) at src/mem/port_proxy.hh:192
192	    writeBlob(Addr addr, const void *p, int size) const
>>> writeBlob call: this=0x7fffffffc710, addr=0xffff0f14, p=0x7fffffffc75c, size=4
Error in testing breakpoint condition:
No frame is currently executing in block gem5::PortProxy::writeBlob(unsigned long, void const*, int) const.

Breakpoint 1, gem5::PortProxy::writeBlob (this=0x7fffffffc710, addr=4294905624, p=0x7fffffffc75c, size=4) at src/mem/port_proxy.hh:192
192	    writeBlob(Addr addr, const void *p, int size) const
>>> writeBlob call: this=0x7fffffffc710, addr=0xffff0f18, p=0x7fffffffc75c, size=4
Error in testing breakpoint condition:
No frame is currently executing in block gem5::PortProxy::writeBlob(unsigned long, void const*, int) const.

Breakpoint 1, gem5::PortProxy::writeBlob (this=0x7fffffffc710, addr=4294905628, p=0x7fffffffc75c, size=4) at src/mem/port_proxy.hh:192
192	    writeBlob(Addr addr, const void *p, int size) const
>>> writeBlob call: this=0x7fffffffc710, addr=0xffff0f1c, p=0x7fffffffc75c, size=4
Error in testing breakpoint condition:
No frame is currently executing in block gem5::PortProxy::writeBlob(unsigned long, void const*, int) const.

Breakpoint 1, gem5::PortProxy::writeBlob (this=0x7fffffffc710, addr=4294905632, p=0x7fffffffc75c, size=4) at src/mem/port_proxy.hh:192
192	    writeBlob(Addr addr, const void *p, int size) const
>>> writeBlob call: this=0x7fffffffc710, addr=0xffff0f20, p=0x7fffffffc75c, size=4
Error in testing breakpoint condition:
No frame is currently executing in block gem5::PortProxy::writeBlob(unsigned long, void const*, int) const.

Breakpoint 1, gem5::PortProxy::writeBlob (this=0x7fffffffc710, addr=4294905636, p=0x7fffffffc75c, size=4) at src/mem/port_proxy.hh:192
192	    writeBlob(Addr addr, const void *p, int size) const
>>> writeBlob call: this=0x7fffffffc710, addr=0xffff0f24, p=0x7fffffffc75c, size=4
Error in testing breakpoint condition:
No frame is currently executing in block gem5::PortProxy::writeBlob(unsigned long, void const*, int) const.

Breakpoint 1, gem5::PortProxy::writeBlob (this=0x7fffffffc710, addr=4294905640, p=0x7fffffffc75c, size=4) at src/mem/port_proxy.hh:192
192	    writeBlob(Addr addr, const void *p, int size) const
>>> writeBlob call: this=0x7fffffffc710, addr=0xffff0f28, p=0x7fffffffc75c, size=4
Error in testing breakpoint condition:
No frame is currently executing in block gem5::PortProxy::writeBlob(unsigned long, void const*, int) const.

Breakpoint 1, gem5::PortProxy::writeBlob (this=0x7fffffffc710, addr=4294905644, p=0x7fffffffc75c, size=4) at src/mem/port_proxy.hh:192
192	    writeBlob(Addr addr, const void *p, int size) const
>>> writeBlob call: this=0x7fffffffc710, addr=0xffff0f2c, p=0x7fffffffc75c, size=4
Error in testing breakpoint condition:
No frame is currently executing in block gem5::PortProxy::writeBlob(unsigned long, void const*, int) const.

Breakpoint 1, gem5::PortProxy::writeBlob (this=0x7fffffffc710, addr=4294905648, p=0x7fffffffc75c, size=4) at src/mem/port_proxy.hh:192
192	    writeBlob(Addr addr, const void *p, int size) const
>>> writeBlob call: this=0x7fffffffc710, addr=0xffff0f30, p=0x7fffffffc75c, size=4
Error in testing breakpoint condition:
No frame is currently executing in block gem5::PortProxy::writeBlob(unsigned long, void const*, int) const.

Breakpoint 1, gem5::PortProxy::writeBlob (this=0x7fffffffc710, addr=4294905652, p=0x7fffffffc75c, size=4) at src/mem/port_proxy.hh:192
192	    writeBlob(Addr addr, const void *p, int size) const
>>> writeBlob call: this=0x7fffffffc710, addr=0xffff0f34, p=0x7fffffffc75c, size=4
Error in testing breakpoint condition:
No frame is currently executing in block gem5::PortProxy::writeBlob(unsigned long, void const*, int) const.

Breakpoint 1, gem5::PortProxy::writeBlob (this=0x7fffffffc710, addr=4294905656, p=0x7fffffffc75c, size=4) at src/mem/port_proxy.hh:192
192	    writeBlob(Addr addr, const void *p, int size) const
>>> writeBlob call: this=0x7fffffffc710, addr=0xffff0f38, p=0x7fffffffc75c, size=4
Error in testing breakpoint condition:
No frame is currently executing in block gem5::PortProxy::writeBlob(unsigned long, void const*, int) const.

Breakpoint 1, gem5::PortProxy::writeBlob (this=0x7fffffffc710, addr=4294905660, p=0x7fffffffc75c, size=4) at src/mem/port_proxy.hh:192
192	    writeBlob(Addr addr, const void *p, int size) const
>>> writeBlob call: this=0x7fffffffc710, addr=0xffff0f3c, p=0x7fffffffc75c, size=4
Error in testing breakpoint condition:
No frame is currently executing in block gem5::PortProxy::writeBlob(unsigned long, void const*, int) const.

Breakpoint 1, gem5::PortProxy::writeBlob (this=0x7fffffffc710, addr=4294905664, p=0x7fffffffc75c, size=4) at src/mem/port_proxy.hh:192
192	    writeBlob(Addr addr, const void *p, int size) const
>>> writeBlob call: this=0x7fffffffc710, addr=0xffff0f40, p=0x7fffffffc75c, size=4
Error in testing breakpoint condition:
No frame is currently executing in block gem5::PortProxy::writeBlob(unsigned long, void const*, int) const.

Breakpoint 1, gem5::PortProxy::writeBlob (this=0x7fffffffc710, addr=4294905668, p=0x7fffffffc75c, size=4) at src/mem/port_proxy.hh:192
192	    writeBlob(Addr addr, const void *p, int size) const
>>> writeBlob call: this=0x7fffffffc710, addr=0xffff0f44, p=0x7fffffffc75c, size=4
Error in testing breakpoint condition:
No frame is currently executing in block gem5::PortProxy::writeBlob(unsigned long, void const*, int) const.

Breakpoint 1, gem5::PortProxy::writeBlob (this=0x7fffffffc710, addr=4294905672, p=0x7fffffffc75c, size=4) at src/mem/port_proxy.hh:192
192	    writeBlob(Addr addr, const void *p, int size) const
>>> writeBlob call: this=0x7fffffffc710, addr=0xffff0f48, p=0x7fffffffc75c, size=4
Error in testing breakpoint condition:
No frame is currently executing in block gem5::PortProxy::writeBlob(unsigned long, void const*, int) const.

Breakpoint 1, gem5::PortProxy::writeBlob (this=0x7fffffffc710, addr=4294905676, p=0x7fffffffc75c, size=4) at src/mem/port_proxy.hh:192
192	    writeBlob(Addr addr, const void *p, int size) const
>>> writeBlob call: this=0x7fffffffc710, addr=0xffff0f4c, p=0x7fffffffc75c, size=4
Error in testing breakpoint condition:
No frame is currently executing in block gem5::PortProxy::writeBlob(unsigned long, void const*, int) const.

Breakpoint 1, gem5::PortProxy::writeBlob (this=0x7fffffffc710, addr=4294905680, p=0x7fffffffc75c, size=4) at src/mem/port_proxy.hh:192
192	    writeBlob(Addr addr, const void *p, int size) const
>>> writeBlob call: this=0x7fffffffc710, addr=0xffff0f50, p=0x7fffffffc75c, size=4
Error in testing breakpoint condition:
No frame is currently executing in block gem5::PortProxy::writeBlob(unsigned long, void const*, int) const.

Breakpoint 1, gem5::PortProxy::writeBlob (this=0x7fffffffc710, addr=4294905684, p=0x7fffffffc75c, size=4) at src/mem/port_proxy.hh:192
192	    writeBlob(Addr addr, const void *p, int size) const
>>> writeBlob call: this=0x7fffffffc710, addr=0xffff0f54, p=0x7fffffffc75c, size=4
Error in testing breakpoint condition:
No frame is currently executing in block gem5::PortProxy::writeBlob(unsigned long, void const*, int) const.

Breakpoint 1, gem5::PortProxy::writeBlob (this=0x7fffffffc710, addr=4294905688, p=0x7fffffffc75c, size=4) at src/mem/port_proxy.hh:192
192	    writeBlob(Addr addr, const void *p, int size) const
>>> writeBlob call: this=0x7fffffffc710, addr=0xffff0f58, p=0x7fffffffc75c, size=4
Error in testing breakpoint condition:
No frame is currently executing in block gem5::PortProxy::writeBlob(unsigned long, void const*, int) const.

Breakpoint 1, gem5::PortProxy::writeBlob (this=0x7fffffffc710, addr=4294905692, p=0x7fffffffc75c, size=4) at src/mem/port_proxy.hh:192
192	    writeBlob(Addr addr, const void *p, int size) const
>>> writeBlob call: this=0x7fffffffc710, addr=0xffff0f5c, p=0x7fffffffc75c, size=4
Error in testing breakpoint condition:
No frame is currently executing in block gem5::PortProxy::writeBlob(unsigned long, void const*, int) const.

Breakpoint 1, gem5::PortProxy::writeBlob (this=0x7fffffffc710, addr=4294905696, p=0x7fffffffc75c, size=4) at src/mem/port_proxy.hh:192
192	    writeBlob(Addr addr, const void *p, int size) const
>>> writeBlob call: this=0x7fffffffc710, addr=0xffff0f60, p=0x7fffffffc75c, size=4
Error in testing breakpoint condition:
No frame is currently executing in block gem5::PortProxy::writeBlob(unsigned long, void const*, int) const.

Breakpoint 1, gem5::PortProxy::writeBlob (this=0x7fffffffc710, addr=4294905700, p=0x7fffffffc75c, size=4) at src/mem/port_proxy.hh:192
192	    writeBlob(Addr addr, const void *p, int size) const
>>> writeBlob call: this=0x7fffffffc710, addr=0xffff0f64, p=0x7fffffffc75c, size=4
Error in testing breakpoint condition:
No frame is currently executing in block gem5::PortProxy::writeBlob(unsigned long, void const*, int) const.

Breakpoint 1, gem5::PortProxy::writeBlob (this=0x7fffffffc710, addr=4294905704, p=0x7fffffffc75c, size=4) at src/mem/port_proxy.hh:192
192	    writeBlob(Addr addr, const void *p, int size) const
>>> writeBlob call: this=0x7fffffffc710, addr=0xffff0f68, p=0x7fffffffc75c, size=4
Error in testing breakpoint condition:
No frame is currently executing in block gem5::PortProxy::writeBlob(unsigned long, void const*, int) const.

Breakpoint 1, gem5::PortProxy::writeBlob (this=0x7fffffffc710, addr=4294905708, p=0x7fffffffc75c, size=4) at src/mem/port_proxy.hh:192
192	    writeBlob(Addr addr, const void *p, int size) const
>>> writeBlob call: this=0x7fffffffc710, addr=0xffff0f6c, p=0x7fffffffc75c, size=4
Error in testing breakpoint condition:
No frame is currently executing in block gem5::PortProxy::writeBlob(unsigned long, void const*, int) const.

Breakpoint 1, gem5::PortProxy::writeBlob (this=0x7fffffffc710, addr=4294905712, p=0x7fffffffc75c, size=4) at src/mem/port_proxy.hh:192
192	    writeBlob(Addr addr, const void *p, int size) const
>>> writeBlob call: this=0x7fffffffc710, addr=0xffff0f70, p=0x7fffffffc75c, size=4
Error in testing breakpoint condition:
No frame is currently executing in block gem5::PortProxy::writeBlob(unsigned long, void const*, int) const.

Breakpoint 1, gem5::PortProxy::writeBlob (this=0x7fffffffc710, addr=4294905716, p=0x7fffffffc75c, size=4) at src/mem/port_proxy.hh:192
192	    writeBlob(Addr addr, const void *p, int size) const
>>> writeBlob call: this=0x7fffffffc710, addr=0xffff0f74, p=0x7fffffffc75c, size=4
Error in testing breakpoint condition:
No frame is currently executing in block gem5::PortProxy::writeBlob(unsigned long, void const*, int) const.

Breakpoint 1, gem5::PortProxy::writeBlob (this=0x7fffffffc710, addr=4294905720, p=0x7fffffffc75c, size=4) at src/mem/port_proxy.hh:192
192	    writeBlob(Addr addr, const void *p, int size) const
>>> writeBlob call: this=0x7fffffffc710, addr=0xffff0f78, p=0x7fffffffc75c, size=4
Error in testing breakpoint condition:
No frame is currently executing in block gem5::PortProxy::writeBlob(unsigned long, void const*, int) const.

Breakpoint 1, gem5::PortProxy::writeBlob (this=0x7fffffffc710, addr=4294905724, p=0x7fffffffc75c, size=4) at src/mem/port_proxy.hh:192
192	    writeBlob(Addr addr, const void *p, int size) const
>>> writeBlob call: this=0x7fffffffc710, addr=0xffff0f7c, p=0x7fffffffc75c, size=4
Error in testing breakpoint condition:
No frame is currently executing in block gem5::PortProxy::writeBlob(unsigned long, void const*, int) const.

Breakpoint 1, gem5::PortProxy::writeBlob (this=0x7fffffffc710, addr=4294905728, p=0x7fffffffc75c, size=4) at src/mem/port_proxy.hh:192
192	    writeBlob(Addr addr, const void *p, int size) const
>>> writeBlob call: this=0x7fffffffc710, addr=0xffff0f80, p=0x7fffffffc75c, size=4
Error in testing breakpoint condition:
No frame is currently executing in block gem5::PortProxy::writeBlob(unsigned long, void const*, int) const.

Breakpoint 1, gem5::PortProxy::writeBlob (this=0x7fffffffc710, addr=4294905732, p=0x7fffffffc75c, size=4) at src/mem/port_proxy.hh:192
192	    writeBlob(Addr addr, const void *p, int size) const
>>> writeBlob call: this=0x7fffffffc710, addr=0xffff0f84, p=0x7fffffffc75c, size=4
Error in testing breakpoint condition:
No frame is currently executing in block gem5::PortProxy::writeBlob(unsigned long, void const*, int) const.

Breakpoint 1, gem5::PortProxy::writeBlob (this=0x7fffffffc710, addr=4294905736, p=0x7fffffffc75c, size=4) at src/mem/port_proxy.hh:192
192	    writeBlob(Addr addr, const void *p, int size) const
>>> writeBlob call: this=0x7fffffffc710, addr=0xffff0f88, p=0x7fffffffc75c, size=4
Error in testing breakpoint condition:
No frame is currently executing in block gem5::PortProxy::writeBlob(unsigned long, void const*, int) const.

Breakpoint 1, gem5::PortProxy::writeBlob (this=0x7fffffffc710, addr=4294905740, p=0x7fffffffc75c, size=4) at src/mem/port_proxy.hh:192
192	    writeBlob(Addr addr, const void *p, int size) const
>>> writeBlob call: this=0x7fffffffc710, addr=0xffff0f8c, p=0x7fffffffc75c, size=4
Error in testing breakpoint condition:
No frame is currently executing in block gem5::PortProxy::writeBlob(unsigned long, void const*, int) const.

Breakpoint 1, gem5::PortProxy::writeBlob (this=0x7fffffffc710, addr=4294905744, p=0x7fffffffc75c, size=4) at src/mem/port_proxy.hh:192
192	    writeBlob(Addr addr, const void *p, int size) const
>>> writeBlob call: this=0x7fffffffc710, addr=0xffff0f90, p=0x7fffffffc75c, size=4
Error in testing breakpoint condition:
No frame is currently executing in block gem5::PortProxy::writeBlob(unsigned long, void const*, int) const.

Breakpoint 1, gem5::PortProxy::writeBlob (this=0x7fffffffc710, addr=4294905748, p=0x7fffffffc75c, size=4) at src/mem/port_proxy.hh:192
192	    writeBlob(Addr addr, const void *p, int size) const
>>> writeBlob call: this=0x7fffffffc710, addr=0xffff0f94, p=0x7fffffffc75c, size=4
Error in testing breakpoint condition:
No frame is currently executing in block gem5::PortProxy::writeBlob(unsigned long, void const*, int) const.

Breakpoint 1, gem5::PortProxy::writeBlob (this=0x7fffffffc710, addr=4294905752, p=0x7fffffffc75c, size=4) at src/mem/port_proxy.hh:192
192	    writeBlob(Addr addr, const void *p, int size) const
>>> writeBlob call: this=0x7fffffffc710, addr=0xffff0f98, p=0x7fffffffc75c, size=4
Error in testing breakpoint condition:
No frame is currently executing in block gem5::PortProxy::writeBlob(unsigned long, void const*, int) const.

Breakpoint 1, gem5::PortProxy::writeBlob (this=0x7fffffffc710, addr=4294905756, p=0x7fffffffc75c, size=4) at src/mem/port_proxy.hh:192
192	    writeBlob(Addr addr, const void *p, int size) const
>>> writeBlob call: this=0x7fffffffc710, addr=0xffff0f9c, p=0x7fffffffc75c, size=4
Error in testing breakpoint condition:
No frame is currently executing in block gem5::PortProxy::writeBlob(unsigned long, void const*, int) const.

Breakpoint 1, gem5::PortProxy::writeBlob (this=0x7fffffffc710, addr=4294905760, p=0x7fffffffc75c, size=4) at src/mem/port_proxy.hh:192
192	    writeBlob(Addr addr, const void *p, int size) const
>>> writeBlob call: this=0x7fffffffc710, addr=0xffff0fa0, p=0x7fffffffc75c, size=4
Error in testing breakpoint condition:
No frame is currently executing in block gem5::PortProxy::writeBlob(unsigned long, void const*, int) const.

Breakpoint 1, gem5::PortProxy::writeBlob (this=0x7fffffffc710, addr=4294905764, p=0x7fffffffc75c, size=4) at src/mem/port_proxy.hh:192
192	    writeBlob(Addr addr, const void *p, int size) const
>>> writeBlob call: this=0x7fffffffc710, addr=0xffff0fa4, p=0x7fffffffc75c, size=4
Error in testing breakpoint condition:
No frame is currently executing in block gem5::PortProxy::writeBlob(unsigned long, void const*, int) const.

Breakpoint 1, gem5::PortProxy::writeBlob (this=0x7fffffffc710, addr=4294905768, p=0x7fffffffc75c, size=4) at src/mem/port_proxy.hh:192
192	    writeBlob(Addr addr, const void *p, int size) const
>>> writeBlob call: this=0x7fffffffc710, addr=0xffff0fa8, p=0x7fffffffc75c, size=4
Error in testing breakpoint condition:
No frame is currently executing in block gem5::PortProxy::writeBlob(unsigned long, void const*, int) const.

Breakpoint 1, gem5::PortProxy::writeBlob (this=0x7fffffffc710, addr=4294905772, p=0x7fffffffc75c, size=4) at src/mem/port_proxy.hh:192
192	    writeBlob(Addr addr, const void *p, int size) const
>>> writeBlob call: this=0x7fffffffc710, addr=0xffff0fac, p=0x7fffffffc75c, size=4
Error in testing breakpoint condition:
No frame is currently executing in block gem5::PortProxy::writeBlob(unsigned long, void const*, int) const.

Breakpoint 1, gem5::PortProxy::writeBlob (this=0x7fffffffc710, addr=4294905776, p=0x7fffffffc75c, size=4) at src/mem/port_proxy.hh:192
192	    writeBlob(Addr addr, const void *p, int size) const
>>> writeBlob call: this=0x7fffffffc710, addr=0xffff0fb0, p=0x7fffffffc75c, size=4
Error in testing breakpoint condition:
No frame is currently executing in block gem5::PortProxy::writeBlob(unsigned long, void const*, int) const.

Breakpoint 1, gem5::PortProxy::writeBlob (this=0x7fffffffc710, addr=4294905780, p=0x7fffffffc75c, size=4) at src/mem/port_proxy.hh:192
192	    writeBlob(Addr addr, const void *p, int size) const
>>> writeBlob call: this=0x7fffffffc710, addr=0xffff0fb4, p=0x7fffffffc75c, size=4
Error in testing breakpoint condition:
No frame is currently executing in block gem5::PortProxy::writeBlob(unsigned long, void const*, int) const.

Breakpoint 1, gem5::PortProxy::writeBlob (this=0x7fffffffc710, addr=4294905784, p=0x7fffffffc75c, size=4) at src/mem/port_proxy.hh:192
192	    writeBlob(Addr addr, const void *p, int size) const
>>> writeBlob call: this=0x7fffffffc710, addr=0xffff0fb8, p=0x7fffffffc75c, size=4
Error in testing breakpoint condition:
No frame is currently executing in block gem5::PortProxy::writeBlob(unsigned long, void const*, int) const.

Breakpoint 1, gem5::PortProxy::writeBlob (this=0x7fffffffc710, addr=4294905788, p=0x7fffffffc75c, size=4) at src/mem/port_proxy.hh:192
192	    writeBlob(Addr addr, const void *p, int size) const
>>> writeBlob call: this=0x7fffffffc710, addr=0xffff0fbc, p=0x7fffffffc75c, size=4
Error in testing breakpoint condition:
No frame is currently executing in block gem5::PortProxy::writeBlob(unsigned long, void const*, int) const.

Breakpoint 1, gem5::PortProxy::writeBlob (this=0x7fffffffc710, addr=4294905792, p=0x7fffffffc75c, size=4) at src/mem/port_proxy.hh:192
192	    writeBlob(Addr addr, const void *p, int size) const
>>> writeBlob call: this=0x7fffffffc710, addr=0xffff0fc0, p=0x7fffffffc75c, size=4
Error in testing breakpoint condition:
No frame is currently executing in block gem5::PortProxy::writeBlob(unsigned long, void const*, int) const.

Breakpoint 1, gem5::PortProxy::writeBlob (this=0x7fffffffc710, addr=4294905796, p=0x7fffffffc75c, size=4) at src/mem/port_proxy.hh:192
192	    writeBlob(Addr addr, const void *p, int size) const
>>> writeBlob call: this=0x7fffffffc710, addr=0xffff0fc4, p=0x7fffffffc75c, size=4
Error in testing breakpoint condition:
No frame is currently executing in block gem5::PortProxy::writeBlob(unsigned long, void const*, int) const.

Breakpoint 1, gem5::PortProxy::writeBlob (this=0x7fffffffc710, addr=4294905800, p=0x7fffffffc75c, size=4) at src/mem/port_proxy.hh:192
192	    writeBlob(Addr addr, const void *p, int size) const
>>> writeBlob call: this=0x7fffffffc710, addr=0xffff0fc8, p=0x7fffffffc75c, size=4
Error in testing breakpoint condition:
No frame is currently executing in block gem5::PortProxy::writeBlob(unsigned long, void const*, int) const.

Breakpoint 1, gem5::PortProxy::writeBlob (this=0x7fffffffc710, addr=4294905804, p=0x7fffffffc75c, size=4) at src/mem/port_proxy.hh:192
192	    writeBlob(Addr addr, const void *p, int size) const
>>> writeBlob call: this=0x7fffffffc710, addr=0xffff0fcc, p=0x7fffffffc75c, size=4
Error in testing breakpoint condition:
No frame is currently executing in block gem5::PortProxy::writeBlob(unsigned long, void const*, int) const.

Breakpoint 1, gem5::PortProxy::writeBlob (this=0x7fffffffc710, addr=4294905808, p=0x7fffffffc75c, size=4) at src/mem/port_proxy.hh:192
192	    writeBlob(Addr addr, const void *p, int size) const
>>> writeBlob call: this=0x7fffffffc710, addr=0xffff0fd0, p=0x7fffffffc75c, size=4
Error in testing breakpoint condition:
No frame is currently executing in block gem5::PortProxy::writeBlob(unsigned long, void const*, int) const.

Breakpoint 1, gem5::PortProxy::writeBlob (this=0x7fffffffc710, addr=4294905812, p=0x7fffffffc75c, size=4) at src/mem/port_proxy.hh:192
192	    writeBlob(Addr addr, const void *p, int size) const
>>> writeBlob call: this=0x7fffffffc710, addr=0xffff0fd4, p=0x7fffffffc75c, size=4
Error in testing breakpoint condition:
No frame is currently executing in block gem5::PortProxy::writeBlob(unsigned long, void const*, int) const.

Breakpoint 1, gem5::PortProxy::writeBlob (this=0x7fffffffc710, addr=4294905816, p=0x7fffffffc75c, size=4) at src/mem/port_proxy.hh:192
192	    writeBlob(Addr addr, const void *p, int size) const
>>> writeBlob call: this=0x7fffffffc710, addr=0xffff0fd8, p=0x7fffffffc75c, size=4
Error in testing breakpoint condition:
No frame is currently executing in block gem5::PortProxy::writeBlob(unsigned long, void const*, int) const.

Breakpoint 1, gem5::PortProxy::writeBlob (this=0x7fffffffc710, addr=4294905820, p=0x7fffffffc75c, size=4) at src/mem/port_proxy.hh:192
192	    writeBlob(Addr addr, const void *p, int size) const
>>> writeBlob call: this=0x7fffffffc710, addr=0xffff0fdc, p=0x7fffffffc75c, size=4
Error in testing breakpoint condition:
No frame is currently executing in block gem5::PortProxy::writeBlob(unsigned long, void const*, int) const.

Breakpoint 1, gem5::PortProxy::writeBlob (this=0x7fffffffc710, addr=4294905824, p=0x7fffffffc75c, size=4) at src/mem/port_proxy.hh:192
192	    writeBlob(Addr addr, const void *p, int size) const
>>> writeBlob call: this=0x7fffffffc710, addr=0xffff0fe0, p=0x7fffffffc75c, size=4
Error in testing breakpoint condition:
No frame is currently executing in block gem5::PortProxy::writeBlob(unsigned long, void const*, int) const.

Breakpoint 1, gem5::PortProxy::writeBlob (this=0x7fffffffc710, addr=4294905828, p=0x7fffffffc75c, size=4) at src/mem/port_proxy.hh:192
192	    writeBlob(Addr addr, const void *p, int size) const
>>> writeBlob call: this=0x7fffffffc710, addr=0xffff0fe4, p=0x7fffffffc75c, size=4
Error in testing breakpoint condition:
No frame is currently executing in block gem5::PortProxy::writeBlob(unsigned long, void const*, int) const.

Breakpoint 1, gem5::PortProxy::writeBlob (this=0x7fffffffc710, addr=4294905832, p=0x7fffffffc75c, size=4) at src/mem/port_proxy.hh:192
192	    writeBlob(Addr addr, const void *p, int size) const
>>> writeBlob call: this=0x7fffffffc710, addr=0xffff0fe8, p=0x7fffffffc75c, size=4
Error in testing breakpoint condition:
No frame is currently executing in block gem5::PortProxy::writeBlob(unsigned long, void const*, int) const.

Breakpoint 1, gem5::PortProxy::writeBlob (this=0x7fffffffc710, addr=4294905836, p=0x7fffffffc75c, size=4) at src/mem/port_proxy.hh:192
192	    writeBlob(Addr addr, const void *p, int size) const
>>> writeBlob call: this=0x7fffffffc710, addr=0xffff0fec, p=0x7fffffffc75c, size=4
Error in testing breakpoint condition:
No frame is currently executing in block gem5::PortProxy::writeBlob(unsigned long, void const*, int) const.

Breakpoint 1, gem5::PortProxy::writeBlob (this=0x7fffffffc710, addr=4294905840, p=0x7fffffffc75c, size=4) at src/mem/port_proxy.hh:192
192	    writeBlob(Addr addr, const void *p, int size) const
>>> writeBlob call: this=0x7fffffffc710, addr=0xffff0ff0, p=0x7fffffffc75c, size=4
Error in testing breakpoint condition:
No frame is currently executing in block gem5::PortProxy::writeBlob(unsigned long, void const*, int) const.

Breakpoint 1, gem5::PortProxy::writeBlob (this=0x7fffffffc710, addr=4294905844, p=0x7fffffffc75c, size=4) at src/mem/port_proxy.hh:192
192	    writeBlob(Addr addr, const void *p, int size) const
>>> writeBlob call: this=0x7fffffffc710, addr=0xffff0ff4, p=0x7fffffffc75c, size=4
Error in testing breakpoint condition:
No frame is currently executing in block gem5::PortProxy::writeBlob(unsigned long, void const*, int) const.

Breakpoint 1, gem5::PortProxy::writeBlob (this=0x7fffffffc710, addr=4294905848, p=0x7fffffffc75c, size=4) at src/mem/port_proxy.hh:192
192	    writeBlob(Addr addr, const void *p, int size) const
>>> writeBlob call: this=0x7fffffffc710, addr=0xffff0ff8, p=0x7fffffffc75c, size=4
Error in testing breakpoint condition:
No frame is currently executing in block gem5::PortProxy::writeBlob(unsigned long, void const*, int) const.

Breakpoint 1, gem5::PortProxy::writeBlob (this=0x7fffffffc710, addr=4294905852, p=0x7fffffffc75c, size=4) at src/mem/port_proxy.hh:192
192	    writeBlob(Addr addr, const void *p, int size) const
>>> writeBlob call: this=0x7fffffffc710, addr=0xffff0ffc, p=0x7fffffffc75c, size=4
Error in testing breakpoint condition:
No frame is currently executing in block gem5::PortProxy::writeBlob(unsigned long, void const*, int) const.

Breakpoint 1, gem5::PortProxy::writeBlob (this=0x7fffffffc710, addr=4294905760, p=0x7fffffffc760, size=8) at src/mem/port_proxy.hh:192
192	    writeBlob(Addr addr, const void *p, int size) const
>>> writeBlob call: this=0x7fffffffc710, addr=0xffff0fa0, p=0x7fffffffc760, size=8
Error in testing breakpoint condition:
No frame is currently executing in block gem5::PortProxy::writeBlob(unsigned long, void const*, int) const.

Breakpoint 1, gem5::PortProxy::writeBlob (this=0x7fffffffc710, addr=4294905792, p=0x7fffffffc770, size=32) at src/mem/port_proxy.hh:192
192	    writeBlob(Addr addr, const void *p, int size) const
>>> writeBlob call: this=0x7fffffffc710, addr=0xffff0fc0, p=0x7fffffffc770, size=32
Error in testing breakpoint condition:
No frame is currently executing in block gem5::PortProxy::writeBlob(unsigned long, void const*, int) const.

Breakpoint 1, gem5::PortProxy::writeBlob (this=0x7fffffffc710, addr=4294905824, p=0x7fffffffc768, size=8) at src/mem/port_proxy.hh:192
192	    writeBlob(Addr addr, const void *p, int size) const
>>> writeBlob call: this=0x7fffffffc710, addr=0xffff0fe0, p=0x7fffffffc768, size=8
Error in testing breakpoint condition:
No frame is currently executing in block gem5::PortProxy::writeBlob(unsigned long, void const*, int) const.

Breakpoint 1, gem5::PortProxy::writeBlob (this=0x7fffffffbcd0, addr=4294905840, p=0x7fffffffbca4, size=4) at src/mem/port_proxy.hh:192
192	    writeBlob(Addr addr, const void *p, int size) const
>>> writeBlob call: this=0x7fffffffbcd0, addr=0xffff0ff0, p=0x7fffffffbca4, size=4
Error in testing breakpoint condition:
No frame is currently executing in block gem5::PortProxy::writeBlob(unsigned long, void const*, int) const.

Breakpoint 1, gem5::PortProxy::writeBlob (this=0x55555b729390, addr=3204447512, p=0x55555bbe8420, size=325) at src/mem/port_proxy.hh:192
192	    writeBlob(Addr addr, const void *p, int size) const
>>> writeBlob call: this=0x55555b729390, addr=0xbefffd18, p=0x55555bbe8420, size=325
Error in testing breakpoint condition:
No frame is currently executing in block gem5::PortProxy::writeBlob(unsigned long, void const*, int) const.

Breakpoint 1, gem5::PortProxy::writeBlob (this=0x55555b729390, addr=3204447892, p=0x55555bc24738, size=8) at src/mem/port_proxy.hh:192
192	    writeBlob(Addr addr, const void *p, int size) const
>>> writeBlob call: this=0x55555b729390, addr=0xbefffe94, p=0x55555bc24738, size=8
Error in testing breakpoint condition:
No frame is currently executing in block gem5::PortProxy::writeBlob(unsigned long, void const*, int) const.

Breakpoint 1, gem5::PortProxy::writeBlob (this=0x7fffffffaae0, addr=3204443680, p=0x55555b2bc000, size=4096) at src/mem/port_proxy.hh:192
192	    writeBlob(Addr addr, const void *p, int size) const
>>> writeBlob call: this=0x7fffffffaae0, addr=0xbeffee20, p=0x55555b2bc000, size=4096
Error in testing breakpoint condition:
No frame is currently executing in block gem5::PortProxy::writeBlob(unsigned long, void const*, int) const.

Breakpoint 1, gem5::PortProxy::writeBlob (this=0x7fffffffbb60, addr=1138620, p=0x55555bc24738, size=4) at src/mem/port_proxy.hh:192
192	    writeBlob(Addr addr, const void *p, int size) const
>>> writeBlob call: this=0x7fffffffbb60, addr=0x115fbc, p=0x55555bc24738, size=4
Error in testing breakpoint condition:
No frame is currently executing in block gem5::PortProxy::writeBlob(unsigned long, void const*, int) const.

Breakpoint 1, gem5::PortProxy::writeBlob (this=0x7fffffffbba0, addr=4891263376650344, p=0x55555bc24740, size=8) at src/mem/port_proxy.hh:192
192	    writeBlob(Addr addr, const void *p, int size) const
>>> writeBlob call: this=0x7fffffffbba0, addr=0x11609400117068, p=0x55555bc24740, size=8
[Inferior 1 (process 390652) exited with code 01]
No symbol "addr" in current context.
